-- phpMyAdmin SQL Dump
-- version 5.1.1
-- https://www.phpmyadmin.net/
--
-- Host: 127.0.0.1
-- Generation Time: Apr 16, 2022 at 06:43 AM
-- Server version: 10.4.22-MariaDB
-- PHP Version: 7.4.27

SET SQL_MODE = "NO_AUTO_VALUE_ON_ZERO";
START TRANSACTION;
SET time_zone = "+00:00";


/*!40101 SET @OLD_CHARACTER_SET_CLIENT=@@CHARACTER_SET_CLIENT */;
/*!40101 SET @OLD_CHARACTER_SET_RESULTS=@@CHARACTER_SET_RESULTS */;
/*!40101 SET @OLD_COLLATION_CONNECTION=@@COLLATION_CONNECTION */;
/*!40101 SET NAMES utf8mb4 */;

--
-- Database: `dbcbtnew`
--

-- --------------------------------------------------------

--
-- Table structure for table `tbbanksoal`
--

CREATE TABLE `tbbanksoal` (
  `idbank` int(11) NOT NULL,
  `nmbank` varchar(50) DEFAULT NULL,
  `idmapel` int(11) DEFAULT NULL,
  `idkelas` int(11) DEFAULT NULL,
  `tglbuat` date NOT NULL,
  `idskul` int(11) DEFAULT NULL,
  `idujian` int(11) DEFAULT NULL,
  `idgtk` int(11) NOT NULL,
  `deleted` enum('0','1') NOT NULL,
  `hal` int(11) NOT NULL
) ENGINE=InnoDB DEFAULT CHARSET=utf8;

--
-- Dumping data for table `tbbanksoal`
--

INSERT INTO `tbbanksoal` (`idbank`, `nmbank`, `idmapel`, `idkelas`, `tglbuat`, `idskul`, `idujian`, `idgtk`, `deleted`, `hal`) VALUES
(1, 'PAIBP309001', 1, 9, '2022-04-06', 1, 3, 2, '0', 1),
(2, 'PPKN309002', 2, 9, '2022-04-07', 1, 3, 13, '0', 35),
(3, 'IPA309003', 5, 9, '2022-04-08', 1, 3, 5, '0', 21),
(4, 'MAT309004', 4, 9, '2022-04-09', 1, 3, 8, '0', 21),
(5, 'BING309005', 7, 9, '2022-04-09', 1, 3, 9, '0', 30),
(6, 'PJOK309006', 9, 9, '2022-04-09', 1, 3, 12, '0', 56),
(7, 'SBD309007', 8, 9, '2022-04-09', 1, 3, 16, '0', 35),
(8, 'PRK309008', 10, 9, '2022-04-09', 1, 3, 18, '0', 34),
(9, 'IPS309009', 6, 9, '2022-04-09', 1, 3, 4, '0', 36),
(10, 'BIND390010', 3, 9, '2022-04-10', 1, 3, 3, '0', 24);

-- --------------------------------------------------------

--
-- Table structure for table `tbgtk`
--

CREATE TABLE `tbgtk` (
  `idgtk` int(11) NOT NULL,
  `nama` varchar(250) NOT NULL,
  `nip` varchar(30) NOT NULL,
  `nik` char(20) DEFAULT NULL,
  `kepeg` enum('1','2','3') NOT NULL,
  `jbtdinas` enum('1','2','3','4') NOT NULL,
  `tmplahir` varchar(200) NOT NULL,
  `tgllahir` date NOT NULL,
  `agama` char(1) NOT NULL,
  `gender` enum('L','P') NOT NULL,
  `alamat` mediumtext NOT NULL,
  `desa` varchar(50) NOT NULL,
  `kec` varchar(50) NOT NULL,
  `kab` varchar(50) NOT NULL,
  `prov` varchar(50) NOT NULL,
  `kdpos` char(5) NOT NULL,
  `nohp` char(15) NOT NULL,
  `email` varchar(100) NOT NULL,
  `foto` varchar(50) DEFAULT NULL,
  `ttd` varchar(255) DEFAULT NULL,
  `idskul` int(11) NOT NULL,
  `deleted` enum('0','1') DEFAULT NULL,
  `username` char(20) DEFAULT NULL
) ENGINE=InnoDB DEFAULT CHARSET=utf8;

--
-- Dumping data for table `tbgtk`
--

INSERT INTO `tbgtk` (`idgtk`, `nama`, `nip`, `nik`, `kepeg`, `jbtdinas`, `tmplahir`, `tgllahir`, `agama`, `gender`, `alamat`, `desa`, `kec`, `kab`, `prov`, `kdpos`, `nohp`, `email`, `foto`, `ttd`, `idskul`, `deleted`, `username`) VALUES
(1, 'Muhamad, S.Pt', '197407302007011003', '150806307740001', '1', '1', 'Batanghari', '1974-07-30', 'A', 'L', 'Komplek Pasar Kuamang Kuning X', 'Mulya Bhakti', 'Pelepat', 'Bungo', 'Jambi', '37252', '083', 'abimuhamad8@gmail.com', '6240ebb4314e9.jpg', '6240ebb433511.png', 1, '0', 'G1004003600018'),
(2, 'Ali Mudhofir, S.Ag.', '197708302014071001', '1508093008770001', '1', '2', 'Banyuwangi', '1977-08-30', 'A', 'L', 'Jalan Batanghari', 'Purwasari', 'Pelepat Ilir', 'Bungo', 'Jambi', '37252', '0813', 'alimudhofir8@gmail.com', '62406d9c92585.jpg', '62406d9c92ac8.png', 1, '0', 'G1004003600027'),
(3, 'Hot Ranjo Siburian, S.Pd.', '196503011984121001', '', '1', '1', 'Lumban Sialaman', '1965-03-01', 'B', 'L', 'Jalan Taman Siswa', 'Manggis', 'Bathin III', 'Bungo', 'Jambi', '37261', '', '', 'da39a3ee5e6b4b0d3255bfef95601890afd80709.jpg', '', 1, '0', 'G1004003600036'),
(4, 'Rina Effrina, S.Pd.', '198205132006042011', '', '1', '1', 'Sarolangun', '1982-05-13', 'A', 'P', 'Jalan Singasari', 'Lembah Kuamang', 'Pelepat Ilir', 'Bungo', 'Jambi', '37252', '', 'rina.effrina@gmail.com', '6241187456925.jpg', '6241187456c14.png', 1, '0', 'G1004003600045'),
(5, 'Jubaidah Nurhasanah, S.Pt.', '197505042014072001', '', '1', '1', 'Cipaku', '1975-05-04', 'A', 'P', 'Komplek Pasar Kuamang Kuning X', 'Mulia Bhakti', 'Pelepat', 'Bungo', 'Jambi', '37252', '', '', '6240fc524f919.jpg', '6240fc524fcf3.png', 1, '0', 'G1004003600054'),
(6, 'Umi Munzidah, S.Pd.I', '198001012014072001', '', '1', '1', 'Jombang', '1980-01-01', 'A', 'P', 'Jalan Kusuma', 'Mulia Bhakti', 'Pelepat', 'Bungo', 'Jambi', '37252', '', '', 'da39a3ee5e6b4b0d3255bfef95601890afd80709.jpg', '', 1, '0', 'G1004003600063'),
(7, 'Triyadi Susanto, S.Pd.', '198412312014071003', '', '1', '1', 'Banyuwangi', '1984-12-31', 'A', 'L', 'Jalan Singasari', 'Lembah Kuamang', 'Pelepat Ilir', 'Bungo', 'Jambi', '37252', '', '', '', '', 1, '0', 'G1004003600072'),
(8, 'Ida Susanti, S.Pd.', '198312252019042001', '', '1', '3', 'Kediri', '1983-12-25', 'A', 'P', 'Jalan Lumba-lumba', 'Muara Delang', 'Tabir Selatan', 'Merangin', 'Jambi', '', '', '', '', '6240f45697b7e.png', 1, '0', 'G1004003600089'),
(9, 'Leni Eflin Juniwati, S.Pd.', '198704042019042001', '', '1', '3', 'Muara Madras', '1987-04-04', 'A', 'P', 'Jalan Lintas', 'Teluk Kecimbung', '', 'Sarolangun', 'Jambi', '', '', '', '', '6241186012840.png', 1, '0', 'G1004003600098'),
(10, 'Sriulina Siahaan, S.Pd.I', 'Non PNS', '', '1', '1', 'Aek Botik', '1986-11-16', 'A', 'P', 'Jalan Tembesu', 'Mulya Jaya', 'Pelepat', 'Bungo', 'Jambi', '37252', '', '', '6240edeb212c7.jpg', '6240edeb2171e.png', 1, '0', 'G1004003600107'),
(11, 'Andri Setiawan, S.Pd.', 'Non PNS', '', '1', '1', 'Mulia Bhakti', '1988-09-01', 'A', 'L', 'Jalan Makarti', 'Mulia Bhakti', 'Pelepat', 'Bungo', 'Jambi', '37252', '', '', '', '6240fdb4c801b.png', 1, '0', 'G1004003600116'),
(12, 'Iskandar Dinata, S.Pd.', 'Non PNS', '', '1', '1', 'Sungai Duren', '1987-01-07', 'A', 'L', 'Jalan Bhakti Husada', 'Mulia Bhakti', '', '', '', '', '', '', '', '', 1, '0', 'G1004003600125'),
(13, 'Teguh Pribadi, S.Pd', 'Non PNS', '', '1', '1', 'Mulia Bhakti', '1988-03-08', 'A', 'L', 'Jalan Ekatama', '', '', '', '', '', '', '', '', '', 1, '0', 'G1004003600134'),
(14, 'Titin Rohayati, S.Pd.', 'Non PNS', '', '1', '1', 'Mulia Bhakti', '1993-02-23', 'A', 'P', '', '', '', '', '', '', '', '', '', '', 1, '1', 'G1004003600143'),
(15, 'Marhaley Umanatun Isnaini, S.Pd.', 'Non PNS', '', '1', '1', 'Mulia Bhakti', '1992-03-01', 'A', 'P', 'Jalan Bhakti Husada', 'Mulia Bhakti', 'Pelepat', 'Bungo', 'Jambi', '', '', '', '', '', 1, '0', 'G1004003600152'),
(16, 'Aris Qiani Khorina, S.Psi.', 'Non PNS', '', '1', '1', 'Mulia Bhakti', '1995-04-01', 'A', 'P', 'Jalan Kusuma', 'Mulia Bhakti', 'Pelepat', 'Bungo', 'Jambi', '37252', '', '', '', '', 1, '0', 'G1004003600169'),
(17, 'Kasworo Wardani', 'Non PNS', '', '1', '1', 'Purwasari', '1984-06-02', 'A', 'L', 'Jalan Setia Bhakti RT 05', 'Mulya Bakti', 'Pelepat', 'Bungo', 'Jambi', '37252', '08136940047', '', '4e7afebcfbae000b22c7c85e5560f89a2a0280b4.jpg', '', 1, '1', 'G1004003600178'),
(18, 'Eis Ratna Sari', 'Non PNS', '', '2', '3', 'Mulia Bhakti', '1997-11-24', 'A', 'P', 'Jalan Kusuma', 'Mulia Bhakti', 'Pelepat', 'Bungo', 'Jambi', '37252', '', 'ratnasarieis97@gmail.com', '', '', 1, '0', 'G1004003600169');

-- --------------------------------------------------------

--
-- Table structure for table `tbheaderopsi`
--

CREATE TABLE `tbheaderopsi` (
  `idheader` int(11) NOT NULL,
  `idbutir` int(11) NOT NULL,
  `header1` varchar(250) NOT NULL,
  `header2` varchar(250) NOT NULL
) ENGINE=InnoDB DEFAULT CHARSET=utf8;

-- --------------------------------------------------------

--
-- Table structure for table `tbjadwal`
--

CREATE TABLE `tbjadwal` (
  `idjadwal` int(11) NOT NULL,
  `idujian` int(11) NOT NULL,
  `kdjadwal` varchar(50) NOT NULL,
  `matauji` varchar(50) NOT NULL,
  `tglujian` date NOT NULL,
  `durasi` int(11) NOT NULL,
  `mulai` time NOT NULL,
  `lambat` enum('0','1') NOT NULL,
  `susulan` enum('0','1') DEFAULT NULL
) ENGINE=InnoDB DEFAULT CHARSET=utf8;

--
-- Dumping data for table `tbjadwal`
--

INSERT INTO `tbjadwal` (`idjadwal`, `idujian`, `kdjadwal`, `matauji`, `tglujian`, `durasi`, `mulai`, `lambat`, `susulan`) VALUES
(1, 2, 'PTS20212001', 'Bahasa Inggris', '2022-03-14', 75, '07:30:00', '0', '0'),
(2, 2, 'PTS20212002', 'P P K n', '2022-03-14', 75, '09:30:00', '0', '0'),
(3, 2, 'PTS20212003', 'I P A', '2022-03-15', 75, '07:30:00', '0', '0'),
(4, 2, 'PTS20212004', 'Pendidikan Agama dan Budi Pekerti', '2022-03-15', 75, '09:30:00', '0', '0'),
(5, 2, 'PTS20212005', 'Matematika', '2022-03-16', 75, '07:30:00', '0', '0'),
(6, 2, 'PTS20212006', 'I P S', '2022-03-16', 75, '09:30:00', '0', '0'),
(7, 2, 'PTS20212007', 'Bahasa Indonesia', '2022-03-17', 75, '07:30:00', '0', '0'),
(8, 2, 'PTS20212008', 'Seni Budaya', '2022-03-17', 75, '19:15:00', '0', '0'),
(9, 2, 'PTS20212009', 'Pendidikan Jasmani', '2022-03-18', 75, '07:30:00', '0', '0'),
(10, 2, 'PTS20212010', 'Prakarya', '2022-03-25', 75, '06:40:00', '0', '0'),
(12, 3, 'UAS20212001', 'Bahasa Indonesia', '2022-04-15', 90, '09:10:00', '0', '0'),
(13, 3, 'UAS20212002', 'Pendidikan Agama dan Budi Pekerti', '2022-04-14', 90, '10:00:00', '0', '0'),
(14, 3, 'UAS20212003', 'Matematika', '2022-04-18', 90, '08:00:00', '0', '0'),
(15, 3, 'UAS20212004', 'Pendidikan Pancasila dan Kewarganegaraan', '2022-04-18', 90, '10:00:00', '0', '0'),
(16, 3, 'UAS20212005', 'Bahasa Inggris', '2022-04-19', 90, '08:00:00', '0', '0'),
(17, 3, 'UAS20212006', 'Ilmu Pengetahuan Sosial', '2022-04-19', 90, '10:00:00', '0', '0'),
(18, 3, 'UAS20212007', 'Ilmu Pengetahuan Alam', '2022-04-20', 90, '08:00:00', '0', '0'),
(19, 3, 'UAS20212008', 'Seni Budaya', '2022-04-20', 90, '10:00:00', '0', '0'),
(20, 3, 'UAS20212009', 'Pendidikan Jasmani Olahraga dan Kesehatan', '2022-04-21', 90, '08:00:00', '0', '0'),
(21, 3, 'UAS20212010', 'Prakarya', '2022-04-21', 90, '10:00:00', '0', '0');

-- --------------------------------------------------------

--
-- Table structure for table `tbjawaban`
--

CREATE TABLE `tbjawaban` (
  `idjwb` int(11) NOT NULL,
  `idset` int(11) NOT NULL,
  `idsiswa` int(11) NOT NULL,
  `idbutir` int(11) NOT NULL,
  `viewopsi` mediumtext DEFAULT NULL,
  `viewopsialt` mediumtext DEFAULT NULL,
  `jwbbenar` mediumtext DEFAULT NULL,
  `jwbsalah` mediumtext DEFAULT NULL,
  `huruf` varchar(255) DEFAULT NULL,
  `logjawab` datetime NOT NULL DEFAULT current_timestamp(),
  `skor` float DEFAULT NULL
) ENGINE=InnoDB DEFAULT CHARSET=utf8;

-- --------------------------------------------------------

--
-- Table structure for table `tbjenjang`
--

CREATE TABLE `tbjenjang` (
  `idjenjang` int(11) NOT NULL,
  `akjenjang` char(3) NOT NULL,
  `nmjenjang` varchar(50) NOT NULL
) ENGINE=InnoDB DEFAULT CHARSET=utf8;

--
-- Dumping data for table `tbjenjang`
--

INSERT INTO `tbjenjang` (`idjenjang`, `akjenjang`, `nmjenjang`) VALUES
(1, 'SD', 'SD/MI Sederajat'),
(2, 'SMP', 'SMP/MTs Sederajat'),
(3, 'SMA', 'SMA/MA Sederajat'),
(4, 'SMK', 'SMK/MAK Sederajat');

-- --------------------------------------------------------

--
-- Table structure for table `tbkelas`
--

CREATE TABLE `tbkelas` (
  `idkelas` int(11) NOT NULL,
  `nmkelas` varchar(30) NOT NULL,
  `idjenjang` int(11) NOT NULL
) ENGINE=InnoDB DEFAULT CHARSET=utf8;

--
-- Dumping data for table `tbkelas`
--

INSERT INTO `tbkelas` (`idkelas`, `nmkelas`, `idjenjang`) VALUES
(1, 'Kelas 1', 1),
(2, 'Kelas 2', 1),
(3, 'Kelas 3', 1),
(4, 'Kelas 4', 1),
(5, 'Kelas 5', 1),
(6, 'Kelas 6', 1),
(7, 'Kelas 7', 2),
(8, 'Kelas 8', 2),
(9, 'Kelas 9', 2),
(10, 'Kelas 10', 3),
(11, 'Kelas 11', 3),
(12, 'Kelas 12', 3),
(13, 'Kelas 10', 4),
(14, 'Kelas 11', 4),
(15, 'Kelas 12', 4);

-- --------------------------------------------------------

--
-- Table structure for table `tbkkm`
--

CREATE TABLE `tbkkm` (
  `idkkm` int(11) NOT NULL,
  `idthpel` int(11) NOT NULL,
  `idkelas` int(11) NOT NULL,
  `idmapel` int(11) NOT NULL,
  `kkm` int(11) NOT NULL
) ENGINE=InnoDB DEFAULT CHARSET=utf8;

--
-- Dumping data for table `tbkkm`
--

INSERT INTO `tbkkm` (`idkkm`, `idthpel`, `idkelas`, `idmapel`, `kkm`) VALUES
(1, 1, 7, 1, 71),
(2, 1, 8, 1, 72),
(3, 1, 9, 1, 73),
(4, 1, 7, 2, 71),
(5, 1, 8, 2, 72),
(6, 1, 9, 2, 73),
(7, 1, 7, 3, 71),
(8, 1, 8, 3, 72),
(9, 1, 9, 3, 73),
(10, 1, 7, 4, 70),
(11, 1, 8, 4, 70),
(12, 1, 9, 4, 72),
(13, 1, 7, 5, 70),
(14, 1, 8, 5, 70),
(15, 1, 9, 5, 72),
(16, 1, 7, 6, 71),
(17, 1, 8, 6, 72),
(18, 1, 9, 6, 73),
(19, 1, 7, 7, 70),
(20, 1, 8, 7, 70),
(21, 1, 9, 7, 72),
(22, 1, 7, 8, 71),
(23, 1, 8, 8, 72),
(24, 1, 9, 8, 73),
(25, 1, 7, 9, 71),
(26, 1, 8, 9, 72),
(27, 1, 9, 9, 73),
(28, 1, 7, 10, 71),
(29, 1, 8, 10, 72),
(30, 1, 9, 10, 73);

-- --------------------------------------------------------

--
-- Table structure for table `tbkurikulum`
--

CREATE TABLE `tbkurikulum` (
  `idkur` int(11) NOT NULL,
  `akkur` char(5) NOT NULL,
  `nmkur` varchar(50) NOT NULL,
  `aktif` enum('1','0') NOT NULL
) ENGINE=InnoDB DEFAULT CHARSET=utf8;

--
-- Dumping data for table `tbkurikulum`
--

INSERT INTO `tbkurikulum` (`idkur`, `akkur`, `nmkur`, `aktif`) VALUES
(1, '2006', 'Kurikulum 2006', '1'),
(2, '2013', 'Kurikulum 2013', '1');

-- --------------------------------------------------------

--
-- Table structure for table `tblogpeserta`
--

CREATE TABLE `tblogpeserta` (
  `idlogpst` int(11) NOT NULL,
  `idsiswa` int(11) NOT NULL,
  `idjadwal` int(11) NOT NULL,
  `logmulai` datetime NOT NULL DEFAULT current_timestamp(),
  `logakhir` datetime NOT NULL DEFAULT current_timestamp(),
  `hal` int(11) NOT NULL,
  `sisawaktu` int(11) NOT NULL,
  `status` enum('0','1') CHARACTER SET utf8mb4 NOT NULL,
  `ip` varchar(50) CHARACTER SET utf8mb4 NOT NULL
) ENGINE=InnoDB DEFAULT CHARSET=utf8;

--
-- Dumping data for table `tblogpeserta`
--

INSERT INTO `tblogpeserta` (`idlogpst`, `idsiswa`, `idjadwal`, `logmulai`, `logakhir`, `hal`, `sisawaktu`, `status`, `ip`) VALUES
(1, 137, 12, '2022-04-15 21:04:57', '2022-04-15 21:04:57', 30, 0, '0', '192.168.1.5'),
(2, 45, 12, '2022-04-15 21:04:57', '2022-04-15 21:04:57', 21, 3600, '0', '192.168.1.5'),
(3, 80, 12, '2022-04-15 21:04:57', '2022-04-15 21:04:57', 1, 3600, '0', '::1'),
(4, 52, 12, '2022-04-15 21:04:57', '2022-04-15 21:04:57', 5, 3600, '0', '192.168.1.5'),
(5, 95, 12, '2022-04-15 21:04:57', '2022-04-15 21:04:57', 17, 3600, '0', '192.168.1.5'),
(6, 172, 12, '2022-04-15 21:04:57', '2022-04-15 21:04:57', 30, 3600, '0', '192.168.1.5'),
(7, 12, 12, '2022-04-15 21:04:57', '2022-04-15 21:04:57', 1, 3600, '0', '::1');

-- --------------------------------------------------------

--
-- Table structure for table `tbmapel`
--

CREATE TABLE `tbmapel` (
  `idmapel` int(11) NOT NULL,
  `idkur` int(11) NOT NULL,
  `akmapel` char(5) NOT NULL,
  `nmmapel` varchar(50) NOT NULL,
  `jenis` enum('0','1','2') NOT NULL
) ENGINE=InnoDB DEFAULT CHARSET=utf8;

--
-- Dumping data for table `tbmapel`
--

INSERT INTO `tbmapel` (`idmapel`, `idkur`, `akmapel`, `nmmapel`, `jenis`) VALUES
(1, 2, 'PAIBP', 'Pendidikan Agama dan Budi Pekerti', '1'),
(2, 2, 'PPKn', 'Pendidikan Pancasila dan Kewarganegaraan', '0'),
(3, 2, 'BIND', 'Bahasa Indonesia', '0'),
(4, 2, 'MAT', 'Matematika', '0'),
(5, 2, 'IPA', 'Ilmu Pengetahuan Alam', '0'),
(6, 2, 'IPS', 'Ilmu Pengetahuan Sosial', '0'),
(7, 2, 'BING', 'Bahasa Inggris', '0'),
(8, 2, 'SBD', 'Seni Budaya', '0'),
(9, 2, 'PJOK', 'Pendidikan Jasmani, Olahraga dan Kesehatan', '0'),
(10, 2, 'PRK', 'Prakarya', '0');

-- --------------------------------------------------------

--
-- Table structure for table `tbmatching`
--

CREATE TABLE `tbmatching` (
  `idmatch` int(11) NOT NULL,
  `idsiswa` int(11) NOT NULL,
  `idbutir` int(11) NOT NULL,
  `idopsi` int(11) NOT NULL,
  `jawaban` int(11) NOT NULL DEFAULT 0,
  `dari` char(1) DEFAULT NULL,
  `huruf` char(1) DEFAULT NULL,
  `skor` int(11) DEFAULT NULL,
  `logjawab` datetime DEFAULT NULL
) ENGINE=InnoDB DEFAULT CHARSET=utf8;

--
-- Dumping data for table `tbmatching`
--

INSERT INTO `tbmatching` (`idmatch`, `idsiswa`, `idbutir`, `idopsi`, `jawaban`, `dari`, `huruf`, `skor`, `logjawab`) VALUES
(1, 137, 211, 836, 1, NULL, '', 1, '2022-04-12 21:22:32'),
(2, 137, 211, 839, 1, NULL, '', 1, '2022-04-12 21:22:37'),
(3, 137, 211, 837, 0, NULL, '', 1, '2022-04-12 21:22:39'),
(4, 137, 211, 840, 0, NULL, '', 1, '2022-04-12 21:22:45'),
(5, 137, 211, 838, 1, NULL, '', 1, '2022-04-12 21:22:51'),
(6, 137, 206, 816, 1, NULL, '', 1, '2022-04-12 21:36:10'),
(7, 137, 206, 814, 1, NULL, '', 1, '2022-04-12 21:36:15'),
(8, 137, 206, 817, 0, NULL, '', 1, '2022-04-12 21:36:20'),
(9, 137, 206, 815, 1, NULL, '', 1, '2022-04-12 21:36:23'),
(10, 45, 211, 839, 1, NULL, '', 1, '2022-04-12 22:01:57'),
(11, 45, 211, 838, 1, NULL, '', 1, '2022-04-12 22:02:01'),
(12, 45, 211, 837, 0, NULL, '', 1, '2022-04-12 22:02:02'),
(13, 45, 211, 840, 0, NULL, '', 1, '2022-04-12 22:02:06'),
(14, 45, 211, 836, 1, NULL, '', 1, '2022-04-12 22:02:10'),
(15, 172, 211, 838, 1, NULL, '', 1, '2022-04-15 09:20:13'),
(16, 172, 211, 840, 0, NULL, '', 1, '2022-04-15 09:20:15'),
(17, 172, 211, 836, 1, NULL, '', 1, '2022-04-15 09:20:17'),
(18, 172, 211, 839, 1, NULL, '', 1, '2022-04-15 09:20:18'),
(19, 172, 211, 837, 0, NULL, '', 1, '2022-04-15 09:20:20'),
(20, 172, 206, 815, 1, NULL, '', 1, '2022-04-15 10:27:30'),
(21, 172, 206, 816, 1, NULL, '', 1, '2022-04-15 10:27:34'),
(22, 172, 206, 814, 1, NULL, '', 1, '2022-04-15 10:27:37'),
(23, 172, 206, 817, 0, NULL, '', 1, '2022-04-15 10:27:44');

-- --------------------------------------------------------

--
-- Table structure for table `tbnilai`
--

CREATE TABLE `tbnilai` (
  `idnilai` int(11) NOT NULL,
  `idmapel` int(11) DEFAULT NULL,
  `idujian` int(11) NOT NULL,
  `idsiswa` int(11) NOT NULL,
  `jmlsoal` int(11) NOT NULL,
  `benar` float NOT NULL,
  `salah` float NOT NULL,
  `nilai` float NOT NULL
) ENGINE=InnoDB DEFAULT CHARSET=utf8;

--
-- Dumping data for table `tbnilai`
--

INSERT INTO `tbnilai` (`idnilai`, `idmapel`, `idujian`, `idsiswa`, `jmlsoal`, `benar`, `salah`, `nilai`) VALUES
(126, 2, 2, 10, 25, 18, 7, 72),
(127, 2, 2, 12, 25, 13, 12, 52),
(128, 2, 2, 29, 25, 16, 9, 64),
(129, 2, 2, 30, 25, 20, 5, 80),
(130, 2, 2, 33, 25, 17, 8, 68),
(131, 2, 2, 39, 25, 19, 6, 76),
(132, 2, 2, 40, 25, 22, 3, 88),
(133, 2, 2, 41, 25, 22, 3, 88),
(134, 2, 2, 48, 25, 22, 3, 88),
(135, 2, 2, 51, 25, 20, 5, 80),
(136, 2, 2, 52, 25, 10, 15, 40),
(137, 2, 2, 54, 25, 24, 1, 96),
(138, 2, 2, 73, 25, 21, 4, 84),
(139, 2, 2, 84, 25, 18, 7, 72),
(140, 2, 2, 87, 25, 20, 5, 80),
(141, 2, 2, 107, 25, 22, 3, 88),
(142, 2, 2, 113, 25, 21, 4, 84),
(143, 2, 2, 130, 25, 19, 6, 76),
(144, 2, 2, 133, 25, 20, 5, 80),
(145, 2, 2, 136, 25, 22, 3, 88),
(146, 2, 2, 137, 25, 23, 2, 92),
(147, 2, 2, 138, 25, 22, 3, 88),
(148, 2, 2, 146, 25, 19, 6, 76),
(149, 2, 2, 148, 25, 20, 5, 80),
(150, 2, 2, 151, 25, 20, 5, 80),
(151, 2, 2, 153, 25, 16, 9, 64),
(152, 2, 2, 155, 25, 20, 5, 80),
(153, 2, 2, 162, 25, 21, 4, 84),
(154, 2, 2, 169, 25, 23, 2, 92),
(155, 2, 2, 172, 25, 23, 2, 92),
(156, 2, 2, 173, 25, 17, 8, 68),
(157, 2, 2, 177, 25, 24, 1, 96),
(158, 2, 2, 6, 100, 23, 77, 23),
(159, 2, 2, 26, 100, 18, 82, 18),
(160, 2, 2, 34, 100, 17, 83, 17),
(161, 2, 2, 38, 25, 22, 3, 88),
(162, 2, 2, 43, 25, 16, 9, 64),
(163, 2, 2, 45, 25, 22, 3, 88),
(164, 2, 2, 50, 25, 17, 8, 68),
(165, 2, 2, 55, 25, 23, 2, 92),
(166, 2, 2, 59, 25, 21, 4, 84),
(167, 2, 2, 63, 25, 20, 5, 80),
(168, 2, 2, 68, 25, 20, 5, 80),
(169, 2, 2, 79, 25, 16, 9, 64),
(170, 2, 2, 80, 25, 21, 4, 84),
(171, 2, 2, 85, 25, 15, 10, 60),
(172, 2, 2, 86, 25, 20, 5, 80),
(173, 2, 2, 94, 25, 19, 6, 76),
(174, 2, 2, 95, 25, 17, 8, 68),
(175, 2, 2, 101, 25, 20, 5, 80),
(176, 2, 2, 102, 25, 20, 5, 80),
(177, 2, 2, 115, 25, 21, 4, 84),
(178, 2, 2, 125, 25, 16, 9, 64),
(179, 2, 2, 134, 25, 20, 5, 80),
(180, 2, 2, 135, 25, 21, 4, 84),
(181, 2, 2, 142, 25, 16, 9, 64),
(182, 2, 2, 152, 25, 23, 2, 92),
(183, 2, 2, 160, 25, 22, 3, 88),
(184, 2, 2, 164, 25, 22, 3, 88),
(185, 2, 2, 171, 25, 23, 2, 92),
(186, 2, 2, 179, 25, 22, 3, 88),
(187, 3, 2, 5, 25, 11, 14, 44),
(188, 3, 2, 8, 25, 10, 15, 40),
(189, 3, 2, 11, 25, 9, 16, 36),
(190, 3, 2, 14, 25, 22, 3, 88),
(191, 3, 2, 17, 25, 18, 7, 72),
(192, 3, 2, 22, 25, 18, 7, 72),
(193, 3, 2, 24, 25, 17, 8, 68),
(194, 3, 2, 35, 25, 13, 12, 52),
(195, 3, 2, 44, 25, 12, 13, 48),
(196, 3, 2, 58, 25, 17, 8, 68),
(197, 3, 2, 61, 25, 13, 12, 52),
(198, 3, 2, 64, 25, 7, 18, 28),
(199, 3, 2, 74, 25, 19, 6, 76),
(200, 3, 2, 82, 25, 12, 13, 48),
(201, 3, 2, 83, 25, 13, 12, 52),
(202, 3, 2, 92, 25, 13, 12, 52),
(203, 3, 2, 96, 25, 7, 18, 28),
(204, 3, 2, 97, 25, 20, 5, 80),
(205, 3, 2, 99, 25, 14, 11, 56),
(206, 3, 2, 108, 25, 16, 9, 64),
(207, 3, 2, 112, 25, 14, 11, 56),
(208, 3, 2, 117, 25, 11, 14, 44),
(209, 3, 2, 118, 25, 14, 11, 56),
(210, 3, 2, 121, 25, 15, 10, 60),
(211, 3, 2, 129, 25, 12, 13, 48),
(212, 3, 2, 140, 25, 10, 15, 40),
(213, 3, 2, 170, 25, 10, 15, 40),
(214, 3, 2, 1, 26, 15, 11, 57.6923),
(215, 3, 2, 7, 26, 23, 3, 88.4615),
(216, 3, 2, 9, 26, 12, 14, 46.1538),
(217, 3, 2, 13, 26, 22, 4, 84.6154),
(218, 3, 2, 16, 26, 15, 11, 57.6923),
(219, 3, 2, 18, 26, 20, 6, 76.9231),
(220, 3, 2, 23, 26, 23, 3, 88.4615),
(221, 3, 2, 25, 26, 21, 5, 80.7692),
(222, 3, 2, 36, 26, 17, 9, 65.3846),
(223, 3, 2, 53, 26, 14, 12, 53.8462),
(224, 3, 2, 56, 26, 13, 13, 50),
(225, 3, 2, 57, 26, 11, 15, 42.3077),
(226, 3, 2, 60, 26, 11, 15, 42.3077),
(227, 3, 2, 62, 26, 14, 12, 53.8462),
(228, 3, 2, 77, 26, 10, 16, 38.4615),
(229, 3, 2, 81, 26, 11, 15, 42.3077),
(230, 3, 2, 88, 26, 19, 7, 73.0769),
(231, 3, 2, 104, 26, 15, 11, 57.6923),
(232, 3, 2, 110, 26, 21, 5, 80.7692),
(233, 3, 2, 116, 26, 16, 10, 61.5385),
(234, 3, 2, 120, 26, 23, 3, 88.4615),
(235, 3, 2, 124, 26, 19, 7, 73.0769),
(236, 3, 2, 128, 26, 15, 11, 57.6923),
(237, 3, 2, 145, 26, 15, 11, 57.6923),
(238, 3, 2, 149, 26, 20, 6, 76.9231),
(239, 3, 2, 161, 26, 15, 11, 57.6923),
(240, 3, 2, 10, 24, 21, 3, 87.5),
(241, 3, 2, 12, 24, 10, 14, 41.6667),
(242, 3, 2, 29, 24, 13, 11, 54.1667),
(243, 3, 2, 30, 24, 15, 9, 62.5),
(244, 3, 2, 33, 24, 20, 4, 83.3333),
(245, 3, 2, 39, 24, 20, 4, 83.3333),
(246, 3, 2, 40, 24, 21, 3, 87.5),
(247, 3, 2, 41, 24, 21, 3, 87.5),
(248, 3, 2, 48, 24, 21, 3, 87.5),
(249, 3, 2, 51, 24, 17, 7, 70.8333),
(250, 3, 2, 52, 24, 12, 12, 50),
(251, 3, 2, 54, 24, 21, 3, 87.5),
(252, 3, 2, 73, 24, 17, 7, 70.8333),
(253, 3, 2, 84, 24, 16, 8, 66.6667),
(254, 3, 2, 87, 24, 21, 3, 87.5),
(255, 3, 2, 107, 24, 19, 5, 79.1667),
(256, 3, 2, 113, 24, 20, 4, 83.3333),
(257, 3, 2, 130, 24, 17, 7, 70.8333),
(258, 3, 2, 133, 24, 21, 3, 87.5),
(259, 3, 2, 136, 24, 18, 6, 75),
(260, 3, 2, 137, 24, 18, 6, 75),
(261, 3, 2, 138, 24, 21, 3, 87.5),
(262, 3, 2, 146, 24, 20, 4, 83.3333),
(263, 3, 2, 148, 24, 18, 6, 75),
(264, 3, 2, 151, 24, 15, 9, 62.5),
(265, 3, 2, 153, 24, 12, 12, 50),
(266, 3, 2, 155, 24, 15, 9, 62.5),
(267, 3, 2, 162, 24, 18, 6, 75),
(268, 3, 2, 169, 24, 19, 5, 79.1667),
(269, 3, 2, 172, 24, 20, 4, 83.3333),
(270, 3, 2, 173, 24, 19, 5, 79.1667),
(271, 3, 2, 177, 24, 19, 5, 79.1667),
(272, 3, 2, 6, 24, 20, 4, 83.3333),
(273, 3, 2, 26, 24, 18, 6, 75),
(274, 3, 2, 34, 24, 17, 7, 70.8333),
(275, 3, 2, 38, 24, 20, 4, 83.3333),
(276, 3, 2, 43, 24, 19, 5, 79.1667),
(277, 3, 2, 45, 24, 17, 7, 70.8333),
(278, 3, 2, 50, 24, 18, 6, 75),
(279, 3, 2, 55, 24, 20, 4, 83.3333),
(280, 3, 2, 59, 24, 19, 5, 79.1667),
(281, 3, 2, 63, 24, 16, 8, 66.6667),
(282, 3, 2, 68, 24, 18, 6, 75),
(283, 3, 2, 79, 24, 12, 12, 50),
(284, 3, 2, 80, 24, 15, 9, 62.5),
(285, 3, 2, 85, 24, 18, 6, 75),
(286, 3, 2, 86, 24, 17, 7, 70.8333),
(287, 3, 2, 94, 24, 13, 11, 54.1667),
(288, 3, 2, 95, 24, 18, 6, 75),
(289, 3, 2, 101, 24, 17, 7, 70.8333),
(290, 3, 2, 102, 24, 18, 6, 75),
(291, 3, 2, 115, 24, 19, 5, 79.1667),
(292, 3, 2, 125, 24, 15, 9, 62.5),
(293, 3, 2, 134, 24, 19, 5, 79.1667),
(294, 3, 2, 135, 24, 22, 2, 91.6667),
(295, 3, 2, 142, 24, 16, 8, 66.6667),
(296, 3, 2, 152, 24, 19, 5, 79.1667),
(297, 3, 2, 160, 24, 20, 4, 83.3333),
(298, 3, 2, 164, 24, 16, 8, 66.6667),
(299, 3, 2, 165, 24, 11, 13, 45.8333),
(300, 3, 2, 171, 24, 16, 8, 66.6667),
(301, 3, 2, 179, 24, 17, 7, 70.8333),
(302, 5, 2, 5, 34, 17, 17, 50),
(303, 5, 2, 8, 34, 16, 18, 47.0588),
(304, 5, 2, 11, 34, 16, 18, 47.0588),
(305, 5, 2, 14, 34, 28, 6, 82.3529),
(306, 5, 2, 17, 34, 26, 8, 76.4706),
(307, 5, 2, 22, 34, 24, 10, 70.5882),
(308, 5, 2, 24, 34, 14, 20, 41.1765),
(309, 5, 2, 35, 34, 13, 21, 38.2353),
(310, 5, 2, 44, 34, 16, 18, 47.0588),
(311, 5, 2, 58, 34, 18, 16, 52.9412),
(312, 5, 2, 61, 34, 10, 24, 29.4118),
(313, 5, 2, 64, 34, 16, 18, 47.0588),
(314, 5, 2, 74, 34, 18, 16, 52.9412),
(315, 5, 2, 82, 34, 14, 20, 41.1765),
(316, 5, 2, 83, 34, 10, 24, 29.4118),
(317, 5, 2, 92, 34, 15, 19, 44.1176),
(318, 5, 2, 96, 34, 12, 22, 35.2941),
(319, 5, 2, 97, 34, 26, 8, 76.4706),
(320, 5, 2, 99, 34, 12, 22, 35.2941),
(321, 5, 2, 108, 34, 20, 14, 58.8235),
(322, 5, 2, 112, 34, 24, 10, 70.5882),
(323, 5, 2, 117, 34, 15, 19, 44.1176),
(324, 5, 2, 118, 34, 26, 8, 76.4706),
(325, 5, 2, 121, 34, 25, 9, 73.5294),
(326, 5, 2, 129, 34, 12, 22, 35.2941),
(327, 5, 2, 140, 34, 10, 24, 29.4118),
(328, 5, 2, 170, 34, 26, 8, 76.4706),
(329, 5, 2, 1, 34, 13, 21, 38.2353),
(330, 5, 2, 7, 34, 20, 14, 58.8235),
(331, 5, 2, 9, 34, 14, 20, 41.1765),
(332, 5, 2, 13, 34, 15, 19, 44.1176),
(333, 5, 2, 16, 34, 20, 14, 58.8235),
(334, 5, 2, 18, 34, 27, 7, 79.4118),
(335, 5, 2, 23, 34, 22, 12, 64.7059),
(336, 5, 2, 25, 34, 27, 7, 79.4118),
(337, 5, 2, 36, 34, 14, 20, 41.1765),
(338, 5, 2, 53, 34, 18, 16, 52.9412),
(339, 5, 2, 56, 34, 15, 19, 44.1176),
(340, 5, 2, 57, 34, 15, 19, 44.1176),
(341, 5, 2, 60, 34, 15, 19, 44.1176),
(342, 5, 2, 62, 34, 12, 22, 35.2941),
(343, 5, 2, 77, 34, 15, 19, 44.1176),
(344, 5, 2, 81, 34, 12, 22, 35.2941),
(345, 5, 2, 88, 34, 24, 10, 70.5882),
(346, 5, 2, 104, 34, 15, 19, 44.1176),
(347, 5, 2, 110, 34, 28, 6, 82.3529),
(348, 5, 2, 116, 34, 24, 10, 70.5882),
(349, 5, 2, 120, 34, 30, 4, 88.2353),
(350, 5, 2, 124, 34, 18, 16, 52.9412),
(351, 5, 2, 128, 34, 15, 19, 44.1176),
(352, 5, 2, 145, 34, 13, 21, 38.2353),
(353, 5, 2, 149, 34, 18, 16, 52.9412),
(354, 5, 2, 161, 34, 16, 18, 47.0588),
(355, 5, 2, 10, 37, 24, 13, 64.8649),
(356, 5, 2, 12, 37, 10, 27, 27.027),
(357, 5, 2, 29, 37, 12, 25, 32.4324),
(358, 5, 2, 30, 37, 17, 20, 45.9459),
(359, 5, 2, 33, 37, 30, 7, 81.0811),
(360, 5, 2, 39, 37, 20, 17, 54.0541),
(361, 5, 2, 40, 37, 17, 20, 45.9459),
(362, 5, 2, 41, 37, 28, 9, 75.6757),
(363, 5, 2, 48, 37, 28, 9, 75.6757),
(364, 5, 2, 51, 37, 28, 9, 75.6757),
(365, 5, 2, 52, 37, 10, 27, 27.027),
(366, 5, 2, 54, 37, 23, 14, 62.1622),
(367, 5, 2, 73, 37, 17, 20, 45.9459),
(368, 5, 2, 84, 37, 20, 17, 54.0541),
(369, 5, 2, 87, 37, 28, 9, 75.6757),
(370, 5, 2, 107, 37, 17, 20, 45.9459),
(371, 5, 2, 113, 37, 21, 16, 56.7568),
(372, 5, 2, 130, 37, 34, 3, 91.8919),
(373, 5, 2, 133, 37, 19, 18, 51.3514),
(374, 5, 2, 136, 37, 31, 6, 83.7838),
(375, 5, 2, 137, 37, 24, 13, 64.8649),
(376, 5, 2, 138, 37, 36, 1, 97.2973),
(377, 5, 2, 146, 37, 20, 17, 54.0541),
(378, 5, 2, 148, 37, 21, 16, 56.7568),
(379, 5, 2, 151, 37, 28, 9, 75.6757),
(380, 5, 2, 153, 37, 23, 14, 62.1622),
(381, 5, 2, 155, 37, 27, 10, 72.973),
(382, 5, 2, 162, 37, 26, 11, 70.2703),
(383, 5, 2, 169, 37, 27, 10, 72.973),
(384, 5, 2, 172, 37, 33, 4, 89.1892),
(385, 5, 2, 173, 37, 17, 20, 45.9459),
(386, 5, 2, 177, 37, 23, 14, 62.1622),
(387, 5, 2, 6, 37, 28, 9, 75.6757),
(388, 5, 2, 26, 37, 13, 24, 35.1351),
(389, 5, 2, 34, 37, 20, 17, 54.0541),
(390, 5, 2, 38, 37, 34, 3, 91.8919),
(391, 5, 2, 43, 37, 32, 5, 86.4865),
(392, 5, 2, 45, 37, 27, 10, 72.973),
(393, 5, 2, 50, 37, 16, 21, 43.2432),
(394, 5, 2, 55, 37, 26, 11, 70.2703),
(395, 5, 2, 59, 37, 19, 18, 51.3514),
(396, 5, 2, 63, 37, 20, 17, 54.0541),
(397, 5, 2, 68, 37, 27, 10, 72.973),
(398, 5, 2, 79, 37, 15, 22, 40.5405),
(399, 5, 2, 80, 37, 19, 18, 51.3514),
(400, 5, 2, 85, 37, 20, 17, 54.0541),
(401, 5, 2, 86, 37, 25, 12, 67.5676),
(402, 5, 2, 94, 37, 18, 19, 48.6486),
(403, 5, 2, 95, 37, 27, 10, 72.973),
(404, 5, 2, 101, 37, 19, 18, 51.3514),
(405, 5, 2, 102, 37, 21, 16, 56.7568),
(406, 5, 2, 115, 37, 20, 17, 54.0541),
(407, 5, 2, 125, 37, 20, 17, 54.0541),
(408, 5, 2, 134, 37, 15, 22, 40.5405),
(409, 5, 2, 135, 37, 28, 9, 75.6757),
(410, 5, 2, 142, 37, 23, 14, 62.1622),
(411, 5, 2, 152, 37, 25, 12, 67.5676),
(412, 5, 2, 160, 37, 23, 14, 62.1622),
(413, 5, 2, 164, 37, 19, 18, 51.3514),
(414, 5, 2, 171, 37, 26, 11, 70.2703),
(415, 5, 2, 179, 37, 24, 13, 64.8649),
(592, 2, 2, 3, 34, 16, 18, 47.0588),
(593, 2, 2, 4, 34, 23, 11, 67.6471),
(594, 2, 2, 15, 34, 16, 18, 47.0588),
(595, 2, 2, 20, 34, 20, 14, 58.8235),
(596, 2, 2, 31, 34, 22, 12, 64.7059),
(597, 2, 2, 37, 34, 25, 9, 73.5294),
(598, 2, 2, 42, 34, 24, 10, 70.5882),
(599, 2, 2, 46, 34, 18, 16, 52.9412),
(600, 2, 2, 49, 34, 29, 5, 85.2941),
(601, 2, 2, 65, 34, 15, 19, 44.1176),
(602, 2, 2, 70, 34, 26, 8, 76.4706),
(603, 2, 2, 71, 34, 24, 10, 70.5882),
(604, 2, 2, 72, 34, 26, 8, 76.4706),
(605, 2, 2, 90, 34, 17, 17, 50),
(606, 2, 2, 91, 34, 27, 7, 79.4118),
(607, 2, 2, 98, 34, 16, 18, 47.0588),
(608, 2, 2, 114, 34, 18, 16, 52.9412),
(609, 2, 2, 119, 34, 14, 20, 41.1765),
(610, 2, 2, 122, 34, 20, 14, 58.8235),
(611, 2, 2, 123, 34, 19, 15, 55.8824),
(612, 2, 2, 126, 34, 19, 15, 55.8824),
(613, 2, 2, 127, 34, 18, 16, 52.9412),
(614, 2, 2, 147, 34, 24, 10, 70.5882),
(615, 2, 2, 156, 34, 18, 16, 52.9412),
(616, 2, 2, 157, 34, 28, 6, 82.3529),
(617, 2, 2, 159, 34, 24, 10, 70.5882),
(618, 2, 2, 163, 34, 29, 5, 85.2941),
(619, 2, 2, 167, 34, 23, 11, 67.6471),
(620, 2, 2, 168, 34, 13, 21, 38.2353),
(621, 2, 2, 174, 34, 14, 20, 41.1765),
(622, 2, 2, 2, 34, 7, 27, 20.5882),
(623, 2, 2, 19, 34, 20, 14, 58.8235),
(624, 2, 2, 21, 34, 19, 15, 55.8824),
(625, 2, 2, 27, 34, 29, 5, 85.2941),
(626, 2, 2, 28, 34, 19, 15, 55.8824),
(627, 2, 2, 32, 34, 14, 20, 41.1765),
(628, 2, 2, 47, 34, 19, 15, 55.8824),
(629, 2, 2, 66, 34, 16, 18, 47.0588),
(630, 2, 2, 67, 34, 26, 8, 76.4706),
(631, 2, 2, 69, 34, 4, 30, 11.7647),
(632, 2, 2, 75, 34, 20, 14, 58.8235),
(633, 2, 2, 76, 34, 13, 21, 38.2353),
(634, 2, 2, 78, 34, 29, 5, 85.2941),
(635, 2, 2, 89, 34, 22, 12, 64.7059),
(636, 2, 2, 93, 34, 16, 18, 47.0588),
(637, 2, 2, 100, 34, 23, 11, 67.6471),
(638, 2, 2, 103, 34, 25, 9, 73.5294),
(639, 2, 2, 105, 34, 12, 22, 35.2941),
(640, 2, 2, 106, 34, 27, 7, 79.4118),
(641, 2, 2, 109, 34, 24, 10, 70.5882),
(642, 2, 2, 111, 34, 23, 11, 67.6471),
(643, 2, 2, 131, 34, 22, 12, 64.7059),
(644, 2, 2, 132, 34, 16, 18, 47.0588),
(645, 2, 2, 143, 34, 20, 14, 58.8235),
(646, 2, 2, 144, 34, 8, 26, 23.5294),
(647, 2, 2, 150, 34, 16, 18, 47.0588),
(648, 2, 2, 154, 34, 21, 13, 61.7647),
(649, 2, 2, 158, 34, 21, 13, 61.7647),
(650, 2, 2, 166, 34, 20, 14, 58.8235),
(651, 2, 2, 175, 34, 16, 18, 47.0588),
(652, 2, 2, 176, 34, 24, 10, 70.5882),
(653, 2, 2, 178, 34, 17, 17, 50),
(684, 8, 2, 3, 28, 23, 5, 82.1429),
(685, 8, 2, 4, 28, 25, 3, 89.2857),
(686, 8, 2, 15, 28, 10, 18, 35.7143),
(687, 8, 2, 20, 28, 25, 3, 89.2857),
(688, 8, 2, 31, 28, 22, 6, 78.5714),
(689, 8, 2, 37, 28, 23, 5, 82.1429),
(690, 8, 2, 42, 28, 25, 3, 89.2857),
(691, 8, 2, 46, 28, 19, 9, 67.8571),
(692, 8, 2, 49, 28, 20, 8, 71.4286),
(693, 8, 2, 65, 28, 23, 5, 82.1429),
(694, 8, 2, 70, 28, 18, 10, 64.2857),
(695, 8, 2, 71, 28, 24, 4, 85.7143),
(696, 8, 2, 72, 28, 24, 4, 85.7143),
(697, 8, 2, 90, 28, 20, 8, 71.4286),
(698, 8, 2, 91, 28, 25, 3, 89.2857),
(699, 8, 2, 98, 28, 24, 4, 85.7143),
(700, 8, 2, 114, 28, 26, 2, 92.8571),
(701, 8, 2, 119, 28, 24, 4, 85.7143),
(702, 8, 2, 122, 28, 24, 4, 85.7143),
(703, 8, 2, 123, 28, 24, 4, 85.7143),
(704, 8, 2, 126, 28, 23, 5, 82.1429),
(705, 8, 2, 127, 28, 18, 10, 64.2857),
(706, 8, 2, 147, 28, 24, 4, 85.7143),
(707, 8, 2, 156, 28, 16, 12, 57.1429),
(708, 8, 2, 157, 28, 25, 3, 89.2857),
(709, 8, 2, 159, 28, 25, 3, 89.2857),
(710, 8, 2, 163, 28, 26, 2, 92.8571),
(711, 8, 2, 167, 28, 20, 8, 71.4286),
(712, 8, 2, 168, 28, 17, 11, 60.7143),
(713, 8, 2, 174, 28, 22, 6, 78.5714),
(714, 8, 2, 2, 28, 10, 18, 35.7143),
(715, 8, 2, 19, 28, 23, 5, 82.1429),
(716, 8, 2, 21, 28, 27, 1, 96.4286),
(717, 8, 2, 27, 28, 22, 6, 78.5714),
(718, 8, 2, 28, 28, 12, 16, 42.8571),
(719, 8, 2, 32, 28, 11, 17, 39.2857),
(720, 8, 2, 47, 28, 22, 6, 78.5714),
(721, 8, 2, 66, 28, 18, 10, 64.2857),
(722, 8, 2, 67, 28, 13, 15, 46.4286),
(723, 8, 2, 69, 28, 17, 11, 60.7143),
(724, 8, 2, 75, 28, 24, 4, 85.7143),
(725, 8, 2, 76, 28, 18, 10, 64.2857),
(726, 8, 2, 78, 28, 25, 3, 89.2857),
(727, 8, 2, 89, 28, 20, 8, 71.4286),
(728, 8, 2, 93, 28, 15, 13, 53.5714),
(729, 8, 2, 100, 28, 24, 4, 85.7143),
(730, 8, 2, 103, 28, 15, 13, 53.5714),
(731, 8, 2, 105, 28, 13, 15, 46.4286),
(732, 8, 2, 106, 28, 21, 7, 75),
(733, 8, 2, 109, 28, 21, 7, 75),
(734, 8, 2, 111, 28, 19, 9, 67.8571),
(735, 8, 2, 131, 28, 18, 10, 64.2857),
(736, 8, 2, 132, 28, 24, 4, 85.7143),
(737, 8, 2, 143, 28, 17, 11, 60.7143),
(738, 8, 2, 144, 28, 15, 13, 53.5714),
(739, 8, 2, 150, 28, 18, 10, 64.2857),
(740, 8, 2, 154, 28, 20, 8, 71.4286),
(741, 8, 2, 158, 28, 21, 7, 75),
(742, 8, 2, 166, 28, 18, 10, 64.2857),
(743, 8, 2, 175, 28, 14, 14, 50),
(744, 8, 2, 176, 28, 27, 1, 96.4286),
(745, 8, 2, 178, 28, 20, 8, 71.4286),
(746, 2, 2, 5, 38, 23, 15, 60.5263),
(747, 2, 2, 8, 38, 21, 17, 55.2632),
(748, 2, 2, 11, 38, 13, 25, 34.2105),
(749, 2, 2, 14, 38, 30, 8, 78.9474),
(750, 2, 2, 17, 38, 19, 19, 50),
(751, 2, 2, 22, 38, 24, 14, 63.1579),
(752, 2, 2, 35, 38, 19, 19, 50),
(753, 2, 2, 44, 38, 25, 13, 65.7895),
(754, 2, 2, 58, 38, 30, 8, 78.9474),
(755, 2, 2, 61, 38, 15, 23, 39.4737),
(756, 2, 2, 64, 38, 22, 16, 57.8947),
(757, 2, 2, 74, 38, 30, 8, 78.9474),
(758, 2, 2, 82, 38, 12, 26, 31.5789),
(759, 2, 2, 83, 38, 10, 28, 26.3158),
(760, 2, 2, 92, 38, 19, 19, 50),
(761, 2, 2, 96, 38, 8, 30, 21.0526),
(762, 2, 2, 97, 38, 28, 10, 73.6842),
(763, 2, 2, 99, 38, 29, 9, 76.3158),
(764, 2, 2, 108, 38, 27, 11, 71.0526),
(765, 2, 2, 112, 38, 19, 19, 50),
(766, 2, 2, 117, 38, 20, 18, 52.6316),
(767, 2, 2, 118, 38, 23, 15, 60.5263),
(768, 2, 2, 121, 38, 26, 12, 68.4211),
(769, 2, 2, 129, 38, 20, 18, 52.6316),
(770, 2, 2, 140, 38, 24, 14, 63.1579),
(771, 2, 2, 170, 38, 18, 20, 47.3684),
(772, 2, 2, 1, 38, 24, 14, 63.1579),
(773, 2, 2, 7, 38, 22, 16, 57.8947),
(774, 2, 2, 9, 38, 19, 19, 50),
(775, 2, 2, 13, 38, 22, 16, 57.8947),
(776, 2, 2, 16, 38, 27, 11, 71.0526),
(777, 2, 2, 18, 38, 29, 9, 76.3158),
(778, 2, 2, 23, 38, 29, 9, 76.3158),
(779, 2, 2, 25, 38, 26, 12, 68.4211),
(780, 2, 2, 36, 38, 29, 9, 76.3158),
(781, 2, 2, 53, 38, 25, 13, 65.7895),
(782, 2, 2, 56, 38, 28, 10, 73.6842),
(783, 2, 2, 57, 38, 29, 9, 76.3158),
(784, 2, 2, 60, 38, 30, 8, 78.9474),
(785, 2, 2, 62, 38, 23, 15, 60.5263),
(786, 2, 2, 77, 38, 28, 10, 73.6842),
(787, 2, 2, 81, 38, 25, 13, 65.7895),
(788, 2, 2, 88, 38, 32, 6, 84.2105),
(789, 2, 2, 104, 38, 29, 9, 76.3158),
(790, 2, 2, 110, 38, 32, 6, 84.2105),
(791, 2, 2, 116, 38, 30, 8, 78.9474),
(792, 2, 2, 120, 38, 32, 6, 84.2105),
(793, 2, 2, 124, 38, 32, 6, 84.2105),
(794, 2, 2, 128, 38, 26, 12, 68.4211),
(795, 2, 2, 145, 38, 27, 11, 71.0526),
(796, 2, 2, 149, 38, 32, 6, 84.2105),
(797, 2, 2, 161, 38, 2, 36, 5.26316),
(799, 1, 2, 3, 25, 16, 9, 64),
(800, 1, 2, 4, 25, 21, 4, 84),
(801, 1, 2, 15, 25, 11, 14, 44),
(802, 1, 2, 20, 25, 23, 2, 92),
(803, 1, 2, 31, 25, 21, 4, 84),
(804, 1, 2, 37, 25, 21, 4, 84),
(805, 1, 2, 42, 25, 20, 5, 80),
(806, 1, 2, 46, 25, 20, 5, 80),
(807, 1, 2, 49, 25, 19, 6, 76),
(808, 1, 2, 65, 25, 16, 9, 64),
(809, 1, 2, 70, 25, 16, 9, 64),
(810, 1, 2, 71, 25, 22, 3, 88),
(811, 1, 2, 72, 25, 21, 4, 84),
(812, 1, 2, 90, 25, 21, 4, 84),
(813, 1, 2, 91, 25, 23, 2, 92),
(814, 1, 2, 98, 25, 23, 2, 92),
(815, 1, 2, 114, 25, 22, 3, 88),
(816, 1, 2, 119, 25, 22, 3, 88),
(817, 1, 2, 122, 25, 21, 4, 84),
(818, 1, 2, 123, 25, 18, 7, 72),
(819, 1, 2, 126, 25, 22, 3, 88),
(820, 1, 2, 127, 25, 14, 11, 56),
(821, 1, 2, 139, 25, 11, 14, 44),
(822, 1, 2, 147, 25, 24, 1, 96),
(823, 1, 2, 156, 25, 22, 3, 88),
(824, 1, 2, 157, 25, 21, 4, 84),
(825, 1, 2, 159, 25, 22, 3, 88),
(826, 1, 2, 163, 25, 20, 5, 80),
(827, 1, 2, 167, 25, 19, 6, 76),
(828, 1, 2, 168, 25, 19, 6, 76),
(829, 1, 2, 174, 25, 22, 3, 88),
(830, 1, 2, 2, 25, 12, 13, 48),
(831, 1, 2, 19, 25, 21, 4, 84),
(832, 1, 2, 21, 25, 23, 2, 92),
(833, 1, 2, 27, 25, 22, 3, 88),
(835, 1, 2, 32, 25, 18, 7, 72),
(836, 1, 2, 47, 25, 21, 4, 84),
(837, 1, 2, 66, 25, 20, 5, 80),
(838, 1, 2, 67, 25, 17, 8, 68),
(839, 1, 2, 69, 25, 19, 6, 76),
(840, 1, 2, 75, 25, 21, 4, 84),
(841, 1, 2, 76, 25, 16, 9, 64),
(842, 1, 2, 78, 25, 22, 3, 88),
(843, 1, 2, 89, 25, 21, 4, 84),
(844, 1, 2, 93, 25, 18, 7, 72),
(845, 1, 2, 100, 25, 23, 2, 92),
(846, 1, 2, 103, 25, 20, 5, 80),
(847, 1, 2, 105, 25, 23, 2, 92),
(848, 1, 2, 106, 25, 21, 4, 84),
(849, 1, 2, 109, 25, 17, 8, 68),
(850, 1, 2, 111, 25, 15, 10, 60),
(851, 1, 2, 131, 25, 24, 1, 96),
(852, 1, 2, 132, 25, 21, 4, 84),
(853, 1, 2, 143, 25, 18, 7, 72),
(854, 1, 2, 144, 25, 11, 14, 44),
(855, 1, 2, 150, 25, 13, 12, 52),
(856, 1, 2, 154, 25, 22, 3, 88),
(857, 1, 2, 158, 25, 22, 3, 88),
(858, 1, 2, 166, 25, 19, 6, 76),
(859, 1, 2, 175, 25, 20, 5, 80),
(860, 1, 2, 176, 25, 20, 5, 80),
(861, 1, 2, 178, 25, 21, 4, 84),
(862, 1, 2, 10, 25, 22, 3, 88),
(863, 1, 2, 12, 25, 24, 1, 96),
(864, 1, 2, 29, 25, 21, 4, 84),
(865, 1, 2, 30, 25, 21, 4, 84),
(866, 1, 2, 33, 25, 24, 1, 96),
(867, 1, 2, 39, 25, 22, 3, 88),
(868, 1, 2, 40, 25, 20, 5, 80),
(869, 1, 2, 41, 25, 21, 4, 84),
(870, 1, 2, 48, 25, 24, 1, 96),
(871, 1, 2, 51, 25, 24, 1, 96),
(872, 1, 2, 52, 25, 23, 2, 92),
(873, 1, 2, 54, 25, 16, 9, 64),
(874, 1, 2, 73, 25, 23, 2, 92),
(875, 1, 2, 84, 25, 18, 7, 72),
(876, 1, 2, 87, 25, 22, 3, 88),
(877, 1, 2, 107, 25, 22, 3, 88),
(878, 1, 2, 113, 25, 20, 5, 80),
(879, 1, 2, 130, 25, 21, 4, 84),
(880, 1, 2, 133, 25, 20, 5, 80),
(881, 1, 2, 136, 25, 20, 5, 80),
(882, 1, 2, 137, 25, 22, 3, 88),
(883, 1, 2, 138, 25, 21, 4, 84),
(884, 1, 2, 146, 25, 23, 2, 92),
(885, 1, 2, 148, 25, 20, 5, 80),
(886, 1, 2, 151, 25, 23, 2, 92),
(887, 1, 2, 153, 25, 23, 2, 92),
(888, 1, 2, 155, 25, 24, 1, 96),
(889, 1, 2, 162, 25, 22, 3, 88),
(890, 1, 2, 169, 25, 21, 4, 84),
(891, 1, 2, 172, 25, 22, 3, 88),
(892, 1, 2, 173, 25, 22, 3, 88),
(893, 1, 2, 177, 25, 21, 4, 84),
(894, 1, 2, 6, 25, 24, 1, 96),
(895, 1, 2, 26, 25, 19, 6, 76),
(896, 1, 2, 34, 25, 22, 3, 88),
(897, 1, 2, 38, 25, 24, 1, 96),
(898, 1, 2, 43, 25, 24, 1, 96),
(899, 1, 2, 45, 25, 24, 1, 96),
(900, 1, 2, 50, 25, 21, 4, 84),
(901, 1, 2, 55, 25, 24, 1, 96),
(902, 1, 2, 59, 25, 21, 4, 84),
(903, 1, 2, 63, 25, 22, 3, 88),
(904, 1, 2, 68, 25, 21, 4, 84),
(905, 1, 2, 79, 25, 15, 10, 60),
(906, 1, 2, 80, 25, 21, 4, 84),
(907, 1, 2, 85, 25, 20, 5, 80),
(908, 1, 2, 86, 25, 24, 1, 96),
(909, 1, 2, 94, 25, 21, 4, 84),
(910, 1, 2, 95, 25, 21.25, 3.75, 85),
(911, 1, 2, 101, 25, 21.25, 3.75, 85),
(912, 1, 2, 102, 25, 19, 6, 76),
(913, 1, 2, 115, 25, 22, 3, 88),
(914, 1, 2, 125, 25, 22, 3, 88),
(915, 1, 2, 134, 25, 21, 4, 84),
(916, 1, 2, 135, 25, 21, 4, 84),
(917, 1, 2, 142, 25, 22, 3, 88),
(918, 1, 2, 152, 25, 22, 3, 88),
(919, 1, 2, 160, 25, 19, 6, 76),
(920, 1, 2, 164, 25, 20, 5, 80),
(921, 1, 2, 165, 25, 24, 1, 96),
(922, 1, 2, 171, 25, 19, 6, 76),
(923, 1, 2, 179, 25, 20, 5, 80),
(924, 6, 2, 3, 40, 17, 23, 42.5),
(925, 6, 2, 4, 40, 18, 22, 45),
(926, 6, 2, 15, 40, 35, 5, 87.5),
(927, 6, 2, 20, 40, 27, 13, 67.5),
(928, 6, 2, 31, 40, 24, 16, 60),
(929, 6, 2, 37, 40, 35, 5, 87.5),
(930, 6, 2, 42, 40, 35, 5, 87.5),
(931, 6, 2, 46, 40, 27, 13, 67.5),
(932, 6, 2, 49, 40, 28, 12, 70),
(933, 6, 2, 65, 40, 18, 22, 45),
(934, 6, 2, 70, 40, 31, 9, 77.5),
(935, 6, 2, 71, 40, 23, 17, 57.5),
(936, 6, 2, 72, 40, 23, 17, 57.5),
(937, 6, 2, 90, 40, 14, 26, 35),
(938, 6, 2, 91, 40, 31, 9, 77.5),
(939, 6, 2, 98, 40, 16, 24, 40),
(940, 6, 2, 114, 40, 17, 23, 42.5),
(941, 6, 2, 119, 40, 16, 24, 40),
(942, 6, 2, 122, 40, 19, 21, 47.5),
(943, 6, 2, 123, 40, 15, 25, 37.5),
(944, 6, 2, 126, 40, 25, 15, 62.5),
(945, 6, 2, 127, 40, 10, 30, 25),
(946, 6, 2, 139, 40, 13, 27, 32.5),
(947, 6, 2, 147, 40, 26, 14, 65),
(948, 6, 2, 156, 40, 10, 30, 25),
(949, 6, 2, 157, 40, 30, 10, 75),
(950, 6, 2, 159, 40, 16, 24, 40),
(951, 6, 2, 163, 40, 31, 9, 77.5),
(952, 6, 2, 167, 40, 30, 10, 75),
(953, 6, 2, 168, 40, 31, 9, 77.5),
(954, 6, 2, 174, 40, 30, 10, 75),
(955, 6, 2, 2, 40, 13, 27, 32.5),
(956, 6, 2, 19, 40, 30, 10, 75),
(957, 6, 2, 21, 40, 31, 9, 77.5),
(958, 6, 2, 27, 40, 30, 10, 75),
(959, 6, 2, 28, 40, 28, 12, 70),
(960, 6, 2, 32, 40, 30, 10, 75),
(961, 6, 2, 47, 40, 33, 7, 82.5),
(962, 6, 2, 66, 40, 18, 22, 45),
(963, 6, 2, 67, 40, 24, 16, 60),
(964, 6, 2, 69, 40, 22, 18, 55),
(965, 6, 2, 75, 40, 39, 1, 97.5),
(966, 6, 2, 76, 40, 25, 15, 62.5),
(967, 6, 2, 78, 40, 35, 5, 87.5),
(968, 6, 2, 89, 40, 32, 8, 80),
(969, 6, 2, 93, 40, 24, 16, 60),
(970, 6, 2, 100, 40, 30, 10, 75),
(971, 6, 2, 103, 40, 30, 10, 75),
(972, 6, 2, 105, 40, 38, 2, 95),
(973, 6, 2, 106, 40, 20, 20, 50),
(974, 6, 2, 109, 40, 18, 22, 45),
(975, 6, 2, 111, 40, 30, 10, 75),
(976, 6, 2, 131, 40, 21, 19, 52.5),
(977, 6, 2, 132, 40, 18, 22, 45),
(978, 6, 2, 143, 40, 23, 17, 57.5),
(979, 6, 2, 144, 40, 13, 27, 32.5),
(980, 6, 2, 150, 40, 21, 19, 52.5),
(981, 6, 2, 154, 40, 35, 5, 87.5),
(982, 6, 2, 158, 40, 30, 10, 75),
(983, 6, 2, 166, 40, 38, 2, 95),
(984, 6, 2, 175, 40, 16, 24, 40),
(985, 6, 2, 176, 40, 35, 5, 87.5),
(986, 6, 2, 178, 40, 15, 25, 37.5),
(987, 6, 2, 5, 37, 33, 4, 89.1892),
(988, 6, 2, 8, 37, 19, 18, 51.3514),
(989, 6, 2, 11, 37, 10, 27, 27.027),
(990, 6, 2, 14, 37, 30, 7, 81.0811),
(991, 6, 2, 17, 37, 24, 13, 64.8649),
(992, 6, 2, 22, 37, 34, 3, 91.8919),
(993, 6, 2, 24, 37, 17, 20, 45.9459),
(994, 6, 2, 35, 37, 18, 19, 48.6486),
(995, 6, 2, 44, 37, 31, 6, 83.7838),
(996, 6, 2, 58, 37, 27, 10, 72.973),
(997, 6, 2, 61, 37, 19, 18, 51.3514),
(998, 6, 2, 64, 37, 14, 23, 37.8378),
(999, 6, 2, 74, 37, 18, 19, 48.6486),
(1000, 6, 2, 82, 37, 16, 21, 43.2432),
(1001, 6, 2, 83, 37, 26, 11, 70.2703),
(1002, 6, 2, 92, 37, 18, 19, 48.6486),
(1003, 6, 2, 96, 37, 13, 24, 35.1351),
(1004, 6, 2, 97, 37, 36, 1, 97.2973),
(1005, 6, 2, 99, 37, 34, 3, 91.8919),
(1006, 6, 2, 108, 37, 32, 5, 86.4865),
(1007, 6, 2, 112, 37, 26, 11, 70.2703),
(1008, 6, 2, 117, 37, 32, 5, 86.4865),
(1009, 6, 2, 118, 37, 26, 11, 70.2703),
(1010, 6, 2, 121, 37, 19, 18, 51.3514),
(1011, 6, 2, 129, 37, 22, 15, 59.4595),
(1012, 6, 2, 140, 37, 20, 17, 54.0541),
(1013, 6, 2, 170, 37, 11, 26, 29.7297),
(1014, 6, 2, 1, 37, 16, 21, 43.2432),
(1015, 6, 2, 7, 37, 18, 19, 48.6486),
(1016, 6, 2, 9, 37, 20, 17, 54.0541),
(1017, 6, 2, 13, 37, 27, 10, 72.973),
(1018, 6, 2, 16, 37, 21, 16, 56.7568),
(1019, 6, 2, 18, 37, 34, 3, 91.8919),
(1020, 6, 2, 23, 37, 25, 12, 67.5676),
(1021, 6, 2, 25, 37, 34, 3, 91.8919),
(1022, 6, 2, 36, 37, 18, 19, 48.6486),
(1023, 6, 2, 53, 37, 15, 22, 40.5405),
(1024, 6, 2, 56, 37, 21, 16, 56.7568),
(1025, 6, 2, 57, 37, 17, 20, 45.9459),
(1026, 6, 2, 60, 37, 22, 15, 59.4595),
(1027, 6, 2, 62, 37, 16, 21, 43.2432),
(1028, 6, 2, 77, 37, 27, 10, 72.973),
(1029, 6, 2, 81, 37, 16, 21, 43.2432),
(1030, 6, 2, 88, 37, 26, 11, 70.2703),
(1031, 6, 2, 104, 37, 33, 4, 89.1892),
(1032, 6, 2, 110, 37, 23, 14, 62.1622),
(1033, 6, 2, 116, 37, 26, 11, 70.2703),
(1034, 6, 2, 120, 37, 34, 3, 91.8919),
(1035, 6, 2, 124, 37, 20, 17, 54.0541),
(1036, 6, 2, 128, 37, 22, 15, 59.4595),
(1037, 6, 2, 145, 37, 19, 18, 51.3514),
(1038, 6, 2, 149, 37, 19, 18, 51.3514),
(1039, 6, 2, 161, 37, 21, 16, 56.7568),
(1040, 6, 2, 10, 40, 18, 22, 45),
(1041, 6, 2, 12, 40, 18, 22, 45),
(1042, 6, 2, 29, 40, 27, 13, 67.5),
(1043, 6, 2, 30, 40, 37, 3, 92.5),
(1044, 6, 2, 33, 40, 39, 1, 97.5),
(1045, 6, 2, 39, 40, 17, 23, 42.5),
(1046, 6, 2, 40, 40, 27, 13, 67.5),
(1047, 6, 2, 41, 40, 24, 16, 60),
(1048, 6, 2, 48, 40, 26, 14, 65),
(1049, 6, 2, 51, 40, 28, 12, 70),
(1050, 6, 2, 52, 40, 13, 27, 32.5),
(1051, 6, 2, 54, 40, 29, 11, 72.5),
(1052, 6, 2, 73, 40, 29, 11, 72.5),
(1053, 6, 2, 84, 40, 24, 16, 60),
(1054, 6, 2, 87, 40, 15, 25, 37.5),
(1055, 6, 2, 107, 40, 20, 20, 50),
(1056, 6, 2, 113, 40, 19, 21, 47.5),
(1057, 6, 2, 130, 40, 35, 5, 87.5),
(1058, 6, 2, 133, 40, 20, 20, 50),
(1059, 6, 2, 136, 40, 28, 12, 70),
(1060, 6, 2, 137, 40, 38, 2, 95),
(1061, 6, 2, 138, 40, 39, 1, 97.5),
(1062, 6, 2, 146, 40, 21, 19, 52.5),
(1063, 6, 2, 148, 40, 39, 1, 97.5),
(1064, 6, 2, 151, 40, 26, 14, 65),
(1065, 6, 2, 153, 40, 25, 15, 62.5),
(1066, 6, 2, 155, 40, 18, 22, 45),
(1067, 6, 2, 162, 40, 17, 23, 42.5),
(1068, 6, 2, 169, 40, 19, 21, 47.5),
(1069, 6, 2, 172, 40, 21, 19, 52.5),
(1070, 6, 2, 173, 40, 29, 11, 72.5),
(1071, 6, 2, 177, 40, 20, 20, 50),
(1072, 6, 2, 6, 40, 34, 6, 85),
(1073, 6, 2, 26, 40, 18, 22, 45),
(1074, 6, 2, 34, 40, 26, 14, 65),
(1075, 6, 2, 38, 40, 30, 10, 75),
(1076, 6, 2, 43, 40, 30, 10, 75),
(1077, 6, 2, 45, 40, 26, 14, 65),
(1078, 6, 2, 50, 40, 27, 13, 67.5),
(1079, 6, 2, 55, 40, 29, 11, 72.5),
(1080, 6, 2, 59, 40, 33, 7, 82.5),
(1081, 6, 2, 63, 40, 37, 3, 92.5),
(1082, 6, 2, 68, 40, 34, 6, 85),
(1083, 6, 2, 79, 40, 13, 27, 32.5),
(1084, 6, 2, 80, 40, 18, 22, 45),
(1085, 6, 2, 85, 40, 18, 22, 45),
(1086, 6, 2, 86, 40, 28, 12, 70),
(1087, 6, 2, 94, 40, 29, 11, 72.5),
(1088, 6, 2, 95, 40, 21, 19, 52.5),
(1089, 6, 2, 101, 40, 20, 20, 50),
(1090, 6, 2, 102, 40, 22, 18, 55),
(1091, 6, 2, 115, 40, 19, 21, 47.5),
(1092, 6, 2, 125, 40, 24, 16, 60),
(1093, 6, 2, 134, 40, 16, 24, 40),
(1094, 6, 2, 135, 40, 33, 7, 82.5),
(1095, 6, 2, 142, 40, 30, 10, 75),
(1096, 6, 2, 152, 40, 25, 15, 62.5),
(1097, 6, 2, 160, 40, 28, 12, 70),
(1098, 6, 2, 164, 40, 21, 19, 52.5),
(1099, 6, 2, 171, 40, 19, 21, 47.5),
(1100, 6, 2, 179, 40, 19, 21, 47.5),
(1101, 2, 2, 139, 34, 14, 20, 41.1765),
(1102, 8, 2, 139, 28, 14, 14, 50),
(1103, 7, 2, 3, 100, 18, 82, 18),
(1104, 7, 2, 4, 100, 35, 65, 35),
(1105, 7, 2, 15, 100, 30, 70, 30),
(1106, 7, 2, 20, 100, 44, 56, 44),
(1107, 7, 2, 31, 100, 41, 59, 41),
(1108, 7, 2, 37, 100, 26, 74, 26),
(1109, 7, 2, 42, 100, 49, 51, 49),
(1110, 7, 2, 46, 100, 37, 63, 37),
(1111, 7, 2, 49, 100, 40, 60, 40),
(1112, 7, 2, 65, 100, 37, 63, 37),
(1113, 7, 2, 70, 100, 28, 72, 28),
(1114, 7, 2, 71, 100, 35, 65, 35),
(1115, 7, 2, 72, 100, 37, 63, 37),
(1116, 7, 2, 90, 100, 21, 79, 21),
(1117, 7, 2, 91, 100, 58, 42, 58),
(1118, 7, 2, 98, 100, 37, 63, 37),
(1119, 7, 2, 114, 100, 51, 49, 51),
(1120, 7, 2, 119, 100, 21, 79, 21),
(1121, 7, 2, 122, 100, 17, 83, 17),
(1122, 7, 2, 123, 100, 40, 60, 40),
(1123, 7, 2, 126, 100, 47, 53, 47),
(1124, 7, 2, 127, 100, 12, 88, 12),
(1125, 7, 2, 139, 100, 40, 60, 40),
(1126, 7, 2, 147, 100, 42, 58, 42),
(1127, 7, 2, 156, 100, 23, 77, 23),
(1128, 7, 2, 157, 100, 25, 75, 25),
(1129, 7, 2, 159, 100, 30, 70, 30),
(1130, 7, 2, 163, 100, 68, 32, 68),
(1131, 7, 2, 167, 100, 35, 65, 35),
(1132, 7, 2, 168, 100, 42, 58, 42),
(1133, 7, 2, 174, 100, 21, 79, 21),
(1134, 7, 2, 2, 100, 35, 65, 35),
(1135, 7, 2, 19, 100, 46, 54, 46),
(1136, 7, 2, 21, 100, 63, 37, 63),
(1137, 7, 2, 27, 100, 40, 60, 40),
(1138, 7, 2, 28, 100, 21, 79, 21),
(1139, 7, 2, 32, 100, 18, 82, 18),
(1140, 7, 2, 47, 100, 58, 42, 58),
(1141, 7, 2, 66, 100, 55, 45, 55),
(1142, 7, 2, 67, 100, 37, 63, 37),
(1143, 7, 2, 69, 100, 20, 80, 20),
(1144, 7, 2, 75, 100, 53, 47, 53),
(1145, 7, 2, 76, 100, 32, 68, 32),
(1146, 7, 2, 78, 100, 53, 47, 53),
(1147, 7, 2, 89, 100, 23, 77, 23),
(1148, 7, 2, 93, 100, 49, 51, 49),
(1149, 7, 2, 100, 100, 42, 58, 42),
(1150, 7, 2, 103, 100, 46, 54, 46),
(1151, 7, 2, 105, 100, 40, 60, 40),
(1152, 7, 2, 106, 100, 56, 44, 56),
(1153, 7, 2, 109, 100, 32, 68, 32),
(1154, 7, 2, 111, 100, 42, 58, 42),
(1155, 7, 2, 131, 100, 37, 63, 37),
(1156, 7, 2, 132, 100, 21, 79, 21),
(1157, 7, 2, 143, 100, 37, 63, 37),
(1158, 7, 2, 144, 100, 37, 63, 37),
(1159, 7, 2, 150, 100, 44, 56, 44),
(1160, 7, 2, 154, 100, 56, 44, 56),
(1161, 7, 2, 158, 100, 28, 72, 28),
(1162, 7, 2, 166, 100, 21, 79, 21),
(1163, 7, 2, 175, 100, 35, 65, 35),
(1164, 7, 2, 176, 100, 56, 44, 56),
(1165, 7, 2, 178, 100, 19, 81, 19),
(1166, 7, 2, 5, 100, 45, 55, 45),
(1167, 7, 2, 8, 100, 38, 62, 38),
(1168, 7, 2, 11, 100, 38, 62, 38),
(1169, 7, 2, 14, 100, 40, 60, 40),
(1170, 7, 2, 17, 100, 26, 74, 26),
(1171, 7, 2, 22, 100, 40, 60, 40),
(1172, 7, 2, 35, 100, 26, 74, 26),
(1173, 7, 2, 44, 100, 19, 81, 19),
(1174, 7, 2, 58, 100, 21, 79, 21),
(1175, 7, 2, 61, 100, 40, 60, 40),
(1176, 7, 2, 64, 100, 52, 48, 52),
(1177, 7, 2, 74, 100, 26, 74, 26),
(1178, 7, 2, 82, 100, 26, 74, 26),
(1179, 7, 2, 83, 100, 60, 40, 60),
(1180, 7, 2, 92, 100, 45, 55, 45),
(1181, 7, 2, 96, 100, 17, 83, 17),
(1182, 7, 2, 97, 100, 43, 57, 43),
(1183, 7, 2, 99, 100, 9, 91, 9),
(1184, 7, 2, 108, 100, 29, 71, 29),
(1185, 7, 2, 112, 100, 43, 57, 43),
(1186, 7, 2, 117, 100, 40, 60, 40),
(1187, 7, 2, 118, 100, 12, 88, 12),
(1188, 7, 2, 121, 100, 29, 71, 29),
(1189, 7, 2, 129, 100, 31, 69, 31),
(1190, 7, 2, 140, 100, 21, 79, 21),
(1191, 7, 2, 170, 100, 60, 40, 60),
(1192, 7, 2, 1, 100, 45, 55, 45),
(1193, 7, 2, 7, 100, 45, 55, 45),
(1194, 7, 2, 9, 100, 36, 64, 36),
(1195, 7, 2, 13, 100, 26, 74, 26),
(1196, 7, 2, 16, 100, 40, 60, 40),
(1197, 7, 2, 18, 100, 38, 62, 38),
(1198, 7, 2, 23, 100, 21, 79, 21),
(1199, 7, 2, 25, 100, 36, 64, 36),
(1200, 7, 2, 36, 100, 24, 76, 24),
(1201, 7, 2, 53, 100, 19, 81, 19),
(1202, 7, 2, 56, 100, 26, 74, 26),
(1203, 7, 2, 57, 100, 24, 76, 24),
(1204, 7, 2, 60, 100, 26, 74, 26),
(1205, 7, 2, 62, 100, 45, 55, 45),
(1206, 7, 2, 77, 100, 21, 79, 21),
(1207, 7, 2, 81, 100, 40, 60, 40),
(1208, 7, 2, 88, 100, 29, 71, 29),
(1209, 7, 2, 104, 100, 40, 60, 40),
(1210, 7, 2, 110, 100, 26, 74, 26),
(1211, 7, 2, 116, 100, 38, 62, 38),
(1212, 7, 2, 120, 100, 62, 38, 62),
(1213, 7, 2, 124, 100, 52, 48, 52),
(1214, 7, 2, 128, 100, 45, 55, 45),
(1215, 7, 2, 145, 100, 50, 50, 50),
(1216, 7, 2, 149, 100, 33, 67, 33),
(1217, 7, 2, 10, 100, 25, 75, 25),
(1218, 7, 2, 12, 100, 25, 75, 25),
(1219, 7, 2, 29, 100, 20, 80, 20),
(1220, 7, 2, 30, 100, 35, 65, 35),
(1221, 7, 2, 33, 100, 55, 45, 55),
(1222, 7, 2, 39, 100, 50, 50, 50),
(1223, 7, 2, 40, 100, 55, 45, 55),
(1224, 7, 2, 41, 100, 65, 35, 65),
(1225, 7, 2, 48, 100, 65, 35, 65),
(1226, 7, 2, 51, 100, 25, 75, 25),
(1227, 7, 2, 52, 100, 25, 75, 25),
(1228, 7, 2, 54, 100, 55, 45, 55),
(1229, 7, 2, 73, 100, 35, 65, 35),
(1230, 7, 2, 84, 100, 25, 75, 25),
(1231, 7, 2, 87, 100, 35, 65, 35),
(1232, 7, 2, 107, 100, 15, 85, 15),
(1233, 7, 2, 113, 100, 20, 80, 20),
(1234, 7, 2, 130, 100, 55, 45, 55),
(1235, 7, 2, 133, 100, 50, 50, 50),
(1236, 7, 2, 136, 100, 55, 45, 55),
(1237, 7, 2, 137, 100, 40, 60, 40),
(1238, 7, 2, 138, 100, 45, 55, 45),
(1239, 7, 2, 146, 100, 50, 50, 50),
(1240, 7, 2, 148, 100, 40, 60, 40),
(1241, 7, 2, 151, 100, 50, 50, 50),
(1242, 7, 2, 153, 100, 45, 55, 45),
(1243, 7, 2, 155, 100, 30, 70, 30),
(1244, 7, 2, 162, 100, 30, 70, 30),
(1245, 7, 2, 169, 100, 25, 75, 25),
(1246, 7, 2, 172, 100, 50, 50, 50),
(1247, 7, 2, 173, 100, 45, 55, 45),
(1248, 7, 2, 177, 100, 40, 60, 40),
(1249, 7, 2, 6, 100, 55, 45, 55),
(1250, 7, 2, 26, 100, 25, 75, 25),
(1251, 7, 2, 34, 100, 55, 45, 55),
(1252, 7, 2, 38, 100, 55, 45, 55),
(1253, 7, 2, 43, 100, 55, 45, 55),
(1254, 7, 2, 45, 100, 60, 40, 60),
(1255, 7, 2, 50, 100, 25, 75, 25),
(1256, 7, 2, 55, 100, 50, 50, 50),
(1257, 7, 2, 59, 100, 20, 80, 20),
(1258, 7, 2, 63, 100, 45, 55, 45),
(1259, 7, 2, 68, 100, 50, 50, 50),
(1260, 7, 2, 79, 100, 20, 80, 20),
(1261, 7, 2, 80, 100, 30, 70, 30),
(1262, 7, 2, 85, 100, 50, 50, 50),
(1263, 7, 2, 86, 100, 55, 45, 55),
(1264, 7, 2, 95, 100, 50, 50, 50),
(1265, 7, 2, 101, 100, 50, 50, 50),
(1266, 7, 2, 102, 100, 20, 80, 20),
(1267, 7, 2, 115, 100, 40, 60, 40),
(1268, 7, 2, 125, 100, 45, 55, 45),
(1269, 7, 2, 134, 100, 50, 50, 50),
(1270, 7, 2, 135, 100, 45, 55, 45),
(1271, 7, 2, 142, 100, 55, 45, 55),
(1272, 7, 2, 152, 100, 40, 60, 40),
(1273, 7, 2, 160, 100, 45, 55, 45),
(1274, 7, 2, 164, 100, 45, 55, 45),
(1275, 7, 2, 171, 100, 40, 60, 40),
(1276, 7, 2, 179, 100, 30, 70, 30),
(1277, 1, 2, 28, 25, 18, 7, 72),
(1455, 1, 2, 5, 100, 64, 36, 64),
(1456, 1, 2, 8, 100, 80, 20, 80),
(1457, 1, 2, 11, 100, 32, 68, 32),
(1458, 1, 2, 14, 100, 72, 28, 72),
(1459, 1, 2, 17, 100, 76, 24, 76),
(1460, 1, 2, 22, 100, 64, 36, 64),
(1461, 1, 2, 24, 100, 64, 36, 64),
(1462, 1, 2, 35, 100, 64, 36, 64),
(1463, 1, 2, 44, 100, 72, 28, 72),
(1464, 1, 2, 58, 100, 84, 16, 84),
(1465, 1, 2, 61, 100, 64, 36, 64),
(1466, 1, 2, 64, 100, 72, 28, 72),
(1467, 1, 2, 74, 100, 84, 16, 84),
(1468, 1, 2, 82, 100, 72, 28, 72),
(1469, 1, 2, 83, 100, 76, 24, 76),
(1470, 1, 2, 92, 100, 56, 44, 56),
(1471, 1, 2, 99, 100, 80, 20, 80),
(1472, 1, 2, 108, 100, 72, 28, 72),
(1473, 1, 2, 112, 100, 92, 8, 92),
(1474, 1, 2, 117, 100, 76, 24, 76),
(1475, 1, 2, 118, 100, 82, 18, 82),
(1476, 1, 2, 121, 100, 88, 12, 88),
(1477, 1, 2, 129, 100, 80, 20, 80),
(1478, 1, 2, 140, 100, 76, 24, 76),
(1479, 1, 2, 170, 100, 68, 32, 68),
(1480, 1, 2, 1, 100, 72, 28, 72),
(1481, 1, 2, 7, 100, 48, 52, 48),
(1482, 1, 2, 9, 100, 40, 60, 40),
(1483, 1, 2, 13, 100, 60, 40, 60),
(1484, 1, 2, 16, 100, 72, 28, 72),
(1485, 1, 2, 18, 100, 88, 12, 88),
(1486, 1, 2, 23, 100, 64, 36, 64),
(1487, 1, 2, 25, 100, 64, 36, 64),
(1488, 1, 2, 36, 100, 56, 44, 56),
(1489, 1, 2, 53, 100, 60, 40, 60),
(1490, 1, 2, 56, 100, 52, 48, 52),
(1491, 1, 2, 57, 100, 76, 24, 76),
(1492, 1, 2, 60, 100, 72, 28, 72),
(1493, 1, 2, 62, 100, 72, 28, 72),
(1494, 1, 2, 77, 100, 68, 32, 68),
(1495, 1, 2, 81, 100, 84, 16, 84),
(1496, 1, 2, 88, 100, 60, 40, 60),
(1497, 1, 2, 104, 100, 72, 28, 72),
(1498, 1, 2, 110, 100, 88, 12, 88),
(1499, 1, 2, 116, 100, 88, 12, 88),
(1500, 1, 2, 120, 100, 80, 20, 80),
(1501, 1, 2, 124, 100, 60, 40, 60),
(1502, 1, 2, 128, 100, 72, 28, 72),
(1503, 1, 2, 145, 100, 72, 28, 72),
(1504, 1, 2, 149, 100, 76, 24, 76),
(1505, 1, 2, 161, 100, 72, 28, 72),
(1506, 10, 2, 10, 39, 30, 9, 76.9231),
(1507, 10, 2, 12, 39, 27, 12, 69.2308),
(1508, 10, 2, 29, 39, 16, 23, 41.0256),
(1509, 10, 2, 30, 39, 37, 2, 94.8718),
(1510, 10, 2, 33, 39, 30, 9, 76.9231),
(1511, 10, 2, 39, 39, 29, 10, 74.359),
(1512, 10, 2, 40, 39, 28, 11, 71.7949),
(1513, 10, 2, 41, 39, 27, 12, 69.2308),
(1514, 10, 2, 48, 39, 30, 9, 76.9231),
(1515, 10, 2, 51, 39, 32, 7, 82.0513),
(1516, 10, 2, 52, 39, 3, 36, 7.69231),
(1517, 10, 2, 54, 39, 34, 5, 87.1795),
(1518, 10, 2, 73, 39, 32, 7, 82.0513),
(1519, 10, 2, 84, 39, 19, 20, 48.7179),
(1520, 10, 2, 87, 39, 24, 15, 61.5385),
(1521, 10, 2, 107, 39, 30, 9, 76.9231),
(1522, 10, 2, 113, 39, 26, 13, 66.6667),
(1523, 10, 2, 130, 39, 28, 11, 71.7949),
(1524, 10, 2, 133, 39, 24, 15, 61.5385),
(1525, 10, 2, 136, 39, 23, 16, 58.9744),
(1526, 10, 2, 137, 39, 36, 3, 92.3077),
(1527, 10, 2, 138, 39, 29, 10, 74.359),
(1528, 10, 2, 146, 39, 14, 25, 35.8974),
(1529, 10, 2, 148, 39, 32, 7, 82.0513),
(1530, 10, 2, 151, 39, 31, 8, 79.4872),
(1531, 10, 2, 153, 39, 12, 27, 30.7692),
(1532, 10, 2, 155, 39, 30, 9, 76.9231),
(1533, 10, 2, 162, 39, 19, 20, 48.7179),
(1534, 10, 2, 169, 39, 26, 13, 66.6667),
(1535, 10, 2, 172, 39, 33, 6, 84.6154),
(1536, 10, 2, 173, 39, 28, 11, 71.7949),
(1537, 10, 2, 177, 39, 29, 10, 74.359),
(1538, 10, 2, 6, 39, 37, 2, 94.8718),
(1539, 10, 2, 26, 39, 21, 18, 53.8462),
(1540, 10, 2, 34, 39, 32, 7, 82.0513),
(1541, 10, 2, 38, 39, 32, 7, 82.0513),
(1542, 10, 2, 43, 39, 25, 14, 64.1026),
(1543, 10, 2, 45, 39, 29, 10, 74.359),
(1544, 10, 2, 50, 39, 26, 13, 66.6667),
(1545, 10, 2, 55, 39, 36, 3, 92.3077),
(1546, 10, 2, 59, 39, 29, 10, 74.359),
(1547, 10, 2, 63, 39, 30, 9, 76.9231),
(1548, 10, 2, 68, 39, 32, 7, 82.0513),
(1549, 10, 2, 79, 39, 12, 27, 30.7692),
(1550, 10, 2, 80, 39, 16, 23, 41.0256),
(1551, 10, 2, 85, 39, 23, 16, 58.9744),
(1552, 10, 2, 86, 39, 27, 12, 69.2308),
(1553, 10, 2, 94, 39, 24, 15, 61.5385),
(1554, 10, 2, 95, 39, 30, 9, 76.9231),
(1555, 10, 2, 101, 39, 27, 12, 69.2308),
(1556, 10, 2, 102, 39, 32, 7, 82.0513),
(1557, 10, 2, 115, 39, 26, 13, 66.6667),
(1558, 10, 2, 125, 39, 25, 14, 64.1026),
(1559, 10, 2, 134, 39, 26, 13, 66.6667),
(1560, 10, 2, 135, 39, 31, 8, 79.4872),
(1561, 10, 2, 142, 39, 23, 16, 58.9744),
(1562, 10, 2, 152, 39, 31, 8, 79.4872),
(1563, 10, 2, 160, 39, 32, 7, 82.0513),
(1564, 10, 2, 164, 39, 27, 12, 69.2308),
(1565, 10, 2, 165, 39, 18, 21, 46.1538),
(1566, 10, 2, 171, 39, 19, 20, 48.7179),
(1567, 10, 2, 179, 39, 30, 9, 76.9231),
(1568, 5, 2, 3, 20, 4, 16, 20),
(1569, 5, 2, 4, 20, 11, 9, 55),
(1570, 5, 2, 15, 20, 5, 15, 25),
(1571, 5, 2, 20, 20, 13, 7, 65),
(1572, 5, 2, 31, 20, 13, 7, 65),
(1573, 5, 2, 37, 20, 10, 10, 50),
(1574, 5, 2, 42, 20, 13, 7, 65),
(1575, 5, 2, 46, 20, 6, 14, 30),
(1576, 5, 2, 49, 20, 12, 8, 60),
(1577, 5, 2, 65, 20, 11, 9, 55),
(1578, 5, 2, 70, 20, 14, 6, 70),
(1579, 5, 2, 71, 20, 15, 5, 75),
(1580, 5, 2, 72, 20, 14, 6, 70),
(1581, 5, 2, 90, 20, 7, 13, 35),
(1582, 5, 2, 91, 20, 17, 3, 85),
(1583, 5, 2, 98, 20, 8, 12, 40),
(1584, 5, 2, 114, 20, 11, 9, 55),
(1585, 5, 2, 119, 20, 14, 6, 70),
(1586, 5, 2, 122, 20, 8, 12, 40),
(1587, 5, 2, 123, 20, 13, 7, 65),
(1588, 5, 2, 126, 20, 15, 5, 75),
(1589, 5, 2, 127, 20, 6, 14, 30),
(1590, 5, 2, 139, 20, 9, 11, 45),
(1591, 5, 2, 147, 20, 9, 11, 45),
(1592, 5, 2, 156, 20, 20, 0, 100),
(1593, 5, 2, 157, 20, 19, 1, 95),
(1594, 5, 2, 159, 20, 18, 2, 90),
(1595, 5, 2, 163, 20, 12, 8, 60),
(1596, 5, 2, 167, 20, 20, 0, 100),
(1597, 5, 2, 168, 20, 15, 5, 75),
(1598, 5, 2, 174, 20, 16, 4, 80),
(1599, 5, 2, 2, 20, 5, 15, 25),
(1600, 5, 2, 19, 20, 13, 7, 65),
(1601, 5, 2, 21, 20, 11, 9, 55),
(1602, 5, 2, 27, 20, 11, 9, 55),
(1603, 5, 2, 28, 20, 8, 12, 40),
(1604, 5, 2, 32, 20, 9, 11, 45),
(1605, 5, 2, 47, 20, 13, 7, 65),
(1606, 5, 2, 66, 20, 11, 9, 55),
(1607, 5, 2, 67, 20, 12, 8, 60),
(1608, 5, 2, 69, 20, 14, 6, 70),
(1609, 5, 2, 75, 20, 14, 6, 70),
(1610, 5, 2, 76, 20, 12, 8, 60),
(1611, 5, 2, 78, 20, 12, 8, 60),
(1612, 5, 2, 89, 20, 13, 7, 65),
(1613, 5, 2, 93, 20, 12, 8, 60),
(1614, 5, 2, 100, 20, 11, 9, 55),
(1615, 5, 2, 103, 20, 18, 2, 90),
(1616, 5, 2, 105, 20, 13, 7, 65),
(1617, 5, 2, 106, 20, 10, 10, 50),
(1618, 5, 2, 109, 20, 12, 8, 60),
(1619, 5, 2, 111, 20, 13, 7, 65),
(1620, 5, 2, 131, 20, 9, 11, 45),
(1621, 5, 2, 132, 20, 11, 9, 55),
(1622, 5, 2, 143, 20, 8, 12, 40),
(1623, 5, 2, 144, 20, 10, 10, 50),
(1624, 5, 2, 150, 20, 10, 10, 50),
(1625, 5, 2, 154, 20, 14, 6, 70),
(1626, 5, 2, 158, 20, 14, 6, 70),
(1627, 5, 2, 166, 20, 17, 3, 85),
(1628, 5, 2, 175, 20, 18, 2, 90),
(1629, 5, 2, 176, 20, 20, 0, 100),
(1630, 5, 2, 178, 20, 19, 1, 95),
(1631, 10, 2, 2, 20, 20, 0, 100),
(1632, 10, 2, 19, 20, 18, 2, 90),
(1633, 10, 2, 21, 20, 17, 3, 85),
(1634, 10, 2, 27, 20, 17, 3, 85),
(1635, 10, 2, 28, 20, 14, 6, 70),
(1636, 10, 2, 32, 20, 11, 9, 55),
(1637, 10, 2, 47, 20, 18, 2, 90),
(1638, 10, 2, 66, 20, 14, 6, 70),
(1639, 10, 2, 67, 20, 9, 11, 45),
(1640, 10, 2, 69, 20, 11, 9, 55),
(1641, 10, 2, 75, 20, 15, 5, 75),
(1642, 10, 2, 76, 20, 9, 11, 45),
(1643, 10, 2, 78, 20, 18, 2, 90),
(1644, 10, 2, 89, 20, 15, 5, 75),
(1645, 10, 2, 93, 20, 12, 8, 60),
(1646, 10, 2, 100, 20, 20, 0, 100),
(1647, 10, 2, 103, 20, 18, 2, 90),
(1648, 10, 2, 105, 20, 19, 1, 95),
(1649, 10, 2, 106, 20, 13, 7, 65),
(1650, 10, 2, 109, 20, 18, 2, 90),
(1651, 10, 2, 111, 20, 14, 6, 70),
(1652, 10, 2, 131, 20, 15, 5, 75),
(1653, 10, 2, 132, 20, 14, 6, 70),
(1654, 10, 2, 143, 20, 14, 6, 70),
(1655, 10, 2, 144, 20, 7, 13, 35),
(1656, 10, 2, 150, 20, 12, 8, 60),
(1657, 10, 2, 154, 20, 11, 9, 55),
(1658, 10, 2, 158, 20, 19, 1, 95),
(1659, 10, 2, 166, 20, 20, 0, 100),
(1660, 10, 2, 175, 20, 20, 0, 100),
(1661, 10, 2, 176, 20, 20, 0, 100),
(1662, 10, 2, 178, 20, 20, 0, 100),
(1663, 10, 2, 3, 20, 13, 7, 65),
(1664, 10, 2, 4, 20, 20, 0, 100),
(1665, 10, 2, 15, 20, 11, 9, 55),
(1666, 10, 2, 20, 20, 17, 3, 85),
(1667, 10, 2, 31, 20, 18, 2, 90),
(1668, 10, 2, 37, 20, 18, 2, 90),
(1669, 10, 2, 42, 20, 16, 4, 80),
(1670, 10, 2, 46, 20, 14, 6, 70),
(1671, 10, 2, 49, 20, 16, 4, 80),
(1672, 10, 2, 65, 20, 13, 7, 65),
(1673, 10, 2, 70, 20, 17, 3, 85),
(1674, 10, 2, 71, 20, 14, 6, 70),
(1675, 10, 2, 72, 20, 14, 6, 70),
(1676, 10, 2, 90, 20, 13, 7, 65),
(1677, 10, 2, 91, 20, 11, 9, 55),
(1678, 10, 2, 98, 20, 20, 0, 100),
(1679, 10, 2, 114, 20, 20, 0, 100),
(1680, 10, 2, 119, 20, 14, 6, 70),
(1681, 10, 2, 122, 20, 20, 0, 100),
(1682, 10, 2, 123, 20, 19, 1, 95),
(1683, 10, 2, 126, 20, 17, 3, 85),
(1684, 10, 2, 127, 20, 12, 8, 60),
(1685, 10, 2, 139, 20, 15, 5, 75),
(1686, 10, 2, 147, 20, 17, 3, 85),
(1687, 10, 2, 156, 20, 20, 0, 100),
(1688, 10, 2, 157, 20, 20, 0, 100),
(1689, 10, 2, 159, 20, 20, 0, 100),
(1690, 10, 2, 163, 20, 20, 0, 100),
(1691, 10, 2, 167, 20, 20, 0, 100),
(1692, 10, 2, 168, 20, 19, 1, 95),
(1693, 10, 2, 174, 20, 20, 0, 100),
(1694, 4, 2, 5, 100, 60, 40, 60),
(1695, 4, 2, 8, 100, 40, 60, 40),
(1696, 4, 2, 11, 100, 25, 75, 25),
(1697, 4, 2, 14, 100, 75, 25, 75),
(1698, 4, 2, 17, 100, 55, 45, 55),
(1699, 4, 2, 22, 100, 30, 70, 30),
(1700, 4, 2, 24, 100, 25, 75, 25),
(1701, 4, 2, 35, 100, 45, 55, 45),
(1702, 4, 2, 44, 100, 75, 25, 75),
(1703, 4, 2, 58, 100, 70, 30, 70),
(1704, 4, 2, 61, 100, 40, 60, 40),
(1705, 4, 2, 64, 100, 60, 40, 60),
(1706, 4, 2, 74, 100, 65, 35, 65),
(1707, 4, 2, 82, 100, 40, 60, 40),
(1708, 4, 2, 83, 100, 40, 60, 40),
(1709, 4, 2, 92, 100, 40, 60, 40),
(1710, 4, 2, 96, 100, 40, 60, 40),
(1711, 4, 2, 97, 100, 75, 25, 75),
(1712, 4, 2, 99, 100, 55, 45, 55),
(1713, 4, 2, 108, 100, 40, 60, 40),
(1714, 4, 2, 112, 100, 30, 70, 30),
(1715, 4, 2, 117, 100, 40, 60, 40),
(1716, 4, 2, 118, 100, 55, 45, 55),
(1717, 4, 2, 121, 100, 45, 55, 45),
(1718, 4, 2, 129, 100, 25, 75, 25),
(1719, 4, 2, 140, 100, 40, 60, 40),
(1720, 4, 2, 170, 100, 40, 60, 40),
(1721, 10, 2, 5, 20, 17, 3, 85),
(1722, 10, 2, 8, 20, 16, 4, 80),
(1723, 10, 2, 11, 20, 13, 7, 65),
(1724, 10, 2, 14, 20, 17, 3, 85),
(1725, 10, 2, 17, 20, 16, 4, 80),
(1726, 10, 2, 22, 20, 12, 8, 60),
(1727, 10, 2, 24, 20, 18, 2, 90),
(1728, 10, 2, 35, 20, 10, 10, 50),
(1729, 10, 2, 44, 20, 9, 11, 45),
(1730, 10, 2, 58, 20, 15, 5, 75),
(1731, 10, 2, 61, 20, 9, 11, 45),
(1732, 10, 2, 64, 20, 14, 6, 70),
(1733, 10, 2, 74, 20, 20, 0, 100),
(1734, 10, 2, 82, 20, 16, 4, 80),
(1735, 10, 2, 83, 20, 14, 6, 70),
(1736, 10, 2, 92, 20, 15, 5, 75),
(1737, 10, 2, 96, 20, 12, 8, 60),
(1738, 10, 2, 97, 20, 18, 2, 90),
(1739, 10, 2, 99, 20, 19, 1, 95),
(1740, 10, 2, 108, 20, 17, 3, 85),
(1741, 10, 2, 112, 20, 20, 0, 100),
(1742, 10, 2, 117, 20, 20, 0, 100),
(1743, 10, 2, 118, 20, 20, 0, 100),
(1744, 10, 2, 121, 20, 14, 6, 70),
(1745, 10, 2, 129, 20, 13, 7, 65),
(1746, 10, 2, 140, 20, 14, 6, 70),
(1747, 10, 2, 170, 20, 19, 1, 95),
(1748, 10, 2, 1, 20, 12, 8, 60),
(1749, 10, 2, 7, 20, 18, 2, 90),
(1750, 10, 2, 9, 20, 20, 0, 100),
(1751, 10, 2, 13, 20, 19, 1, 95),
(1752, 10, 2, 16, 20, 8, 12, 40),
(1753, 10, 2, 18, 20, 17, 3, 85),
(1754, 10, 2, 23, 20, 19, 1, 95),
(1755, 10, 2, 25, 20, 18, 2, 90),
(1756, 10, 2, 36, 20, 13, 7, 65),
(1757, 10, 2, 53, 20, 16, 4, 80),
(1758, 10, 2, 56, 20, 14, 6, 70),
(1759, 10, 2, 57, 20, 14, 6, 70),
(1760, 10, 2, 60, 20, 14, 6, 70),
(1761, 10, 2, 62, 20, 12, 8, 60),
(1762, 10, 2, 77, 20, 10, 10, 50),
(1763, 10, 2, 81, 20, 16, 4, 80),
(1764, 10, 2, 88, 20, 15, 5, 75),
(1765, 10, 2, 104, 20, 15, 5, 75),
(1766, 10, 2, 110, 20, 18, 2, 90),
(1767, 10, 2, 116, 20, 17, 3, 85),
(1768, 10, 2, 120, 20, 16, 4, 80),
(1769, 10, 2, 124, 20, 14, 6, 70),
(1770, 10, 2, 128, 20, 15, 5, 75),
(1771, 10, 2, 145, 20, 17, 3, 85),
(1772, 10, 2, 149, 20, 12, 8, 60),
(1773, 10, 2, 161, 20, 10, 10, 50),
(1774, 4, 2, 3, 100, 40, 60, 40),
(1775, 4, 2, 4, 100, 55, 45, 55),
(1776, 4, 2, 15, 100, 35, 65, 35),
(1777, 4, 2, 20, 100, 60, 40, 60),
(1778, 4, 2, 31, 100, 65, 35, 65),
(1779, 4, 2, 37, 100, 40, 60, 40),
(1780, 4, 2, 42, 100, 40, 60, 40),
(1781, 4, 2, 46, 100, 45, 55, 45),
(1782, 4, 2, 49, 100, 20, 80, 20),
(1783, 4, 2, 65, 100, 50, 50, 50),
(1784, 4, 2, 70, 100, 60, 40, 60),
(1785, 4, 2, 71, 100, 65, 35, 65),
(1786, 4, 2, 72, 100, 60, 40, 60),
(1787, 4, 2, 90, 100, 30, 70, 30),
(1788, 4, 2, 91, 100, 65, 35, 65),
(1789, 4, 2, 98, 100, 55, 45, 55),
(1790, 4, 2, 114, 100, 50, 50, 50),
(1791, 4, 2, 119, 100, 40, 60, 40),
(1792, 4, 2, 122, 100, 45, 55, 45),
(1793, 4, 2, 123, 100, 45, 55, 45),
(1794, 4, 2, 126, 100, 45, 55, 45),
(1795, 4, 2, 127, 100, 10, 90, 10),
(1796, 4, 2, 139, 100, 60, 40, 60),
(1797, 4, 2, 147, 100, 40, 60, 40),
(1798, 4, 2, 156, 100, 40, 60, 40),
(1799, 4, 2, 157, 100, 40, 60, 40),
(1800, 4, 2, 159, 100, 50, 50, 50),
(1801, 4, 2, 163, 100, 55, 45, 55),
(1802, 4, 2, 167, 100, 50, 50, 50),
(1803, 4, 2, 168, 100, 40, 60, 40),
(1804, 4, 2, 174, 100, 40, 60, 40),
(1805, 4, 2, 2, 100, 5, 95, 5),
(1806, 4, 2, 19, 100, 55, 45, 55),
(1807, 4, 2, 21, 100, 65, 35, 65),
(1808, 4, 2, 27, 100, 50, 50, 50),
(1809, 4, 2, 28, 100, 25, 75, 25),
(1810, 4, 2, 32, 100, 60, 40, 60),
(1811, 4, 2, 47, 100, 55, 45, 55),
(1812, 4, 2, 66, 100, 55, 45, 55),
(1813, 4, 2, 67, 100, 60, 40, 60),
(1814, 4, 2, 69, 100, 55, 45, 55),
(1815, 4, 2, 75, 100, 65, 35, 65),
(1816, 4, 2, 76, 100, 15, 85, 15),
(1817, 4, 2, 78, 100, 60, 40, 60),
(1818, 4, 2, 89, 100, 65, 35, 65),
(1819, 4, 2, 93, 100, 25, 75, 25),
(1820, 4, 2, 100, 100, 45, 55, 45),
(1821, 4, 2, 103, 100, 60, 40, 60),
(1822, 4, 2, 105, 100, 40, 60, 40),
(1823, 4, 2, 106, 100, 60, 40, 60),
(1824, 4, 2, 109, 100, 60, 40, 60),
(1825, 4, 2, 111, 100, 20, 80, 20),
(1826, 4, 2, 131, 100, 30, 70, 30),
(1827, 4, 2, 132, 100, 45, 55, 45),
(1828, 4, 2, 143, 100, 35, 65, 35),
(1829, 4, 2, 144, 100, 20, 80, 20),
(1830, 4, 2, 150, 100, 15, 85, 15),
(1831, 4, 2, 154, 100, 30, 70, 30),
(1832, 4, 2, 158, 100, 40, 60, 40),
(1833, 4, 2, 166, 100, 60, 40, 60),
(1834, 4, 2, 175, 100, 50, 50, 50),
(1835, 4, 2, 176, 100, 65, 35, 65),
(1836, 4, 2, 178, 100, 60, 40, 60),
(1837, 8, 2, 10, 100, 68, 32, 68),
(1838, 8, 2, 12, 100, 76, 24, 76),
(1839, 8, 2, 29, 100, 44, 56, 44),
(1840, 8, 2, 30, 100, 44, 56, 44),
(1841, 8, 2, 33, 100, 80, 20, 80),
(1842, 8, 2, 39, 100, 56, 44, 56),
(1843, 8, 2, 40, 100, 56, 44, 56),
(1844, 8, 2, 41, 100, 64, 36, 64),
(1845, 8, 2, 48, 100, 56, 44, 56),
(1846, 8, 2, 51, 100, 52, 48, 52),
(1847, 8, 2, 52, 100, 28, 72, 28),
(1848, 8, 2, 54, 100, 56, 44, 56),
(1849, 8, 2, 73, 100, 56, 44, 56),
(1850, 8, 2, 84, 100, 40, 60, 40),
(1851, 8, 2, 87, 100, 28, 72, 28),
(1852, 8, 2, 107, 100, 60, 40, 60),
(1853, 8, 2, 113, 100, 72, 28, 72),
(1854, 8, 2, 130, 100, 72, 28, 72),
(1855, 8, 2, 133, 100, 76, 24, 76),
(1856, 8, 2, 136, 100, 56, 44, 56),
(1857, 8, 2, 137, 100, 60, 40, 60),
(1858, 8, 2, 138, 100, 68, 32, 68),
(1859, 8, 2, 146, 100, 72, 28, 72),
(1860, 8, 2, 148, 100, 80, 20, 80),
(1861, 8, 2, 151, 100, 56, 44, 56),
(1862, 8, 2, 153, 100, 40, 60, 40),
(1863, 8, 2, 155, 100, 56, 44, 56),
(1864, 8, 2, 162, 100, 56, 44, 56),
(1865, 8, 2, 169, 100, 56, 44, 56),
(1866, 8, 2, 172, 100, 68, 32, 68),
(1867, 8, 2, 173, 100, 64, 36, 64),
(1868, 8, 2, 177, 100, 76, 24, 76),
(1869, 8, 2, 6, 100, 80, 20, 80),
(1870, 8, 2, 26, 100, 64, 36, 64),
(1871, 8, 2, 34, 100, 72, 28, 72),
(1872, 8, 2, 38, 100, 48, 52, 48),
(1873, 8, 2, 43, 100, 52, 48, 52),
(1874, 8, 2, 45, 100, 60, 40, 60),
(1875, 8, 2, 50, 100, 52, 48, 52),
(1876, 8, 2, 55, 100, 68, 32, 68),
(1877, 8, 2, 59, 100, 72, 28, 72),
(1878, 8, 2, 63, 100, 64, 36, 64),
(1879, 8, 2, 68, 100, 48, 52, 48),
(1880, 8, 2, 79, 100, 48, 52, 48),
(1881, 8, 2, 80, 100, 28, 72, 28),
(1882, 8, 2, 85, 100, 56, 44, 56),
(1883, 8, 2, 86, 100, 68, 32, 68),
(1884, 8, 2, 94, 100, 40, 60, 40),
(1885, 8, 2, 95, 100, 68, 32, 68),
(1886, 8, 2, 101, 100, 76, 24, 76),
(1887, 8, 2, 102, 100, 64, 36, 64),
(1888, 8, 2, 115, 100, 36, 64, 36),
(1889, 8, 2, 125, 100, 60, 40, 60),
(1890, 8, 2, 134, 100, 56, 44, 56),
(1891, 8, 2, 135, 100, 56, 44, 56),
(1892, 8, 2, 142, 100, 80, 20, 80),
(1893, 8, 2, 152, 100, 60, 40, 60),
(1894, 8, 2, 160, 100, 52, 48, 52),
(1895, 8, 2, 164, 100, 72, 28, 72),
(1896, 8, 2, 171, 100, 56, 44, 56),
(1897, 8, 2, 179, 100, 72, 28, 72),
(1898, 4, 2, 25, 100, 50, 50, 50),
(1899, 4, 2, 36, 100, 25, 75, 25),
(1900, 4, 2, 53, 100, 30, 70, 30),
(1901, 4, 2, 56, 100, 35, 65, 35),
(1902, 4, 2, 57, 100, 30, 70, 30),
(1903, 4, 2, 60, 100, 45, 55, 45),
(1904, 4, 2, 62, 100, 45, 55, 45),
(1905, 4, 2, 77, 100, 40, 60, 40),
(1906, 4, 2, 81, 100, 60, 40, 60),
(1907, 4, 2, 88, 100, 60, 40, 60),
(1908, 4, 2, 104, 100, 60, 40, 60),
(1909, 4, 2, 110, 100, 65, 35, 65),
(1910, 4, 2, 116, 100, 45, 55, 45),
(1911, 4, 2, 120, 100, 65, 35, 65),
(1912, 4, 2, 124, 100, 40, 60, 40),
(1913, 4, 2, 128, 100, 30, 70, 30),
(1914, 4, 2, 145, 100, 65, 35, 65),
(1915, 4, 2, 149, 100, 45, 55, 45),
(1916, 4, 2, 161, 100, 65, 35, 65),
(1917, 4, 2, 10, 100, 72, 28, 72),
(1918, 4, 2, 12, 100, 40, 60, 40),
(1919, 4, 2, 29, 100, 52, 48, 52),
(1920, 4, 2, 30, 100, 60, 40, 60),
(1921, 4, 2, 33, 100, 80, 20, 80),
(1922, 4, 2, 39, 100, 44, 56, 44),
(1923, 4, 2, 40, 100, 60, 40, 60),
(1924, 4, 2, 41, 100, 82, 18, 82),
(1925, 4, 2, 48, 100, 83, 17, 83),
(1926, 4, 2, 51, 100, 40, 60, 40),
(1927, 4, 2, 52, 100, 40, 60, 40),
(1928, 4, 2, 54, 100, 80, 20, 80),
(1929, 4, 2, 73, 100, 45, 55, 45),
(1930, 4, 2, 84, 100, 42, 58, 42),
(1931, 4, 2, 87, 100, 68, 32, 68),
(1932, 4, 2, 107, 100, 40, 60, 40),
(1933, 4, 2, 113, 100, 65, 35, 65),
(1934, 4, 2, 130, 100, 80, 20, 80),
(1935, 4, 2, 133, 100, 76, 24, 76),
(1936, 4, 2, 136, 100, 48, 52, 48),
(1937, 4, 2, 137, 100, 40, 60, 40),
(1938, 4, 2, 138, 100, 80, 20, 80),
(1939, 4, 2, 146, 100, 40, 60, 40),
(1940, 4, 2, 148, 100, 75, 25, 75),
(1941, 4, 2, 151, 100, 40, 60, 40),
(1942, 4, 2, 153, 100, 40, 60, 40),
(1943, 4, 2, 155, 100, 65, 35, 65),
(1944, 4, 2, 162, 100, 50, 50, 50),
(1945, 4, 2, 169, 100, 70, 30, 70),
(1946, 4, 2, 172, 100, 72, 28, 72),
(1947, 4, 2, 173, 100, 50, 50, 50),
(1948, 4, 2, 177, 100, 70, 30, 70),
(1949, 4, 2, 6, 100, 75, 25, 75),
(1950, 4, 2, 26, 100, 40, 60, 40),
(1951, 4, 2, 34, 100, 40, 60, 40),
(1952, 4, 2, 38, 100, 80, 20, 80),
(1953, 4, 2, 43, 100, 75, 25, 75),
(1954, 4, 2, 45, 100, 70, 30, 70),
(1955, 4, 2, 50, 100, 55, 45, 55),
(1956, 4, 2, 55, 100, 70, 30, 70),
(1957, 4, 2, 59, 100, 50, 50, 50),
(1958, 4, 2, 63, 100, 45, 55, 45),
(1959, 4, 2, 68, 100, 85, 15, 85),
(1960, 4, 2, 79, 100, 50, 50, 50),
(1961, 4, 2, 80, 100, 60, 40, 60),
(1962, 4, 2, 85, 100, 60, 40, 60),
(1963, 4, 2, 86, 100, 65, 35, 65),
(1964, 4, 2, 94, 100, 45, 55, 45),
(1965, 4, 2, 95, 100, 55, 45, 55),
(1966, 4, 2, 101, 100, 60, 40, 60),
(1967, 4, 2, 102, 100, 60, 40, 60),
(1968, 4, 2, 115, 100, 55, 45, 55),
(1969, 4, 2, 125, 100, 50, 50, 50),
(1970, 4, 2, 134, 100, 55, 45, 55),
(1971, 4, 2, 135, 100, 50, 50, 50),
(1972, 4, 2, 142, 100, 50, 50, 50),
(1973, 4, 2, 152, 100, 65, 35, 65),
(1974, 4, 2, 160, 100, 50, 50, 50),
(1975, 4, 2, 164, 100, 70, 30, 70),
(1976, 4, 2, 165, 100, 55, 45, 55),
(1977, 4, 2, 171, 100, 50, 50, 50),
(1978, 4, 2, 179, 100, 55, 45, 55),
(1979, 4, 2, 1, 100, 30, 70, 30),
(1980, 4, 2, 7, 100, 35, 65, 35),
(1981, 4, 2, 9, 100, 75, 25, 75),
(1982, 4, 2, 13, 100, 60, 40, 60),
(1983, 4, 2, 16, 100, 35, 65, 35),
(1984, 4, 2, 18, 100, 50, 50, 50),
(1985, 4, 2, 23, 100, 45, 55, 45),
(1986, 8, 2, 5, 110, 55, 55, 50),
(1987, 8, 2, 8, 110, 60, 50, 54.5455),
(1988, 8, 2, 11, 110, 50, 60, 45.4545),
(1989, 8, 2, 14, 110, 70, 40, 63.6364),
(1990, 8, 2, 17, 110, 70, 40, 63.6364),
(1991, 8, 2, 22, 110, 20, 90, 18.1818),
(1992, 8, 2, 35, 110, 70, 40, 63.6364);
INSERT INTO `tbnilai` (`idnilai`, `idmapel`, `idujian`, `idsiswa`, `jmlsoal`, `benar`, `salah`, `nilai`) VALUES
(1993, 8, 2, 44, 110, 70, 40, 63.6364),
(1994, 8, 2, 58, 110, 65, 45, 59.0909),
(1995, 8, 2, 61, 110, 45, 65, 40.9091),
(1996, 8, 2, 64, 110, 40, 70, 36.3636),
(1997, 8, 2, 74, 110, 65, 45, 59.0909),
(1998, 8, 2, 82, 110, 45, 65, 40.9091),
(1999, 8, 2, 83, 110, 60, 50, 54.5455),
(2000, 8, 2, 92, 110, 60, 50, 54.5455),
(2001, 8, 2, 96, 110, 50, 60, 45.4545),
(2002, 8, 2, 97, 110, 70, 40, 63.6364),
(2003, 8, 2, 99, 110, 75, 35, 68.1818),
(2004, 8, 2, 108, 110, 85, 25, 77.2727),
(2005, 8, 2, 112, 110, 60, 50, 54.5455),
(2006, 8, 2, 117, 110, 70, 40, 63.6364),
(2007, 8, 2, 118, 110, 90, 20, 81.8182),
(2008, 8, 2, 121, 110, 80, 30, 72.7273),
(2009, 8, 2, 129, 110, 65, 45, 59.0909),
(2010, 8, 2, 140, 110, 80, 30, 72.7273),
(2011, 8, 2, 170, 110, 55, 55, 50),
(2012, 8, 2, 1, 110, 45, 65, 40.9091),
(2013, 8, 2, 7, 110, 60, 50, 54.5455),
(2014, 8, 2, 9, 110, 65, 45, 59.0909),
(2015, 8, 2, 13, 110, 55, 55, 50),
(2016, 8, 2, 16, 110, 55, 55, 50),
(2017, 8, 2, 18, 110, 90, 20, 81.8182),
(2018, 8, 2, 23, 110, 75, 35, 68.1818),
(2019, 8, 2, 25, 110, 60, 50, 54.5455),
(2020, 8, 2, 36, 110, 56, 54, 50.9091),
(2021, 8, 2, 53, 110, 56, 54, 50.9091),
(2022, 8, 2, 56, 110, 45, 65, 40.9091),
(2023, 8, 2, 57, 110, 60, 50, 54.5455),
(2024, 8, 2, 60, 110, 80, 30, 72.7273),
(2025, 8, 2, 62, 110, 80, 30, 72.7273),
(2026, 8, 2, 77, 110, 45, 65, 40.9091),
(2027, 8, 2, 81, 110, 50, 60, 45.4545),
(2028, 8, 2, 88, 110, 75, 35, 68.1818),
(2029, 8, 2, 104, 110, 70, 40, 63.6364),
(2030, 8, 2, 110, 110, 80, 30, 72.7273),
(2031, 8, 2, 116, 110, 95, 15, 86.3636),
(2032, 8, 2, 120, 110, 95, 15, 86.3636),
(2033, 8, 2, 124, 110, 60, 50, 54.5455),
(2034, 8, 2, 128, 110, 80, 30, 72.7273),
(2035, 8, 2, 145, 110, 75, 35, 68.1818),
(2036, 8, 2, 149, 110, 75, 35, 68.1818),
(2037, 8, 2, 161, 110, 65, 45, 59.0909),
(2038, 5, 2, 165, 37, 8, 29, 21.6216),
(2039, 3, 2, 3, 20, 16, 4, 80),
(2040, 3, 2, 4, 20, 16, 4, 80),
(2041, 3, 2, 15, 20, 12, 8, 60),
(2042, 3, 2, 20, 20, 14, 6, 70),
(2043, 3, 2, 31, 20, 16, 4, 80),
(2044, 3, 2, 37, 20, 14, 6, 70),
(2045, 3, 2, 42, 20, 15, 5, 75),
(2046, 3, 2, 46, 20, 9, 11, 45),
(2047, 3, 2, 49, 20, 13, 7, 65),
(2048, 3, 2, 65, 20, 14, 6, 70),
(2049, 3, 2, 70, 20, 14, 6, 70),
(2050, 3, 2, 71, 20, 14, 6, 70),
(2051, 3, 2, 72, 20, 14, 6, 70),
(2052, 3, 2, 90, 20, 18, 2, 90),
(2053, 3, 2, 91, 20, 15, 5, 75),
(2054, 3, 2, 98, 20, 16, 4, 80),
(2055, 3, 2, 114, 20, 13, 7, 65),
(2056, 3, 2, 119, 20, 18, 2, 90),
(2057, 3, 2, 122, 20, 16, 4, 80),
(2058, 3, 2, 123, 20, 17, 3, 85),
(2059, 3, 2, 126, 20, 17, 3, 85),
(2060, 3, 2, 127, 20, 8, 12, 40),
(2061, 3, 2, 147, 20, 15, 5, 75),
(2062, 3, 2, 156, 20, 13, 7, 65),
(2063, 3, 2, 157, 20, 11, 9, 55),
(2064, 3, 2, 159, 20, 18, 2, 90),
(2065, 3, 2, 163, 20, 18, 2, 90),
(2066, 3, 2, 167, 20, 14, 6, 70),
(2067, 3, 2, 168, 20, 14, 6, 70),
(2068, 3, 2, 174, 20, 15, 5, 75),
(2069, 3, 2, 2, 20, 10, 10, 50),
(2070, 3, 2, 19, 20, 15, 5, 75),
(2071, 3, 2, 21, 20, 14, 6, 70),
(2072, 3, 2, 27, 20, 18, 2, 90),
(2073, 3, 2, 28, 20, 19, 1, 95),
(2074, 3, 2, 32, 20, 9, 11, 45),
(2075, 3, 2, 47, 20, 15, 5, 75),
(2076, 3, 2, 66, 20, 11, 9, 55),
(2077, 3, 2, 67, 20, 10, 10, 50),
(2078, 3, 2, 69, 20, 16, 4, 80),
(2079, 3, 2, 75, 20, 15, 5, 75),
(2080, 3, 2, 76, 20, 13, 7, 65),
(2081, 3, 2, 78, 20, 19, 1, 95),
(2082, 3, 2, 89, 20, 14, 6, 70),
(2083, 3, 2, 93, 20, 15, 5, 75),
(2084, 3, 2, 100, 20, 16, 4, 80),
(2085, 3, 2, 103, 20, 9, 11, 45),
(2086, 3, 2, 105, 20, 13, 7, 65),
(2087, 3, 2, 106, 20, 14, 6, 70),
(2088, 3, 2, 109, 20, 12, 8, 60),
(2089, 3, 2, 111, 20, 11, 9, 55),
(2090, 3, 2, 131, 20, 13, 7, 65),
(2091, 3, 2, 132, 20, 13, 7, 65),
(2092, 3, 2, 143, 20, 7, 13, 35),
(2093, 3, 2, 144, 20, 6, 14, 30),
(2094, 3, 2, 150, 20, 10, 10, 50),
(2095, 3, 2, 154, 20, 13, 7, 65),
(2096, 3, 2, 158, 20, 13, 7, 65),
(2097, 3, 2, 166, 20, 13, 7, 65),
(2098, 3, 2, 175, 20, 20, 0, 100),
(2099, 3, 2, 176, 20, 16, 4, 80),
(2100, 3, 2, 178, 20, 15, 5, 75),
(2101, 7, 2, 94, 100, 45, 55, 45),
(2103, 2, 2, 24, 38, 23, 15, 60.5263),
(2105, 9, 2, 3, 25, 14, 11, 56),
(2106, 9, 2, 4, 25, 16, 9, 64),
(2107, 9, 2, 15, 25, 6, 19, 24),
(2108, 9, 2, 20, 25, 15, 10, 60),
(2109, 9, 2, 31, 25, 12, 13, 48),
(2110, 9, 2, 37, 25, 11, 14, 44),
(2111, 9, 2, 42, 25, 14, 11, 56),
(2112, 9, 2, 46, 25, 10, 15, 40),
(2113, 9, 2, 49, 25, 13, 12, 52),
(2114, 9, 2, 65, 25, 11, 14, 44),
(2115, 9, 2, 70, 25, 16, 9, 64),
(2116, 9, 2, 71, 25, 16, 9, 64),
(2117, 9, 2, 72, 25, 10, 15, 40),
(2118, 9, 2, 90, 25, 11, 14, 44),
(2119, 9, 2, 91, 25, 10, 15, 40),
(2120, 9, 2, 98, 25, 15, 10, 60),
(2121, 9, 2, 114, 25, 11, 14, 44),
(2122, 9, 2, 119, 25, 10, 15, 40),
(2123, 9, 2, 122, 25, 16, 9, 64),
(2124, 9, 2, 123, 25, 15, 10, 60),
(2125, 9, 2, 126, 25, 14, 11, 56),
(2126, 9, 2, 127, 25, 8, 17, 32),
(2127, 9, 2, 139, 25, 9, 16, 36),
(2128, 9, 2, 147, 25, 13, 12, 52),
(2129, 9, 2, 156, 25, 11, 14, 44),
(2130, 9, 2, 157, 25, 11, 14, 44),
(2131, 9, 2, 159, 25, 17, 8, 68),
(2132, 9, 2, 163, 25, 19, 6, 76),
(2133, 9, 2, 167, 25, 15, 10, 60),
(2134, 9, 2, 168, 25, 12, 13, 48),
(2135, 9, 2, 174, 25, 13, 12, 52),
(2136, 9, 2, 2, 25, 5, 20, 20),
(2137, 9, 2, 19, 25, 15, 10, 60),
(2138, 9, 2, 21, 25, 17, 8, 68),
(2139, 9, 2, 27, 25, 14, 11, 56),
(2140, 9, 2, 28, 25, 5, 20, 20),
(2141, 9, 2, 32, 25, 12, 13, 48),
(2142, 9, 2, 47, 25, 15, 10, 60),
(2143, 9, 2, 66, 25, 9, 16, 36),
(2144, 9, 2, 67, 25, 8, 17, 32),
(2145, 9, 2, 69, 25, 15, 10, 60),
(2146, 9, 2, 75, 25, 11, 14, 44),
(2147, 9, 2, 76, 25, 11, 14, 44),
(2148, 9, 2, 78, 25, 16, 9, 64),
(2149, 9, 2, 89, 25, 16, 9, 64),
(2150, 9, 2, 93, 25, 6, 19, 24),
(2151, 9, 2, 100, 25, 15, 10, 60),
(2152, 9, 2, 103, 25, 15, 10, 60),
(2153, 9, 2, 105, 25, 18, 7, 72),
(2154, 9, 2, 106, 25, 14, 11, 56),
(2155, 9, 2, 109, 25, 17, 8, 68),
(2156, 9, 2, 111, 25, 8, 17, 32),
(2157, 9, 2, 131, 25, 11, 14, 44),
(2158, 9, 2, 132, 25, 15, 10, 60),
(2159, 9, 2, 143, 25, 10, 15, 40),
(2160, 9, 2, 144, 25, 6, 19, 24),
(2161, 9, 2, 150, 25, 12, 13, 48),
(2162, 9, 2, 154, 25, 10, 15, 40),
(2163, 9, 2, 158, 25, 15, 10, 60),
(2164, 9, 2, 166, 25, 16, 9, 64),
(2165, 9, 2, 175, 25, 14, 11, 56),
(2166, 9, 2, 176, 25, 17, 8, 68),
(2167, 9, 2, 178, 25, 15, 10, 60),
(2168, 9, 2, 5, 25, 7, 18, 28),
(2169, 9, 2, 8, 25, 7, 18, 28),
(2170, 9, 2, 11, 25, 6, 19, 24),
(2171, 9, 2, 14, 25, 15, 10, 60),
(2172, 9, 2, 17, 25, 9, 16, 36),
(2173, 9, 2, 22, 25, 7, 18, 28),
(2174, 9, 2, 24, 25, 11, 14, 44),
(2175, 9, 2, 35, 25, 11, 14, 44),
(2176, 9, 2, 44, 25, 10, 15, 40),
(2177, 9, 2, 58, 25, 13, 12, 52),
(2178, 9, 2, 61, 25, 8, 17, 32),
(2179, 9, 2, 64, 25, 8, 17, 32),
(2180, 9, 2, 74, 25, 11, 14, 44),
(2181, 9, 2, 82, 25, 7, 18, 28),
(2182, 9, 2, 83, 25, 10, 15, 40),
(2183, 9, 2, 92, 25, 13, 12, 52),
(2184, 9, 2, 96, 25, 10, 15, 40),
(2185, 9, 2, 97, 25, 16, 9, 64),
(2186, 9, 2, 99, 25, 13, 12, 52),
(2187, 9, 2, 108, 25, 13, 12, 52),
(2188, 9, 2, 112, 25, 14, 11, 56),
(2189, 9, 2, 117, 25, 16, 9, 64),
(2190, 9, 2, 118, 25, 15, 10, 60),
(2191, 9, 2, 121, 25, 11, 14, 44),
(2192, 9, 2, 129, 25, 12, 13, 48),
(2193, 9, 2, 140, 25, 15, 10, 60),
(2194, 9, 2, 170, 25, 8, 17, 32),
(2195, 9, 2, 1, 25, 11, 14, 44),
(2196, 9, 2, 7, 25, 10, 15, 40),
(2197, 9, 2, 9, 25, 15, 10, 60),
(2198, 9, 2, 13, 25, 12, 13, 48),
(2199, 9, 2, 16, 25, 4, 21, 16),
(2200, 9, 2, 18, 25, 11, 14, 44),
(2201, 9, 2, 23, 25, 12, 13, 48),
(2202, 9, 2, 25, 25, 10, 15, 40),
(2203, 9, 2, 36, 25, 16, 9, 64),
(2204, 9, 2, 53, 25, 16, 9, 64),
(2205, 9, 2, 56, 25, 12, 13, 48),
(2206, 9, 2, 57, 25, 10, 15, 40),
(2207, 9, 2, 60, 25, 12, 13, 48),
(2208, 9, 2, 62, 25, 11, 14, 44),
(2209, 9, 2, 77, 25, 12, 13, 48),
(2210, 9, 2, 81, 25, 11, 14, 44),
(2211, 9, 2, 88, 25, 17, 8, 68),
(2212, 9, 2, 104, 25, 13, 12, 52),
(2213, 9, 2, 110, 25, 17, 8, 68),
(2214, 9, 2, 116, 25, 14, 11, 56),
(2215, 9, 2, 120, 25, 18, 7, 72),
(2216, 9, 2, 124, 25, 13, 12, 52),
(2217, 9, 2, 128, 25, 14, 11, 56),
(2218, 9, 2, 145, 25, 14, 11, 56),
(2219, 9, 2, 149, 25, 10, 15, 40),
(2220, 9, 2, 161, 25, 12, 13, 48),
(2221, 9, 2, 10, 25, 15, 10, 60),
(2222, 9, 2, 12, 25, 13, 12, 52),
(2223, 9, 2, 29, 25, 12, 13, 48),
(2224, 9, 2, 30, 25, 10, 15, 40),
(2225, 9, 2, 33, 25, 16, 9, 64),
(2226, 9, 2, 39, 25, 15, 10, 60),
(2227, 9, 2, 40, 25, 15, 10, 60),
(2228, 9, 2, 41, 25, 15, 10, 60),
(2229, 9, 2, 48, 25, 16, 9, 64),
(2230, 9, 2, 51, 25, 13, 12, 52),
(2231, 9, 2, 52, 25, 9, 16, 36),
(2232, 9, 2, 54, 25, 15, 10, 60),
(2233, 9, 2, 73, 25, 11, 14, 44),
(2234, 9, 2, 84, 25, 11, 14, 44),
(2235, 9, 2, 87, 25, 10, 15, 40),
(2236, 9, 2, 107, 25, 15, 10, 60),
(2237, 9, 2, 113, 25, 18, 7, 72),
(2238, 9, 2, 130, 25, 16, 9, 64),
(2239, 9, 2, 133, 25, 13, 12, 52),
(2240, 9, 2, 136, 25, 10, 15, 40),
(2241, 9, 2, 137, 25, 15, 10, 60),
(2242, 9, 2, 138, 25, 15, 10, 60),
(2243, 9, 2, 146, 25, 9, 16, 36),
(2244, 9, 2, 148, 25, 14, 11, 56),
(2245, 9, 2, 151, 25, 12, 13, 48),
(2246, 9, 2, 153, 25, 11, 14, 44),
(2247, 9, 2, 155, 25, 16, 9, 64),
(2248, 9, 2, 162, 25, 13, 12, 52),
(2249, 9, 2, 169, 25, 15, 10, 60),
(2250, 9, 2, 172, 25, 16, 9, 64),
(2251, 9, 2, 173, 25, 16, 9, 64),
(2252, 9, 2, 177, 25, 13, 12, 52),
(2253, 9, 2, 6, 25, 16, 9, 64),
(2254, 9, 2, 26, 25, 10, 15, 40),
(2255, 9, 2, 34, 25, 18, 7, 72),
(2256, 9, 2, 38, 25, 16, 9, 64),
(2257, 9, 2, 43, 25, 14, 11, 56),
(2258, 9, 2, 45, 25, 12, 13, 48),
(2259, 9, 2, 50, 25, 12, 13, 48),
(2260, 9, 2, 55, 25, 16, 9, 64),
(2261, 9, 2, 59, 25, 18, 7, 72),
(2262, 9, 2, 63, 25, 12, 13, 48),
(2263, 9, 2, 68, 25, 16, 9, 64),
(2264, 9, 2, 79, 25, 11, 14, 44),
(2265, 9, 2, 80, 25, 11, 14, 44),
(2266, 9, 2, 85, 25, 13, 12, 52),
(2267, 9, 2, 86, 25, 17, 8, 68),
(2268, 9, 2, 94, 25, 15, 10, 60),
(2269, 9, 2, 95, 25, 12, 13, 48),
(2270, 9, 2, 101, 25, 14, 11, 56),
(2271, 9, 2, 102, 25, 17, 8, 68),
(2272, 9, 2, 115, 25, 16, 9, 64),
(2273, 9, 2, 125, 25, 10, 15, 40),
(2274, 9, 2, 134, 25, 12, 13, 48),
(2275, 9, 2, 135, 25, 13, 12, 52),
(2276, 9, 2, 142, 25, 13, 12, 52),
(2277, 9, 2, 152, 25, 12, 13, 48),
(2278, 9, 2, 160, 25, 12, 13, 48),
(2279, 9, 2, 164, 25, 12, 13, 48),
(2281, 9, 2, 171, 25, 17, 8, 68),
(2282, 9, 2, 179, 25, 13, 12, 52),
(2283, 6, 2, 165, 40, 19, 21, 47.5),
(2284, 9, 2, 165, 25, 12, 13, 48);

-- --------------------------------------------------------

--
-- Table structure for table `tbopsi`
--

CREATE TABLE `tbopsi` (
  `idopsi` int(11) NOT NULL,
  `idbutir` int(11) DEFAULT NULL,
  `opsi` mediumtext DEFAULT NULL,
  `opsialt` mediumtext DEFAULT NULL,
  `gambaropsi` mediumtext DEFAULT NULL,
  `benar` enum('0','1') DEFAULT NULL,
  `skor` int(11) DEFAULT NULL
) ENGINE=InnoDB DEFAULT CHARSET=utf8;

--
-- Dumping data for table `tbopsi`
--

INSERT INTO `tbopsi` (`idopsi`, `idbutir`, `opsi`, `opsialt`, `gambaropsi`, `benar`, `skor`) VALUES
(1, 1, 'Mukhayyar sama dengan takdir muallaq', NULL, NULL, '1', 1),
(2, 1, 'Musayyar sama dengan takdir mubram', NULL, NULL, '1', 1),
(3, 1, 'Mukhayyar sama dengan qadha', NULL, NULL, '0', 0),
(4, 1, 'Musayyar sama dengan qadar', NULL, NULL, '0', 0),
(5, 2, 'Takdir muallaq', NULL, NULL, '1', 1),
(6, 2, 'Qadha', NULL, NULL, '0', 0),
(7, 2, 'Qadar', NULL, NULL, '0', 0),
(8, 2, 'Taqdir mubram', NULL, NULL, '0', 0),
(9, 3, 'Meyakini sepenuh hati bahwa segala sesuatu berjalan diatas takdirnya Allah', NULL, NULL, '1', 1),
(10, 3, 'Meyakini bahwa Allah menentukan nasib manusia dan tidak bisa diubah', NULL, NULL, '0', 0),
(11, 3, 'Meyakini bahwa Allah menciptakan langit dan bumi dan segala isinya untuk dimanfaatkan', NULL, NULL, '0', 0),
(12, 3, 'Meyakini bahwa takdir itu ada yang dapat diubah', NULL, NULL, '0', 0),
(13, 4, 'Menyalahkan keadaan yang terjadi tidak sesuai dengan kehendak kita', NULL, NULL, '1', 1),
(14, 4, 'Bersikap optimis dan giat bekerja', NULL, NULL, '0', 0),
(15, 4, 'Menjauhkan diri dari sifat sombong dan putus asa', NULL, NULL, '0', 0),
(16, 4, 'Banyak bersyukur dan bersabar', NULL, NULL, '0', 0),
(17, 5, 'Takdir mu\'allaq contohnya (2) dan (4)', NULL, NULL, '1', 1),
(18, 5, '(1) dan (2) adalah takdir mubram', NULL, NULL, '0', 0),
(19, 5, 'Peristiwa (3) termasuk takdir mu&rsquo;allaq', NULL, NULL, '0', 0),
(20, 5, 'Kondisi (4) termasuk takdir mubram', NULL, NULL, '0', 0),
(21, 6, '1 - 4 dan 5', NULL, NULL, '1', 1),
(22, 6, '1 - 2 dan 3', NULL, NULL, '0', 0),
(23, 6, '3 - 4 dan 5', NULL, NULL, '0', 0),
(24, 6, '2 - 3 dan 4', NULL, NULL, '0', 0),
(25, 7, 'santun dan malu', NULL, NULL, '1', 1),
(26, 7, 'tawakal dan sabar', NULL, NULL, '0', 0),
(27, 7, 'jujur dan sopan', NULL, NULL, '0', 0),
(28, 7, 'rajin dan pandai', NULL, NULL, '0', 0),
(29, 8, '1, 3 dan 5', NULL, NULL, '1', 1),
(30, 8, '1, 2 dan 3', NULL, NULL, '0', 0),
(31, 8, '1, 2 dan 4', NULL, NULL, '0', 0),
(32, 8, '2, 3 dan 5', NULL, NULL, '0', 0),
(33, 9, 'Hewan sembelihan menjadi haram jika (3) dilakukan', NULL, NULL, '0', 0),
(34, 9, 'Sunah hukumnya melakukan (3) asal cepat', NULL, NULL, '1', 1),
(35, 9, 'Sunah penyembelihan hewan antara lain (1) dan (2)', NULL, NULL, '0', 0),
(36, 9, 'Pernyataan (4) termasuk rukun penyembelihan hewan', NULL, NULL, '0', 0),
(37, 10, 'Penyembelihan seperti itu hukumnya makruh', NULL, NULL, '1', 1),
(38, 10, 'Hal itu justru menyiksa hewan kurban', NULL, NULL, '0', 0),
(39, 10, 'Penyembelihan seperti itu melampaui batas', NULL, NULL, '0', 0),
(40, 10, 'Sembelihan orang itu haram dimakan', NULL, NULL, '0', 0),
(41, 11, '1, 2, 4, dan 6', NULL, NULL, '1', 1),
(42, 11, '2, 3, 5, dan 7', NULL, NULL, '0', 0),
(43, 11, '3, 4, 5, dan 6', NULL, NULL, '0', 0),
(44, 11, '4, 5, 6, dan 7', NULL, NULL, '0', 0),
(45, 12, 'tidak sah karena sudah melewati hari tasyrik ', NULL, NULL, '1', 1),
(46, 12, 'sah karena sudah berniat untuk berkurban', NULL, NULL, '0', 0),
(47, 12, 'tidak sah karena tidak sesuai pesanan ', NULL, NULL, '0', 0),
(48, 12, 'sah karena sudah melunasi pesanan hewan kurban', NULL, NULL, '0', 0),
(49, 13, '1 dan 3', NULL, NULL, '1', 1),
(50, 13, '1 dan 2', NULL, NULL, '0', 0),
(51, 13, '3 dan 4', NULL, NULL, '0', 0),
(52, 13, '2 dan 4', NULL, NULL, '0', 0),
(53, 14, '1 dan 2', NULL, NULL, '1', 1),
(54, 14, '2 dan 3', NULL, NULL, '0', 0),
(55, 14, '3 dan 4', NULL, NULL, '0', 0),
(56, 14, '4 dan 1', NULL, NULL, '0', 0),
(57, 15, 'Shalat dan kurban', NULL, NULL, '1', 1),
(58, 15, 'Shalat dan zakat', NULL, NULL, '0', 0),
(59, 15, 'Shalat dan puasa', NULL, NULL, '0', 0),
(60, 15, 'Kurban dan akikah', NULL, NULL, '0', 0),
(61, 16, '10, 11, 12 dan 13 Dzulhijjah', NULL, NULL, '0', 0),
(62, 16, '11, 12 dan 13 Dzulhijjah', NULL, NULL, '1', 1),
(63, 16, '12 dan 13 Dzulhijjah', NULL, NULL, '0', 0),
(64, 16, '10 Dzulhijjah', NULL, NULL, '0', 0),
(65, 17, '1/3 bagian', NULL, NULL, '1', 1),
(66, 17, '1/1 bagian', NULL, NULL, '0', 0),
(67, 17, '1/2 bagian', NULL, NULL, '0', 0),
(68, 17, '1/4 bagian', NULL, NULL, '0', 0),
(69, 18, '2 kambing untuk laki-laki dan 1 kambing untuk perempuan', NULL, NULL, '1', 1),
(70, 18, '2 kambing untuk laki-laki dan 2 kambing untuk perempuan', NULL, NULL, '0', 0),
(71, 18, '1 kambing untuk laki-laki dan 2 kambing untuk perempuan', NULL, NULL, '0', 0),
(72, 18, '1 kambing untuk laki-laki dan 1 kambing untuk perempuan', NULL, NULL, '0', 0),
(77, 20, 'Sangat dianjurkan', NULL, NULL, '1', 1),
(78, 20, 'Agak dianjurkan', NULL, NULL, '0', 0),
(79, 20, 'Banyak pahalanya', NULL, NULL, '0', 0),
(80, 20, 'Sering diperintah', NULL, NULL, '0', 0),
(81, 21, 'Hari ke-7 setelah kelahiran', NULL, NULL, '1', 1),
(82, 21, 'Hari ke-5 setelah kelahiran', NULL, NULL, '0', 0),
(83, 21, 'Hari ke-6 setelah kelahiran', NULL, NULL, '0', 0),
(84, 21, 'Hari ke-8 setelah kelahiran', NULL, NULL, '0', 0),
(85, 22, 'menjual hewan tersebut dan mengganti dengan hewan yang sehat', NULL, NULL, '1', 1),
(86, 22, 'tetap melakukan penyembelihan dengan kondisi hewan cacat', NULL, NULL, '0', 0),
(87, 22, 'melaksanakan qurban diganti dengan membagikan uang', NULL, NULL, '0', 0),
(88, 22, 'menunda pelaksanaan ibadah Qurban', NULL, NULL, '0', 0),
(89, 23, 'untuk mendapatkan ridla Allah SWT apapun akan dikurbankan.', NULL, NULL, '1', 1),
(90, 23, 'ibadah kurban merupakan kewajiban.', NULL, NULL, '0', 0),
(91, 23, 'hewan yang dikurbankan harus peliharaan sendiri.', NULL, NULL, '0', 0),
(92, 23, 'Agar dipuji teman', NULL, NULL, '0', 0),
(93, 24, 'mandi sebelum menyembelih', NULL, NULL, '1', 1),
(94, 24, 'sudah baligh', NULL, NULL, '0', 0),
(95, 24, 'berakal sehat', NULL, NULL, '0', 0),
(96, 24, 'dalam keadaan sadar', NULL, NULL, '0', 0),
(97, 25, 'hewan tersebut digantung terlebih dahulu', NULL, NULL, '1', 1),
(98, 25, 'penyembelih berniat untuk menyembelih', NULL, NULL, '0', 0),
(99, 25, 'penyembelih membaca basmalah', NULL, NULL, '0', 0),
(100, 25, 'hewan tersebut masih hidup', NULL, NULL, '0', 0),
(105, 27, 'menghadapkan hewan sembelihan ke arah kiblat', NULL, NULL, '1', 1),
(106, 27, 'menggunakan mesin yang paling canggih', NULL, NULL, '0', 0),
(107, 27, 'menyembelih dari arah belakang leher', NULL, NULL, '0', 0),
(108, 27, 'memotong bagian tubuh sebelum hewan itu mati', NULL, NULL, '0', 0),
(109, 28, 'nahr ', NULL, NULL, '1', 1),
(110, 28, 'zabh ', NULL, NULL, '0', 0),
(111, 28, 'siir', NULL, NULL, '0', 0),
(112, 28, 'zahar', NULL, NULL, '0', 0),
(113, 29, 'Apa yang diusahakannya', NULL, NULL, '1', 1),
(114, 29, 'Apa yang akan direncanakannya', NULL, NULL, '0', 0),
(115, 29, 'Apa yang diamalkannya', NULL, NULL, '0', 0),
(116, 29, 'Kehendaknya', NULL, NULL, '0', 0),
(117, 30, 'berusaha dengan sekuat tenaga agar tidak terjadi lagi musibah yang lebih besar', NULL, NULL, '1', 1),
(118, 30, 'berdo&rsquo;a dengan khusyu&rsquo; kepada Allah SWT agar dilindungi dari musibah', NULL, NULL, '0', 0),
(119, 30, 'berusaha, berdoa dan menyerahkan sepenuhnya kepada Allah SWT atas musibah', NULL, NULL, '0', 0),
(120, 30, 'optimis karena semua sudah ada yang mengatur dan sudah menjadi kehendak-Nya', NULL, NULL, '0', 0),
(121, 31, 'Idul Fitri ', NULL, NULL, '1', 1),
(122, 31, 'Idul Adha ', NULL, NULL, '0', 0),
(123, 31, 'Tahun baru hijriyah ', NULL, NULL, '0', 0),
(124, 31, 'Puasa Ramadhan', NULL, NULL, '0', 0),
(125, 32, 'Dua kalimah syahadat', NULL, NULL, '1', 1),
(126, 32, 'Tradisi dua negara ', NULL, NULL, '0', 0),
(127, 32, 'Dua keajaiban ', NULL, NULL, '0', 0),
(128, 32, 'Kelahiran Nabi', NULL, NULL, '0', 0),
(129, 33, 'Kaligrafi ', NULL, NULL, '1', 1),
(130, 33, 'Fotografi ', NULL, NULL, '0', 0),
(131, 33, 'Geografi ', NULL, NULL, '0', 0),
(132, 33, 'Koreografi', NULL, NULL, '0', 0),
(133, 34, 'Saman', NULL, NULL, '1', 1),
(134, 34, 'Secak ', NULL, NULL, '0', 0),
(135, 34, 'Serimpi ', NULL, NULL, '0', 0),
(136, 34, 'Sambyong', NULL, NULL, '0', 0),
(141, 36, 'ia harus berhenti sejenak, tanpa mengambil nafas', NULL, NULL, '0', 0),
(142, 36, 'ia harus berhenti', NULL, NULL, '0', 0),
(143, 36, 'ia boleh berhenti boleh diteruskan', NULL, NULL, '0', 0),
(144, 36, 'ia harus terus, tidak boleh berhenti', NULL, NULL, '0', 0),
(145, 37, 'bertaqwa', NULL, NULL, '1', 1),
(146, 37, 'berbudaya', NULL, NULL, '0', 0),
(147, 37, 'berilmu', NULL, NULL, '0', 0),
(148, 37, 'berani', NULL, NULL, '0', 0),
(149, 38, 'mu\'amalah', NULL, NULL, '1', 1),
(150, 38, 'i\'tiqadiyah', NULL, NULL, '0', 0),
(151, 38, 'tauhidiyah', NULL, NULL, '0', 0),
(152, 38, 'ibadiyah', NULL, NULL, '0', 0),
(153, 39, 'paling mulia di antara kalian', NULL, NULL, '1', 1),
(154, 39, 'bersuku-suku dan berbangsa-bangsa', NULL, NULL, '0', 0),
(155, 39, 'supaya kalian saling mengenal ', NULL, NULL, '0', 0),
(156, 39, 'paling beriman di antara kalian', NULL, NULL, '0', 0),
(161, 40, 'tasamuh', NULL, NULL, '1', 1),
(162, 40, 'tadabur', NULL, NULL, '0', 0),
(163, 40, 'tafakkur', NULL, NULL, '0', 0),
(164, 40, 'ta&rsquo;awun', NULL, NULL, '0', 0),
(165, 41, 'supaya kalian saling mengenal', NULL, NULL, '1', 1),
(166, 41, 'bersuku-suku', NULL, NULL, '0', 0),
(167, 41, 'agar saling membantu', NULL, NULL, '0', 0),
(168, 41, 'ketakwaan kepada Allah SWT', NULL, NULL, '0', 0),
(169, 42, 'boleh berhenti, boleh diteruskan', NULL, NULL, '1', 1),
(170, 42, 'terus lebih utama', NULL, NULL, '0', 0),
(171, 42, 'berhenti lebih utama', NULL, NULL, '0', 0),
(172, 42, 'harus diteruskan', NULL, NULL, '0', 0),
(173, 43, 'satu bangunan yang saling menguatkan', NULL, NULL, '1', 1),
(174, 43, 'satu barisan yang rapi dan saling bekerja sama', NULL, NULL, '0', 0),
(175, 43, 'satu pakaian yang coraknya beragam', NULL, NULL, '0', 0),
(176, 43, 'satu rangkaian tali yang saling menguatkan', NULL, NULL, '0', 0),
(177, 44, 'dilarang berhenti', NULL, NULL, '1', 1),
(178, 44, 'harus berhenti', NULL, NULL, '0', 0),
(179, 44, 'boleh berhenti boleh terus', NULL, NULL, '0', 0),
(180, 44, 'berhenti nafas sejenak tanpa nafas', NULL, NULL, '0', 0),
(181, 45, 'Ideologi cara bernegara', NULL, NULL, '1', 1),
(182, 45, 'Ideologi yang dikembangkan oleh Negara', NULL, NULL, '0', 0),
(183, 45, 'Ideologi milik Negara', NULL, NULL, '0', 0),
(184, 45, 'Ideologi yang disusun oleh Negara', NULL, NULL, '0', 0),
(189, 47, 'Ideologi terbuka', NULL, NULL, '1', 1),
(190, 47, 'Ideologi bangsa ', NULL, NULL, '0', 0),
(191, 47, 'Sumber hukum', NULL, NULL, '0', 0),
(192, 47, 'Ideologi Negara', NULL, NULL, '0', 0),
(193, 48, 'Terpimpin', NULL, NULL, '1', 1),
(194, 48, 'Komunis', NULL, NULL, '0', 0),
(195, 48, 'Pancasila', NULL, NULL, '0', 0),
(196, 48, 'Liberal', NULL, NULL, '0', 0),
(197, 49, 'Kahar Muzakar', NULL, NULL, '1', 1),
(198, 49, 'Muso', NULL, NULL, '0', 0),
(199, 49, 'Syarifudin', NULL, NULL, '0', 0),
(200, 49, 'Ir. Soekarno', NULL, NULL, '0', 0),
(201, 50, 'Orde baru', NULL, NULL, '1', 1),
(202, 50, 'Orde lama', NULL, NULL, '0', 0),
(203, 50, 'Reformasi', NULL, NULL, '0', 0),
(204, 50, 'Revolusi', NULL, NULL, '0', 0),
(205, 51, '27 Desember 1949', NULL, NULL, '1', 1),
(206, 51, '18 Agustus 1945', NULL, NULL, '0', 0),
(207, 51, '02 November 1949', NULL, NULL, '0', 0),
(208, 51, '17 Agustus 1945', NULL, NULL, '0', 0),
(209, 52, 'Pembangunan nasional', NULL, NULL, '1', 1),
(210, 52, 'Pembangunan daerah', NULL, NULL, '0', 0),
(211, 52, 'Cita-cita nasional', NULL, NULL, '0', 0),
(212, 52, 'Perekonomian bangsa', NULL, NULL, '0', 0),
(213, 53, '11 Maret 1966-21 Mei 1998', NULL, NULL, '1', 1),
(214, 53, '18 Agustus 1945-14 November 1945', NULL, NULL, '0', 0),
(215, 53, '14 November 1945-27 Desember 1949', NULL, NULL, '0', 0),
(216, 53, '5 Juli 1959-11 Maret 1966', NULL, NULL, '0', 0),
(217, 54, 'Korupsi', NULL, NULL, '1', 1),
(218, 54, 'Kolusi dan nipotisme', NULL, NULL, '0', 0),
(219, 54, 'Arus globalisasi', NULL, NULL, '0', 0),
(220, 54, 'Perdagangan bebas', NULL, NULL, '0', 0),
(221, 55, 'Pemberontakan Partai Komunis Indonesia(PKI) di Madiun', NULL, NULL, '1', 1),
(222, 55, 'Pembrontakan PRRI dan Permesta', NULL, NULL, '0', 0),
(223, 55, 'Pembrontakan Darul Islam/Tentara Islam Indonesia', NULL, NULL, '0', 0),
(224, 55, 'Gerakan revolusioner di jawa barat', NULL, NULL, '0', 0),
(225, 58, 'Pembukaan Undang-Undang Dasar Negara Republik Indonesia Tahun 1945', NULL, NULL, '1', 1),
(226, 58, 'Pancasila', NULL, NULL, '0', 0),
(227, 58, 'Piagam HAM', NULL, NULL, '0', 0),
(228, 58, 'UUD Negara Republik Indonesia Tahun 1945', NULL, NULL, '0', 0),
(229, 59, 'Keempat', NULL, NULL, '1', 1),
(230, 59, 'Pertama ', NULL, NULL, '0', 0),
(231, 59, 'Kedua', NULL, NULL, '0', 0),
(232, 59, 'Ketiga', NULL, NULL, '0', 0),
(233, 60, 'Keempat', NULL, NULL, '1', 1),
(234, 60, 'Pertama', NULL, NULL, '0', 0),
(235, 60, 'Kedua', NULL, NULL, '0', 0),
(236, 60, 'Ketiga', NULL, NULL, '0', 0),
(237, 61, 'Pembukaan', NULL, NULL, '1', 1),
(238, 61, 'Batang tubuh', NULL, NULL, '0', 0),
(239, 61, 'Penjelasan', NULL, NULL, '0', 0),
(240, 61, 'Aturan tambahan', NULL, NULL, '0', 0),
(241, 62, 'Pokok kaidah Negara yang fundamental', NULL, NULL, '1', 1),
(242, 62, 'Norma dasar Negara', NULL, NULL, '0', 0),
(243, 62, 'Sumber dari segala sumber hukum', NULL, NULL, '0', 0),
(244, 62, 'Dasar falsafah Negara', NULL, NULL, '0', 0),
(245, 63, 'Majemuk', NULL, NULL, '1', 1),
(246, 63, 'Persatuan', NULL, NULL, '0', 0),
(247, 63, 'Merdeka', NULL, NULL, '0', 0),
(248, 63, 'Maju', NULL, NULL, '0', 0),
(249, 64, 'Tidak terpecah belah', NULL, NULL, '1', 1),
(250, 64, 'Tidak membeda-bedakan', NULL, NULL, '0', 0),
(251, 64, 'Tidak memihak', NULL, NULL, '0', 0),
(252, 64, 'Tidak utuh', NULL, NULL, '0', 0),
(253, 65, 'SARA', NULL, NULL, '1', 1),
(254, 65, 'Politik', NULL, NULL, '0', 0),
(255, 65, 'Sosial', NULL, NULL, '0', 0),
(256, 65, 'Ekonomi', NULL, NULL, '0', 0),
(257, 66, 'Stereotip', NULL, NULL, '1', 1),
(258, 66, 'Fanatisme', NULL, NULL, '0', 0),
(259, 66, 'Primodialisme', NULL, NULL, '0', 0),
(260, 66, 'Entnosentrisme', NULL, NULL, '0', 0),
(261, 67, 'Persatuan', NULL, NULL, '1', 1),
(262, 67, 'Wawasan', NULL, NULL, '0', 0),
(263, 67, 'Kesatuan', NULL, NULL, '0', 0),
(264, 67, 'Integrasi', NULL, NULL, '0', 0),
(265, 68, 'Bhineka Tunggal Ika', NULL, NULL, '1', 1),
(266, 68, 'Kemerdekaan', NULL, NULL, '0', 0),
(267, 68, 'HAM', NULL, NULL, '0', 0),
(268, 68, 'Peraturan pemerintah', NULL, NULL, '0', 0),
(269, 69, 'Banyaknya suku, agama, dan budaya', NULL, NULL, '1', 1),
(270, 69, 'Letak wilayah yang strategis', NULL, NULL, '0', 0),
(271, 69, 'Besarnya jumlah penduduk', NULL, NULL, '0', 0),
(272, 69, 'Luasnya wilayah Indonesia', NULL, NULL, '0', 0),
(273, 70, 'Ketiga', NULL, NULL, '1', 1),
(274, 70, 'Pertama', NULL, NULL, '0', 0),
(275, 70, 'Kedua', NULL, NULL, '0', 0),
(276, 70, 'Keempat', NULL, NULL, '0', 0),
(277, 71, 'Kepribadian', NULL, NULL, '1', 1),
(278, 71, 'Keahlian', NULL, NULL, '0', 0),
(279, 71, 'Tingkah laku', NULL, NULL, '0', 0),
(280, 71, 'Pola pendidikan', NULL, NULL, '0', 0),
(281, 72, 'Sosial', NULL, NULL, '1', 1),
(282, 72, 'Ekonomi', NULL, NULL, '0', 0),
(283, 72, 'Politik', NULL, NULL, '0', 0),
(284, 72, 'Budaya', NULL, NULL, '0', 0),
(285, 73, 'Kalimantan, Jawa, dan Sumatera', NULL, NULL, '1', 1),
(286, 73, 'Jawa, Sumatra, dan bali', NULL, NULL, '0', 0),
(287, 73, 'Nias, Bangka, dan Belitung', NULL, NULL, '0', 0),
(288, 73, 'Jawa, Madura, dan Ambon', NULL, NULL, '0', 0),
(289, 74, 'Jawa tengah', NULL, NULL, '1', 1),
(290, 74, 'Maluku', NULL, NULL, '0', 0),
(291, 74, 'Sumatera utara', NULL, NULL, '0', 0),
(292, 74, 'Nias', NULL, NULL, '0', 0),
(293, 75, 'Keberagaman budaya', NULL, NULL, '1', 1),
(294, 75, 'Kebudayaan', NULL, NULL, '0', 0),
(295, 75, 'Nilai budaya', NULL, NULL, '0', 0),
(296, 75, 'Kerusakan sosial', NULL, NULL, '0', 0),
(297, 76, 'Penghasilan, pekerjaan, dan latar belakang pendidikan', NULL, NULL, '1', 1),
(298, 76, 'Pekerjaan, jabatan, dan kebudayaan', NULL, NULL, '0', 0),
(299, 76, 'Penghasilan, budaya, dan kebiasaan', NULL, NULL, '0', 0),
(300, 76, 'Pekerjaan, pendidikan, dan kelas sosial', NULL, NULL, '0', 0),
(301, 77, 'Masyarakat', NULL, NULL, '1', 1),
(302, 77, 'Setiap individu', NULL, NULL, '0', 0),
(303, 77, 'Setiap kelompok', NULL, NULL, '0', 0),
(304, 77, 'Pemerintah', NULL, NULL, '0', 0),
(305, 78, 'Menghindari perpecahan', NULL, NULL, '1', 1),
(306, 78, 'Mengembangkan budaya daerah sendiri dengan berlebihan', NULL, NULL, '0', 0),
(307, 78, 'Merendahkan suku dan ras daerah lain', NULL, NULL, '0', 0),
(308, 78, 'Mementingkan kepentingan golongan', NULL, NULL, '0', 0),
(309, 79, 'Persatuan bangsa merupakan kunci keberhasilan', NULL, NULL, '1', 1),
(310, 79, 'Pengorbanan menjadi syarat mutlak keberhasilan', NULL, NULL, '0', 0),
(311, 79, 'Keberhasilan bangsa ditentukan oleh pejuang kemerdekaan', NULL, NULL, '0', 0),
(312, 79, 'Kemerdekaan hanya karena pengorbanan pejuang', NULL, NULL, '0', 0),
(313, 80, 'Bahasa daerah yang beragam', NULL, NULL, '1', 1),
(314, 80, 'Bendera merah putih', NULL, NULL, '0', 0),
(315, 80, 'UUD republik Indonesia tahun 1945', NULL, NULL, '0', 0),
(316, 80, 'Lagu kebangsaan Indonesia Raya', NULL, NULL, '0', 0),
(321, 82, 'Konflik antar suku', NULL, NULL, '1', 1),
(322, 82, 'Posisi silang', NULL, NULL, '0', 0),
(323, 82, 'Jumlah penduduk yang besar', NULL, NULL, '0', 0),
(324, 82, 'Wilayah yang luas', NULL, NULL, '0', 0),
(325, 83, 'Horizontal', NULL, NULL, '1', 1),
(326, 83, 'Vertikal', NULL, NULL, '0', 0),
(327, 83, 'Budaya ', NULL, NULL, '0', 0),
(328, 83, 'Sosial', NULL, NULL, '0', 0),
(329, 84, 'B kutub utara dan T kutub utara', NULL, NULL, '0', 0),
(330, 84, 'B kutub selatan dan T kutub selatan', NULL, NULL, '0', 0),
(331, 84, 'B kutub selatan dan T kutub utara', NULL, NULL, '0', 0),
(332, 84, 'B kutub utara dan T kutub selatan', NULL, NULL, '0', 0),
(333, 85, 'Memiliki dua kutub yaitu selatan dan utara', NULL, NULL, '1', 1),
(334, 85, 'Kutub senama akan tolak-menolak', NULL, NULL, '1', 1),
(335, 85, 'Gaya terbesar magnet berada pada kutub-kutubnya ', NULL, NULL, '1', 1),
(336, 85, 'Kutub senama saling tarik-menarik', NULL, NULL, '0', 0),
(337, 85, 'Gaya terbesar magnet berapa pada bagian tengahnya', NULL, NULL, '0', 0),
(338, 86, 'jumlah klip logam yang diangkat oleh magnet', NULL, NULL, '1', 1),
(339, 86, 'massa magnet yang mengangkat klip logam', NULL, NULL, '0', 0),
(340, 86, 'ukuran magnet yang mengangkat klip logam', NULL, NULL, '0', 0),
(341, 86, 'klip logam yang tetap menempel pada magnet', NULL, NULL, '0', 0),
(342, 87, 'lobster duri', NULL, NULL, '1', 1),
(343, 87, 'siput', NULL, NULL, '0', 0),
(344, 87, 'gurami', NULL, NULL, '0', 0),
(345, 87, 'lele', NULL, NULL, '0', 0),
(346, 88, 'Gambar 1 Step Down, karena Vp&gt;Vs', NULL, NULL, '0', 0),
(347, 88, 'Gambar 1 Step Down, karena Np&gt;Ns', NULL, NULL, '0', 0),
(348, 88, 'Gambar 2 Step Up, Jika Ip&lt;Is', NULL, NULL, '0', 0),
(349, 88, 'Gambar 1 Step Down, Jika Ip&gt;Is', NULL, NULL, '0', 0),
(350, 88, 'E. Gambar 2 Step Up, Karena VP&lt;VS', NULL, NULL, '0', 0),
(351, 89, '110 volt ', NULL, NULL, '0', 0),
(352, 89, '100 volt', NULL, NULL, '0', 0),
(353, 89, '165 volt', NULL, NULL, '0', 0),
(354, 89, '200 volt', NULL, NULL, '0', 0),
(355, 92, '100', 'seratus', NULL, '1', 1),
(356, 93, '3', NULL, NULL, '0', 0),
(357, 94, 'Pada proses pembuatan tapai terjadi perubahan kimia', NULL, NULL, '1', 1),
(358, 94, 'Pada pembuatan tapai terjadi fermentasi glukosa', NULL, NULL, '1', 1),
(359, 94, 'Proses akhir dari fermentasi adalah menghasilkan asam cuka', NULL, NULL, '1', 1),
(360, 94, 'Tekstur tapai lebih keras singkong', NULL, NULL, '0', 0),
(361, 94, 'Proses pembuatan singkong menjadi tapi merupakan bioteknologi modern', NULL, NULL, '0', 0),
(362, 95, 'glukosa &rarr; CO<sub>2</sub> + alkohol + energi', NULL, NULL, '1', 1),
(363, 95, 'glukosa &rarr; CO<sub>2</sub> + H<sub>2</sub>O + energi ', NULL, NULL, '0', 0),
(364, 95, 'glukosa + O<sub>2</sub> &rarr; CO<sub>2</sub> + H<sub>2</sub>O + energi ', NULL, NULL, '0', 0),
(365, 95, 'glukosa + O<sub>2</sub> &rarr; CO<sub>2</sub> + alkohol + energi', NULL, NULL, '0', 0),
(366, 96, 'karbondioksida yang dihasilkan <em>Saccharomyces cerevisiae</em>', NULL, NULL, '1', 1),
(367, 96, 'alkohol yang dihasilkan <em>Saccharomyces cerevisiae</em>', NULL, NULL, '0', 0),
(368, 96, 'telur yang dimasukkan ke dalam adonan roti', NULL, NULL, '0', 0),
(369, 96, 'gula yang dimasukkan ke dalam adonan roti', NULL, NULL, '0', 0),
(370, 97, 'pemanfaatan mikroba', NULL, NULL, '1', 1),
(371, 97, 'pemanfaatan biologi sel', NULL, NULL, '0', 0),
(372, 97, 'dilakukan dengan rekayasa genetika', NULL, NULL, '0', 0),
(373, 97, 'melibatkan biokimia', NULL, NULL, '0', 0),
(374, 98, 'Pengubahan kacang kedelei menjadi produk tempe', NULL, NULL, '1', 1),
(375, 98, 'mengubah produk lebih bernilai gizi, karena menghasilkan asam amino', NULL, NULL, '1', 1),
(376, 98, 'berperan bioteknologi konvensional ', NULL, NULL, '1', 1),
(377, 98, 'berperan dalam bioteknologi modern', NULL, NULL, '0', 0),
(378, 98, 'mengubah produk lebih bernilai gizi, karena menghasilkan glukosa', NULL, NULL, '0', 0),
(379, 99, 'dapat menimbulkan hama baru yang lebih kuat daripada hama sebelumnya', NULL, NULL, '1', 1),
(380, 99, 'merupakan jagung transgenik yang unggul', NULL, NULL, '1', 1),
(381, 99, 'penurunan jumlah plasma nutfah', NULL, NULL, '1', 1),
(382, 99, 'tidak mengganggu keseimbangan ekosistem.', NULL, NULL, '0', 0),
(383, 99, 'merupakan jagung hidrida yang unggul', NULL, NULL, '0', 0),
(384, 100, 'Gas methana yang dihasilkan dari teknologi biogas.', NULL, NULL, '1', 1),
(385, 100, 'Pemanfaatan teknik bioremediasi dan fitoremediasi.', NULL, NULL, '1', 1),
(386, 100, 'Pemanfaatan limbah pertanian menjadi etanol denga bantuan <em>Saccharomyces, Sp</em>', NULL, NULL, '1', 1),
(387, 100, 'Pemanfaatan energi panas matahari untuk menghasilkan listrik', NULL, NULL, '0', 0),
(388, 100, 'Penggunaan bensin untuk sebagai bahan bakar kendaraan bermotor', NULL, NULL, '0', 0),
(389, 101, 'Fitoremedeiasi ', NULL, NULL, '1', 1),
(390, 101, 'Hidroremediasi', NULL, NULL, '0', 0),
(391, 101, 'Bioremediasi', NULL, NULL, '0', 0),
(392, 101, 'Oksiremediasi', NULL, NULL, '0', 0),
(393, 102, '<em>Thiobacillus feroxidan</em>', NULL, NULL, '1', 1),
(394, 102, '<em>Streptococcus feroxidan</em>', NULL, NULL, '0', 0),
(395, 102, '<em>Sterptoccus bulgaricus</em>', NULL, NULL, '0', 0),
(396, 102, '<em>Acetobacter xilinum</em>', NULL, NULL, '0', 0),
(397, 103, 'Hasil utama fotosistesis adalah glukosa', NULL, NULL, '1', 1),
(398, 103, 'Pada peristiwa fotosintesis oksigen dilepaskan ke alam', NULL, NULL, '1', 1),
(399, 103, 'Na<sup>+</sup> dan Cl<sup>-</sup> bergabung menjadi senyawa NaCl yang bersifat netral', NULL, NULL, '1', 1),
(400, 103, 'Bahan untuk proses fotosintesis adalah oksigen dan uap air', NULL, NULL, '0', 0),
(401, 103, 'Na<sup>+</sup> dinamakan anion', NULL, NULL, '0', 0),
(402, 104, 'Isolator berupa plastik, dan konduktor berupa tembaga (Cu)', NULL, NULL, '1', 1),
(403, 104, 'Isolator berupa tembaga (Cu), dan konduktor berupa plastik', NULL, NULL, '0', 0),
(404, 104, 'Isolator berupa timbal (Pb), dan konduktor berupa plastik', NULL, NULL, '0', 0),
(405, 104, 'Isolator berupa plastik, dan konduktor berupa timbal (Pb)', NULL, NULL, '0', 0),
(406, 105, 'Atom Kalium akan membentuk K<sup>+</sup>', NULL, NULL, '1', 1),
(407, 105, 'Atom Kalium terdapat pada golongan 1A, periode 4', NULL, NULL, '1', 1),
(408, 105, 'Atom Kalium akan melepaskan elektron dari kulit terluarnya', NULL, NULL, '1', 1),
(409, 105, 'Atom Kalium terdapat pada golongan 4A, periode 1', NULL, NULL, '0', 0),
(410, 105, 'Atom kalium akan tetap mempertahankan elektron pada kulit terluarnya', NULL, NULL, '0', 0),
(411, 106, 'Pengurai materi organik tanah', NULL, NULL, '1', 1),
(412, 106, 'Pengurai materi anorganik sampah plastik', NULL, NULL, '0', 0),
(413, 106, 'Pengasup nutrisi bagi organisme', NULL, NULL, '0', 0),
(414, 106, 'Pengasup nutrisi bagi tumbuhan', NULL, NULL, '0', 0),
(415, 107, 'pengikisan nutrisi akibat hujan lebat ', NULL, NULL, '1', 1),
(416, 107, 'pembentukan gurun akibat penebangan pohon', NULL, NULL, '0', 0),
(417, 107, 'banjir akibat pembangunan bendungan', NULL, NULL, '0', 0),
(418, 107, 'degradasi nutrisi dalam tanah akibat penggunaan pestisida', NULL, NULL, '0', 0),
(419, 108, 'lapisan A', NULL, NULL, '1', 1),
(420, 108, 'lapisan B', NULL, NULL, '0', 0),
(421, 108, 'lapisan C', NULL, NULL, '0', 0),
(422, 108, 'lapisan D', NULL, NULL, '0', 0),
(423, 109, 'daerah datar yang tandus', NULL, NULL, '1', 1),
(424, 109, 'daerah miring yang tandus', NULL, NULL, '0', 0),
(425, 109, 'daerah datar dengan rerumputan', NULL, NULL, '0', 0),
(426, 109, 'daerah miring dengan semak-semak', NULL, NULL, '0', 0),
(427, 110, 'Terasering, sistem pertanian sesuai tofografi lahan', NULL, NULL, '1', 1),
(428, 110, 'Terasering, teknik pertanian di lahan miring', NULL, NULL, '1', 1),
(429, 110, 'Terasering, untuk mencegah erosi di lahan miring', NULL, NULL, '1', 1),
(430, 110, 'Terasering, teknik pertanian di lahan berair', NULL, NULL, '0', 0),
(431, 110, 'Terasering, untuk mempercepat laju erosi tanah di lahan miring', NULL, NULL, '0', 0),
(432, 111, 'teknologi <em>biofuel</em> ', NULL, NULL, '1', 1),
(433, 111, 'teknologi <em>fuel cell</em>', NULL, NULL, '0', 0),
(434, 111, 'teknologi biopori', NULL, NULL, '0', 0),
(435, 111, 'teknologi biogas', NULL, NULL, '0', 0),
(436, 112, 'menghasilkan listrik meskipun di malam hari ', NULL, NULL, '1', 1),
(437, 112, 'mudah dipasang dan dikembangkan', NULL, NULL, '0', 0),
(438, 112, 'tidak menghasilkan emisi rumah kaca', NULL, NULL, '0', 0),
(439, 112, 'tidak menghasilkan gas SO<sub>2</sub>', NULL, NULL, '0', 0),
(440, 113, 'menjaga keberlangsungan lingkungan dimasa depan', NULL, NULL, '1', 1),
(441, 113, 'memperhatikan keseimbangan lingkungan, sosial, dan ekonomi', NULL, NULL, '1', 1),
(442, 113, 'menggunakan sumber daya alam yang dapat diperbaharui ', NULL, NULL, '1', 1),
(443, 113, 'menggunakan bahan-bahan yang tidak dapat didaur ulang', NULL, NULL, '0', 0),
(444, 113, 'selalu menggunakan pupuk sintetis dibidang pertanian', NULL, NULL, '0', 0),
(445, 114, 'bus dengan mesin motor listrik ', NULL, NULL, '1', 1),
(446, 114, 'bus dengan mesin diesel', NULL, NULL, '0', 0),
(447, 114, 'pesawat dengan bahan bakar avtur', NULL, NULL, '0', 0),
(448, 114, 'motor dengan bahan bakar minyak bumi', NULL, NULL, '0', 0),
(449, 115, 'menghasilkan gas natrium klorida ', NULL, NULL, '1', 1),
(450, 115, 'menghasilkan zat radioaktif', NULL, NULL, '0', 0),
(451, 115, 'menyebabkan gangguan pernapasan', NULL, NULL, '0', 0),
(452, 115, 'menyebabkan polusi udara', NULL, NULL, '0', 0),
(453, 116, 'geologi', NULL, NULL, '1', 1),
(454, 116, 'geopower', NULL, NULL, '0', 0),
(455, 116, 'geotermal', NULL, NULL, '0', 0),
(456, 116, 'geoelektrik', NULL, NULL, '0', 0),
(457, 117, 'Bakteri yang bersimbiosis tersebut adalah <em>Rizhobium radicicola</em> ', NULL, NULL, '1', 1),
(458, 117, 'Pengembalian kesuburan tanah secara biologis tidak berdampak negatif', NULL, NULL, '1', 1),
(459, 117, 'Nitrogen sebenarnya dikandung oleh pupuk sintesis Zwazelfur Amoniak', NULL, NULL, '1', 1),
(460, 117, 'Bakteri yang bersimbiosis tersebut adalah <em>Orizae sativa</em> ', NULL, NULL, '0', 0),
(461, 117, 'Pengembalian kesuburan tanah secara biologis tidak ekonomis', NULL, NULL, '0', 0),
(462, 118, 'Pelapukan kimiawi', NULL, NULL, '1', 1),
(463, 118, 'Pelapukan fisis', NULL, NULL, '0', 0),
(464, 118, 'Pelapukan organik', NULL, NULL, '0', 0),
(465, 118, 'Pelapukan biologis', NULL, NULL, '0', 0),
(466, 119, 'Mg<sup>2+</sup> dan NO<sup>3-</sup> ', NULL, NULL, '1', 1),
(467, 119, 'SO<sub>4</sub><sup>2-</sup> dan O<sub>2</sub>', NULL, NULL, '0', 0),
(468, 119, 'O<sub>2</sub> dan CO<sub>2</sub>', NULL, NULL, '0', 0),
(469, 119, 'Mg<sup>2+</sup> dan CO<sub>2</sub>', NULL, NULL, '0', 0),
(470, 120, '702 cm<sup>2</sup>', NULL, NULL, '0', 0),
(471, 120, '802 cm<sup>2</sup>', NULL, NULL, '0', 0),
(472, 120, '902 cm<sup>2</sup>', NULL, NULL, '1', 1),
(473, 120, '1.002 cm<sup>2</sup>', NULL, NULL, '0', 0),
(474, 121, '29,04 cm<sup>2</sup>', NULL, NULL, '1', 1),
(475, 121, '23,10 cm<sup>2</sup>', NULL, NULL, '0', 0),
(476, 121, '18,04 cm<sup>2</sup>', NULL, NULL, '0', 0),
(477, 121, '9,24 cm<sup>2</sup>', NULL, NULL, '0', 0),
(478, 122, '648,24 cm<sup>2</sup>', NULL, NULL, '0', 0),
(479, 122, '658,24 cm<sup>2</sup>', NULL, NULL, '0', 0),
(480, 122, '668,24 cm<sup>2</sup>', NULL, NULL, '0', 0),
(481, 122, '678,24 cm<sup>2</sup>', NULL, NULL, '1', 1),
(482, 123, '1.155 cm<sup>3</sup>', NULL, NULL, '0', 0),
(483, 123, '1.042 cm<sup>3</sup>', NULL, NULL, '0', 0),
(484, 123, '942 cm<sup>3</sup>', NULL, NULL, '0', 0),
(485, 123, '785 cm<sup>3</sup>', NULL, NULL, '1', 1),
(486, 124, '176,625 liter', NULL, NULL, '0', 0),
(487, 124, '201,925 liter', NULL, NULL, '0', 0),
(488, 124, '158,962 liter', NULL, NULL, '1', 1),
(489, 124, '176,962 liter', NULL, NULL, '0', 0),
(490, 125, '8 cm', NULL, NULL, '0', 0),
(491, 125, '12 cm', NULL, NULL, '1', 1),
(492, 125, '14 cm', NULL, NULL, '0', 0),
(493, 125, '17 cm', NULL, NULL, '0', 0),
(494, 126, '2.376 cm<sup>2</sup>', NULL, NULL, '0', 0),
(495, 126, '3.520 cm<sup>2</sup>', NULL, NULL, '0', 0),
(496, 126, '4.136 cm<sup>2</sup>', NULL, NULL, '0', 0),
(497, 126, '4.752 cm<sup>2</sup>', NULL, NULL, '1', 1),
(502, 128, '28 cm', NULL, NULL, '0', 0),
(503, 128, '21 cm', NULL, NULL, '0', 0),
(504, 128, '14 cm', NULL, NULL, '0', 0),
(505, 128, '7 cm', NULL, NULL, '1', 1),
(506, 129, '37 cm', NULL, NULL, '0', 0),
(507, 129, '42 cm', NULL, NULL, '0', 0),
(508, 129, '44 cm', NULL, NULL, '1', 1),
(509, 129, '52 cm', NULL, NULL, '0', 0),
(510, 130, '48 menit', NULL, NULL, '0', 0),
(511, 130, '50 menit', NULL, NULL, '0', 0),
(512, 130, '55 menit', NULL, NULL, '1', 1),
(513, 130, '56 menit', NULL, NULL, '0', 0),
(514, 131, '1.200 cm<sup>2</sup>', NULL, NULL, '0', 0),
(515, 131, '1.256 cm<sup>2</sup>', NULL, NULL, '1', 1),
(516, 131, '1.277 cm<sup>2</sup>', NULL, NULL, '0', 0),
(517, 131, '1.266 cm<sup>2</sup>', NULL, NULL, '0', 0),
(518, 132, '20.174 cm<sup>3</sup>', NULL, NULL, '0', 0),
(519, 132, '204 cm<sup>3</sup>', NULL, NULL, '0', 0),
(520, 132, '24 cm<sup>3</sup>', NULL, NULL, '0', 0),
(521, 132, '20.064 cm<sup>3</sup>', NULL, NULL, '1', 1),
(522, 133, '7 tabung', NULL, NULL, '0', 0),
(523, 133, '8 tabung', NULL, NULL, '1', 1),
(524, 133, '6 tabung', NULL, NULL, '0', 0),
(525, 133, '9 tabung', NULL, NULL, '0', 0),
(526, 134, '10 cm', NULL, NULL, '0', 0),
(527, 134, '20 cm', NULL, NULL, '0', 0),
(528, 134, '30 cm', NULL, NULL, '0', 0),
(529, 134, '40 cm', NULL, NULL, '1', 1),
(530, 135, '6', NULL, NULL, '0', 0),
(531, 135, '30', NULL, NULL, '1', 1),
(532, 135, '32', NULL, NULL, '0', 0),
(533, 135, '42', NULL, NULL, '0', 0),
(534, 136, 'Juring Lingkaran ', NULL, NULL, '1', 1),
(535, 136, 'Persegi panjang ', NULL, NULL, '0', 0),
(536, 136, 'Segi tiga ', NULL, NULL, '0', 0),
(537, 136, 'Lingkaran', NULL, NULL, '0', 0),
(538, 137, '10 cm ', NULL, NULL, '0', 0),
(539, 137, '14 cm ', NULL, NULL, '1', 1),
(540, 137, '12 cm ', NULL, NULL, '0', 0),
(541, 137, '16 cm', NULL, NULL, '0', 0),
(542, 138, 'Juring Lingkaran ', NULL, NULL, '0', 0),
(543, 138, 'Persegi panjang ', NULL, NULL, '1', 1),
(544, 138, 'Segi tiga ', NULL, NULL, '0', 0),
(545, 138, 'Lingkaran', NULL, NULL, '0', 0),
(546, 139, 'Pola minum 1 lebih tepat untuk memenuhi kebutuhan air minum Farell', NULL, NULL, '1', 1),
(547, 139, 'Pola minum 2 lebih tepat untuk memenuhi kebutuhan air minum Farell', NULL, NULL, '0', 0),
(548, 139, 'Pola minum 2 sebanyak 6,5 gelas takaran', NULL, NULL, '1', 1),
(549, 139, 'Selisih pola minum 1 dan pola minum 2 adalah 0,5 gelas takaran', NULL, NULL, '1', 1),
(550, 140, 'Untuk satu kali mandi diperlukan minimal 10 gayung air', NULL, NULL, '1', 1),
(551, 140, 'Tiap satu jam air yang terbuang karena kran bocor sama dengan volume sebuah gayung berukuran standar', NULL, NULL, '0', 0),
(552, 140, 'Untuk membuat 1 rim (500 lembar) kertas A4 seberat 80 gram dibutuhkan 500 liter air.', NULL, NULL, '0', 0),
(553, 140, 'Banyak air yang dipakai mandi menggunakan bathtub setara dengan banyak air yang dipakai mandi oleh 20 orang dengan menggunakan gayung.', NULL, NULL, '1', 1),
(554, 141, '240', NULL, NULL, '0', 0),
(555, 142, '3', NULL, NULL, '0', 0),
(556, 143, 'Rp2.558.000', NULL, NULL, '0', 0),
(557, 143, 'Rp2.585.000', NULL, NULL, '1', 1),
(558, 143, 'Rp2.500.000', NULL, NULL, '0', 0),
(559, 143, 'Rp2.355.000', NULL, NULL, '0', 0),
(560, 144, ' 264 cm<sup>2</sup>', NULL, NULL, '0', 0),
(561, 144, ' 462 cm<sup>2</sup>', NULL, NULL, '0', 0),
(562, 144, ' 1.386 cm<sup>2</sup>', NULL, NULL, '1', 1),
(563, 144, '4.851 cm<sup>2</sup>', NULL, NULL, '0', 0),
(564, 145, 'Tabung : 2 &pi;r (r+ t)', NULL, NULL, '0', 0),
(565, 145, 'Kerucut : &pi; r(r + s)', NULL, NULL, '0', 0),
(566, 145, 'Bola : 4&pi;r&sup2;', NULL, NULL, '0', 0),
(567, 145, 'Tabung : &pi;r&sup2;t', NULL, NULL, '1', 1),
(568, 146, ' 11 cm', NULL, NULL, '0', 0),
(569, 146, ' 13 cm', NULL, NULL, '1', 1),
(570, 146, ' 16 cm', NULL, NULL, '0', 0),
(571, 146, ' 17 cm', NULL, NULL, '0', 0),
(572, 147, '1.023', NULL, NULL, '0', 0),
(573, 147, '1.232', NULL, NULL, '1', 1),
(574, 147, '1.378', NULL, NULL, '0', 0),
(575, 147, '1.478', NULL, NULL, '0', 0),
(576, 148, 'Kerucut memiliki alas berbentuk lingkaran', NULL, NULL, '0', 0),
(577, 148, 'Kerucut memiliki satu rusuk', NULL, NULL, '0', 0),
(578, 148, 'Kerucut memiliki atap berbentuk lingkaran', NULL, NULL, '1', 1),
(579, 148, 'Garis pelukis kerucut menghubungkan titik puncak dengan titik-titik pada lingkaran', NULL, NULL, '0', 0),
(580, 149, '502,4 cm<sup>2</sup>', NULL, NULL, '1', 1),
(581, 149, '402,4 cm<sup>2</sup>', NULL, NULL, '0', 0),
(582, 149, '324 cm<sup>2</sup>', NULL, NULL, '0', 0),
(583, 149, '314 cm<sup>2</sup>', NULL, NULL, '0', 0),
(584, 150, 'Narrative', NULL, NULL, '1', 1),
(585, 150, 'Descriptive', NULL, NULL, '0', 0),
(586, 150, 'Report', NULL, NULL, '0', 0),
(587, 150, 'Recount', NULL, NULL, '0', 0),
(588, 151, 'Eat it', NULL, NULL, '1', 1),
(589, 151, 'Released it', NULL, NULL, '0', 0),
(590, 151, 'Help it', NULL, NULL, '0', 0),
(591, 151, 'Chase it', NULL, NULL, '0', 0),
(592, 152, 'A friend in need is a friend indeed', NULL, NULL, '1', 1),
(593, 152, 'A friend in need is not a friend indeed', NULL, NULL, '0', 0),
(594, 152, 'Unbelieve with your friend', NULL, NULL, '0', 0),
(595, 152, 'A true friendship last forever', NULL, NULL, '0', 0),
(596, 153, 'Shocked', NULL, NULL, '1', 1),
(597, 153, 'Happy', NULL, NULL, '0', 0),
(598, 153, 'Afraid', NULL, NULL, '0', 0),
(599, 153, 'Angry', NULL, NULL, '0', 0),
(600, 154, 'No, he did not', NULL, NULL, '1', 1),
(601, 154, 'Yes, he is', NULL, NULL, '0', 0),
(602, 154, 'Yes, he was', NULL, NULL, '0', 0),
(603, 154, 'No, he was not', NULL, NULL, '0', 0),
(604, 155, 'Borrowed', NULL, NULL, '1', 1),
(605, 155, 'Borrowing', NULL, NULL, '0', 0),
(606, 155, 'Borrow', NULL, NULL, '0', 0),
(607, 155, 'Borrowes', NULL, NULL, '0', 0),
(618, 158, 'Spoke', NULL, NULL, '1', 1),
(619, 158, 'Speaks', NULL, NULL, '0', 0),
(620, 158, 'Speak', NULL, NULL, '0', 0),
(621, 158, 'Speaking', NULL, NULL, '0', 0),
(622, 159, 'are called', NULL, NULL, '1', 1),
(623, 159, 'is calling', NULL, NULL, '0', 0),
(624, 159, 'is called', NULL, NULL, '0', 0),
(625, 159, 'are calling', NULL, NULL, '0', 0),
(626, 160, 'my motorcycle is selling by them', NULL, NULL, '1', 1),
(627, 160, 'a noodle is cooked', NULL, NULL, '0', 0),
(628, 160, 'a car is cleaned by my brother', NULL, NULL, '0', 0),
(629, 160, 'shirt is sold in the market', NULL, NULL, '0', 0),
(630, 161, 'The door is opened by Tom', NULL, NULL, '1', 1),
(631, 161, 'The door opened by Tom', NULL, NULL, '0', 0),
(632, 161, 'The door was opened by Tom', NULL, NULL, '0', 0),
(633, 161, 'The door opens by Tom', NULL, NULL, '0', 0),
(634, 162, 'Narrating', NULL, NULL, '1', 1),
(635, 162, 'Describing', NULL, NULL, '0', 0),
(636, 162, 'Instructing', NULL, NULL, '0', 0),
(637, 162, 'Arguing', NULL, NULL, '0', 0),
(638, 163, 'Step mother and her sisters', NULL, NULL, '1', 1),
(639, 163, 'Step mother', NULL, NULL, '0', 0),
(640, 163, 'Her father', NULL, NULL, '0', 0),
(641, 163, 'The prince', NULL, NULL, '0', 0),
(642, 164, 'Orientation', NULL, NULL, '1', 1),
(643, 164, 'Complication', NULL, NULL, '0', 0),
(644, 164, 'Resolution', NULL, NULL, '0', 0),
(645, 164, 'Coda', NULL, NULL, '0', 0),
(646, 165, 'Cinderella had to return before midnight', NULL, NULL, '1', 1),
(647, 165, 'Cinderella had to dance the whole night with the prince.', NULL, NULL, '0', 0),
(648, 165, 'Cinderella had to clean the house at midnight', NULL, NULL, '0', 0),
(649, 165, 'Cinderella had to clean the palace after the ball', NULL, NULL, '0', 0),
(650, 166, 'The prince went to every house to find Cinderella', NULL, NULL, '1', 1),
(651, 166, 'The prince married Cinderella&rsquo;s mother', NULL, NULL, '0', 0),
(652, 166, 'Cinderella refused the prince', NULL, NULL, '0', 0),
(653, 166, 'Cinderella did not live happily ever after', NULL, NULL, '0', 0),
(654, 168, 'Kraton tea', NULL, NULL, '1', 1),
(655, 168, 'tea', NULL, NULL, '0', 0),
(656, 168, 'Over tea', NULL, NULL, '0', 0),
(657, 168, 'Remove tea', NULL, NULL, '0', 0),
(658, 169, 'one bag per cup', NULL, NULL, '1', 1),
(659, 169, 'two bags per cup', NULL, NULL, '0', 0),
(660, 169, 'three bags per cup', NULL, NULL, '0', 0),
(661, 169, 'four bags per cup', NULL, NULL, '0', 0),
(662, 170, 'before six august two thousand and eighteen', NULL, NULL, '1', 1),
(663, 170, 'after six august two thousand and eighteen', NULL, NULL, '0', 0),
(664, 170, 'after six august two thousand and nineteen', NULL, NULL, '0', 0),
(665, 170, 'before six august two thousand and nineteen', NULL, NULL, '0', 0),
(666, 171, 'to advertise the product', NULL, NULL, '1', 1),
(667, 171, 'to tell the value of the drink', NULL, NULL, '0', 0),
(668, 171, 'to describe the drink product', NULL, NULL, '0', 0),
(669, 171, 'to give a detailed information about the product', NULL, NULL, '0', 0),
(670, 172, 'Thirty six days.', NULL, NULL, '0', 0),
(671, 172, 'Two weeks.', NULL, NULL, '0', 0),
(672, 172, 'Thirty days.', NULL, NULL, '0', 0),
(673, 172, 'Fifteen days', NULL, NULL, '0', 0),
(674, 173, 'We were visited by my mother yesterday', NULL, NULL, '1', 1),
(675, 173, 'Much money was brought by me to them', NULL, NULL, '1', 1),
(676, 173, 'A letter was sent by andi', NULL, NULL, '1', 1),
(677, 173, 'He is watching a move', NULL, NULL, '0', 0),
(678, 173, 'They are making a cake', NULL, NULL, '0', 0),
(679, 174, 'Snow White was happy to run away', NULL, NULL, '1', 1),
(680, 174, 'Snow White liked playing in the woods.', NULL, NULL, '1', 1),
(681, 174, 'Her parents passed away', NULL, NULL, '1', 1),
(682, 174, 'Her uncle and aunt don&rsquo;t have enough money', NULL, NULL, '0', 0),
(683, 174, 'Her uncle and aunt would go to America', NULL, NULL, '0', 0),
(684, 175, 'Her uncle and aunt would go to America', NULL, NULL, '1', 1),
(685, 175, 'She ran away into the woods on the next morning', NULL, NULL, '1', 1),
(686, 175, 'Snow white parents were dead', NULL, NULL, '1', 1),
(687, 175, 'Snow white were not afraid of the dwarfs', NULL, NULL, '0', 0),
(688, 175, 'She ran away from a monster', NULL, NULL, '0', 0),
(689, 176, 'The soup is cooking by my mother', NULL, NULL, '0', 0),
(690, 176, 'My mother was cooking in the kitchen', NULL, NULL, '0', 0),
(691, 176, 'Meri does not like mango', NULL, NULL, '0', 0),
(692, 176, 'The banana was taken by me', NULL, NULL, '0', 0),
(693, 176, 'The window is being closed', NULL, NULL, '0', 0),
(694, 177, 'CDs, cassettes', NULL, NULL, '1', 1),
(695, 177, 'Toys', NULL, NULL, '1', 1),
(696, 177, 'Teen fashions', NULL, NULL, '1', 1),
(697, 177, 'Bike', NULL, NULL, '0', 0),
(698, 177, 'TVs', NULL, NULL, '0', 0),
(699, 178, 'Dolls', NULL, NULL, '1', 1),
(700, 178, 'Pop', NULL, NULL, '1', 1),
(701, 178, 'Rock', NULL, NULL, '1', 1),
(702, 178, 'Shoes', NULL, NULL, '0', 0),
(703, 178, 'Jeans', NULL, NULL, '0', 0),
(704, 179, 'have a fashion business', NULL, NULL, '1', 1),
(705, 179, 'like having chat', NULL, NULL, '1', 1),
(706, 179, 'play games a lot', NULL, NULL, '1', 1),
(707, 179, 'like using social media', NULL, NULL, '0', 0),
(708, 179, 'like using Internet', NULL, NULL, '0', 0),
(709, 180, 'T-Mobile is the brand name of product', NULL, NULL, '1', 1),
(710, 180, 'Truly unlimited', NULL, NULL, '1', 1),
(711, 180, 'Included 2 GB of full speed data', NULL, NULL, '1', 1),
(712, 180, 'Only Data and not talk', NULL, NULL, '0', 0),
(713, 180, 'Browse the web unconnected', NULL, NULL, '0', 0),
(714, 181, '3 - 4 - 1 &ndash; 2', NULL, NULL, '1', 1),
(715, 181, '3 - 4 - 2 &ndash; 1', NULL, NULL, '0', 0),
(716, 181, '2 - 4 - 1 &ndash; 3', NULL, NULL, '0', 0),
(717, 181, '2 - 4 - 3 &ndash; 1', NULL, NULL, '0', 0),
(718, 182, 'The postman delivered the letters yesterday.', NULL, NULL, '1', 1),
(719, 182, 'The postman yesterday delivered the letters.', NULL, NULL, '0', 0),
(720, 182, 'The postman letters the delivered yesterday.', NULL, NULL, '0', 0),
(721, 182, 'Yesterday postman the letters the delivered.', NULL, NULL, '0', 0),
(722, 183, 'Pelaku pembakaran hutan hanya sekelompok orang-orang tertentu, sedangkan masyarakat umum menerima dampaknya dalam skala besar.', NULL, NULL, '0', 0),
(723, 183, 'Pada kenyataanya, pembakaran hutan sebagai upaya pembukaan lahan sangat merugikan masyarakat. Akan tetapi, pihak-pihak tertentu masih melakukannya demi kepentingan kelompok mereka.', NULL, NULL, '0', 0),
(724, 183, 'Alih fungsi lahan memang boleh dilakukan. Namun, cara yang digunakan harus dipertimbangkan.', NULL, NULL, '0', 0),
(725, 183, 'Kemunculan ojek <em>online</em> membuat masyarakat merasa sangat diuntungkan. Akhirnya, banyak yang berpindah dari yang semula berlangganan ojek konvensional menjadi berlangganan ojek <em>online</em>.', NULL, NULL, '1', 1),
(726, 184, 'Budaya menyapa yang sudah tidak relevan.', NULL, NULL, '0', 0),
(727, 184, 'Budaya menyapa di masyarakat.', NULL, NULL, '1', 1),
(728, 184, 'Melestarikan budaya menyapa', NULL, NULL, '0', 0),
(729, 184, 'Alasan melakukan kebiasaan menyapa', NULL, NULL, '0', 0),
(730, 185, '2', NULL, NULL, '0', 0),
(731, 185, '3', NULL, NULL, '0', 0),
(732, 185, '4', NULL, NULL, '0', 0),
(733, 185, '5', NULL, NULL, '1', 1),
(734, 186, 'Kemendikbud memberikan wewenang kepada pemerintah daerah, sekolah, dan orang tua terkait kegiatan belajar mengajar tatap muka.', NULL, NULL, '1', 1),
(735, 186, 'Pembelajaran jarak jauh justru menjadi hal yang tepat dilakukan di masa pandemi covid 19 saat ini.', NULL, NULL, '0', 0),
(736, 186, 'Pembelajaran jarak jauh menyebabkan salah satu siswa Di Kabupaten Gowa, Sulawesi Selatan bunuh diri.', NULL, NULL, '0', 0),
(737, 186, 'Pihak sekolah dan orang tua berperan besar dalam memberi pemahaman dan pengawasan terkait protokol kesehatan para siswa', NULL, NULL, '1', 1),
(738, 187, 'dampak internet bagi pelajar ', NULL, NULL, '0', 0),
(739, 187, 'dampak internet bagi masyarakat ', NULL, NULL, '1', 1),
(740, 187, 'manfaat internet bagi pelajar ', NULL, NULL, '0', 0),
(741, 187, 'manfaat internet bagi masyarakat', NULL, NULL, '0', 0),
(742, 188, 'Kegiatan proses belajar mengajar <em>Full day school</em> diselenggarakan secara penuh mulai pukul 07.00-16.00.', NULL, NULL, '1', 1),
(743, 188, '<em>Full day school</em> memangkas waktu yang panjang dan menyulitkan siswa untuk melakukan kegiatan di luar sesuai minat masing-masing.', NULL, NULL, '1', 1),
(744, 188, 'Semua orang tua mendukung program ini menganggap <em>Full day school</em> sebagai solusi terbaik untuk mengantisipasi dampak buruk era globalisasi.', NULL, NULL, '0', 0),
(745, 188, '<em>Full day school</em> dianggap dapat memberikan pelajaran, pembiasaan yang baik, pendidikan, pelatihan yang cukup agar siswa dapat mencapai dan memenuhi program jaminan mutu sekolah.', NULL, NULL, '1', 1),
(746, 189, '<em>Full day school</em> sebagai solusi terbaik untuk mengantisipasi dampak buruk era globalisasi.', NULL, NULL, '1', 1),
(747, 189, 'Siswa butuh istirahat yang cukup agar konsentrasinya tetap terjaga secara maksimal untuk mampu mencerna pelajaran yang diberikan.', NULL, NULL, '0', 0),
(748, 189, '<em>Full day school</em> memangkas waktu yang panjang dan hal ini akan menyulitkan siswa untuk melakukan kegiatan di luar sesuai minat masing-masing.', NULL, NULL, '0', 0),
(749, 189, 'Program ini pun membantu guru-guru untuk lolos sertifikasi guru dengan mengajar 24 jam perminggu.', NULL, NULL, '1', 1),
(750, 190, 'Temporal', NULL, NULL, '0', 0),
(751, 190, 'Perlawanan', NULL, NULL, '1', 1),
(752, 190, 'Penerang', NULL, NULL, '0', 0),
(753, 190, 'Kausalitas', NULL, NULL, '0', 0),
(754, 191, 'Internet merupakan sarana yang bagus sebagai media pembelajaran.', NULL, NULL, '0', 0),
(755, 191, 'Ternyata internet memang dibutuhkan di masa kini karena merupakan suatu wujud perkembangan zaman.', NULL, NULL, '1', 1),
(756, 191, 'Internet juga bisa mendidik seseorang menjadi pemalas.', NULL, NULL, '0', 0),
(757, 191, 'Internet telah menjadi fenomena di masa sekarang yang wajib diikuti semua orang.', NULL, NULL, '0', 0),
(758, 192, 'Menjadi sarana yang bagus sebagai media pembelajaran.', NULL, NULL, '0', 0),
(759, 192, 'Memudahkan orang untuk mencari informasi.', NULL, NULL, '0', 0),
(760, 192, 'Menyuburkan bisnis warnet atau game online', NULL, NULL, '0', 0),
(761, 192, 'Internet bisa mendidik seseorang menjadi pemalas.', NULL, NULL, '1', 1),
(762, 193, 'isu', NULL, NULL, '1', 1),
(763, 193, 'argumen mendukung', NULL, NULL, '0', 0),
(764, 193, 'argumen menentang', NULL, NULL, '0', 0),
(765, 193, 'simpulan', NULL, NULL, '0', 0),
(766, 194, 'campak wabah COVID-19', NULL, NULL, '0', 0),
(767, 194, 'cara mengendalikan wabah COVID-19', NULL, NULL, '1', 1),
(768, 194, 'bahaya penyakit COVID-19', NULL, NULL, '0', 0),
(769, 194, 'cara mengobati penyait COVID-19', NULL, NULL, '0', 0),
(770, 195, 'Orientasi', NULL, NULL, '1', 1),
(771, 195, 'Komplikasi', NULL, NULL, '0', 0),
(772, 195, 'Resolusi', NULL, NULL, '0', 0),
(773, 195, 'Koda', NULL, NULL, '0', 0),
(774, 196, 'serakah', NULL, NULL, '0', 0),
(775, 196, 'adil', NULL, NULL, '1', 1),
(776, 196, 'sombong', NULL, NULL, '0', 0),
(777, 196, 'pemarah', NULL, NULL, '0', 0),
(778, 197, 'Struktural', NULL, NULL, '0', 0),
(779, 197, 'Sebab akibat', NULL, NULL, '1', 1),
(780, 197, 'Pengenalan', NULL, NULL, '0', 0),
(781, 197, 'Interpretasi', NULL, NULL, '0', 0),
(782, 198, 'Mengasyikkan', NULL, NULL, '0', 0),
(783, 198, 'Menyedihkan', NULL, NULL, '1', 1),
(784, 198, 'Memalukan', NULL, NULL, '0', 0),
(785, 198, 'Menyenangkan', NULL, NULL, '0', 0),
(786, 199, 'Membiasakan berobat ke dokter', NULL, NULL, '0', 0),
(787, 199, 'Menghindari nyamuk demam berdarah', NULL, NULL, '0', 0),
(788, 199, 'Selalu mengobati penyakit', NULL, NULL, '0', 0),
(789, 199, 'Menerapkan perilaku hidup sehat', NULL, NULL, '1', 1),
(790, 200, 'gugur, mati', NULL, NULL, '1', 1),
(791, 200, 'gugur, tewas', NULL, NULL, '0', 0),
(792, 200, 'wafat, tewas', NULL, NULL, '0', 0),
(793, 200, 'meninggal, mati', NULL, NULL, '0', 0),
(794, 201, 'gunakan <em>handphone</em> sehemat mungkin agar tidak menghabiskan pulsa.', NULL, NULL, '0', 0),
(795, 201, 'gunakan <em>handphone</em> secara bijak sesuai keperluan.', NULL, NULL, '1', 1),
(796, 201, 'matikan <em>handphone</em> pada saat tidak diperlukan.', NULL, NULL, '0', 0),
(797, 201, 'jangan menggunakan <em>handphone</em> karena membuat kita lupa waktu.', NULL, NULL, '0', 0),
(798, 202, '(5), (4), (3), (2), (1)', NULL, NULL, '0', 0),
(799, 202, '(5), (3), (4), (1), (2)', NULL, NULL, '0', 0),
(800, 202, '(5), (4), (3), (1), (2)', NULL, NULL, '1', 1),
(801, 202, '(5), (1), (3), (4), (2)', NULL, NULL, '0', 0),
(802, 203, 'Pemerintah mengeluarkan peraturan-peraturan untuk mencegah penyebaran wabah COVID-19.', NULL, NULL, '1', 1),
(803, 203, 'Kurangnya tingkat kesadaran terhadap bahaya pandemic COVID-19.', NULL, NULL, '0', 0),
(804, 203, 'Beberapa individu yang masih belum melaksanakan aturau-aturan yang dibuat oleh pemerintah.', NULL, NULL, '0', 0),
(805, 203, 'Berbagai lapisan masyarakatpun melaksanakan aturan-aturan sebagai wujud kesadaran diri.', NULL, NULL, '0', 0),
(806, 204, 'Jepang merupakan Negara kepulauan yang cukup padat dengan penduduk lebih dari seratus juta jiwa.', NULL, NULL, '1', 1),
(807, 204, 'Sumber kalori beras digantikan oleh produk ternak, terigu, dan ikan.', NULL, NULL, '0', 0),
(808, 204, 'Sebagai Negara makmur, masyarakat Jepang tidak mengalami perubahan pola pangan, yaitu tetap menjadikan beras sebagai sumber kalori.', NULL, NULL, '1', 1),
(809, 204, 'Saat ini, tinggal 30 % masyarakat Jepang yang mengnsumsi beras sebagai makanan pokok mereka.', NULL, NULL, '1', 1),
(810, 205, 'Lahir tanggal 24 Januari 1916 di Purbalingga ', NULL, NULL, '0', 0),
(811, 205, 'Melakukan pemberontakan bersama prajurit lainnya ', NULL, NULL, '0', 0),
(812, 205, 'Dihormati masyarakat karena ketaatannya pada ajaran Islam ', NULL, NULL, '0', 0),
(813, 205, 'Menjadi panglima besar pertama setelah kemerdekaan Indonesia', NULL, NULL, '1', 1),
(814, 206, 'Sudirman adalah seorang siswa yang rajin dan sangat aktif dalam kegiatan ekstra kurikuler terutama program kepanduan (pramuka). ', NULL, NULL, '1', 1),
(815, 206, 'Sudirman terpilih menjadi panglima besar, tepatnya pada tanggal 12 November 1945. ', NULL, NULL, '1', 1),
(816, 206, 'Sudirman sangat dihormati oleh masyarakat karena ketaatannya pada ajaran Islam.', NULL, NULL, '1', 1),
(817, 206, 'Jenderal Sudirman wafat kurang lebih satu tahun setelah Belanda mengakui kemerdekaan Indonesia dalam usia 34 tahun', NULL, NULL, '0', 1),
(818, 207, 'Sangat menyukai organisasi kepanduan.', NULL, NULL, '0', 0),
(819, 207, 'Tetap bergerilya melawan Belanda walaupun dalam keadaan sakit.', NULL, NULL, '1', 1),
(820, 207, 'Memiliki semangat patriotisme pada bangsa dan negara.', NULL, NULL, '1', 1),
(821, 207, 'Seorang guru yang menjadi kepala sekolah di SD Muhammadiyah.', NULL, NULL, '0', 0),
(822, 207, 'Bersatu dan bergabung dengan rakyat demi mewujudkan kemerdekaan RI', NULL, NULL, '1', 1),
(823, 208, 'Pesan', NULL, NULL, '1', 1),
(824, 208, 'Tujuan', NULL, NULL, '0', 0),
(825, 208, 'Latar belakang', NULL, NULL, '0', 0),
(826, 208, 'Cerita', NULL, NULL, '0', 0),
(827, 209, 'Koda', NULL, NULL, '1', 1),
(828, 209, 'Resolusi', NULL, NULL, '0', 0),
(829, 209, 'Komplikasi', NULL, NULL, '0', 0),
(830, 209, 'Perumitan peristiwa', NULL, NULL, '0', 0),
(836, 211, 'Peduli terhadap lingkungan di tempat tinggal mereka ', NULL, NULL, '1', 1),
(837, 211, 'Memiliki ide untuk mengatasi masalah yang dihadapi ', NULL, NULL, '0', 1),
(838, 211, 'Mengajak orang-orang di sekitar untuk melakukan gerakan perbaikan ', NULL, NULL, '1', 1),
(839, 211, 'Kecewa karena para tetangga enggan diajak menanam pohon ', NULL, NULL, '1', 1),
(840, 211, 'Optimistis bahwa Pandora akan menjadi solusi kurangnya air di musim kemarau', NULL, NULL, '0', 1),
(841, 212, 'Tokoh Aku menawarkan bibit pohon belimbing kepada semua tetangga di Kampungnya.', NULL, NULL, '0', 0),
(842, 212, 'Air di kampung tersebut melimpah ruah sehingga semua warga bersedia menanam belimbing wuluh.', NULL, NULL, '0', 0),
(843, 212, 'Pemasangan Pandora L terletak di Kampung Genteng Candirejo di tengah kota Surabaya, ibu kota Provinsi Jawa Timur.', NULL, NULL, '1', 1),
(844, 212, 'Semua jalan di kampung ditanami belimbing wuluh sehingga semua bagian menjadi teduh.', NULL, NULL, '0', 0),
(845, 213, 'rumah dan rumah sakit', NULL, NULL, '0', 0),
(846, 213, 'jalan dan sekolah', NULL, NULL, '0', 0),
(847, 213, 'sekolah dan rumah', NULL, NULL, '0', 0),
(848, 213, 'sekolah dan rumah sakit', NULL, NULL, '1', 1),
(849, 214, 'kritik', NULL, NULL, '0', 0),
(850, 214, 'pujian', NULL, NULL, '0', 0),
(851, 214, 'alasan', NULL, NULL, '0', 0),
(852, 214, 'saran', NULL, NULL, '1', 1),
(853, 215, 'pentingnya bersyukur', NULL, NULL, '1', 1),
(854, 215, 'keharusan untuk berdoa', NULL, NULL, '0', 0);
INSERT INTO `tbopsi` (`idopsi`, `idbutir`, `opsi`, `opsialt`, `gambaropsi`, `benar`, `skor`) VALUES
(855, 215, 'cara untuk menolong orang lain', NULL, NULL, '0', 0),
(856, 215, 'pentingnya bekerja sama', NULL, NULL, '0', 0),
(857, 216, 'Keberadaan sosok pimpinan yang baik sangat diperlukan.', NULL, NULL, '1', 1),
(858, 216, 'Pemimpin sebagai panutan harus memiliki jiwa kepemimpinan.', NULL, NULL, '0', 0),
(859, 216, 'Pemimpin menentukan hitam merahnya wilayah yang dipimpin.', NULL, NULL, '0', 0),
(860, 216, 'Jiwa pemimpin harus tampak dalam kehidupan sehari-hari.', NULL, NULL, '0', 0),
(861, 217, 'Lemah', NULL, NULL, '1', 1),
(862, 217, 'Lemas', NULL, NULL, '0', 0),
(863, 217, 'Sakit', NULL, NULL, '0', 0),
(864, 217, 'Kuat', NULL, NULL, '0', 0),
(869, 219, 'Kita hendaknya tidak memaksakan diri untuk membantu memenuhi kebutuhan orang lain.', NULL, NULL, '0', 0),
(870, 219, 'Kita harus mempertimbangkan keadaan orang lain sebelum meminta bantuan kepadanya.', NULL, NULL, '1', 1),
(871, 219, 'Kita tidak boleh membeda-bedakan ketika ingin memberi bantuan kepada orang yang membutuhkan.', NULL, NULL, '0', 0),
(872, 219, 'Kita harus mencari cara agar bisa membantu anggota keluarga yang memerlukan bantuan.', NULL, NULL, '0', 0),
(873, 220, 'Mempercepat pertumbuhan ekonomi negara- negara anggota', NULL, NULL, '1', 1),
(874, 220, 'Menghilangkan hambatan-hambatan perdagangan', NULL, NULL, '0', 0),
(875, 220, 'Memberikan pinjaman kepada negara-negara anggota', NULL, NULL, '0', 0),
(876, 220, 'Mendorong aktivitas perdagangan internasional secara efisien', NULL, NULL, '0', 0),
(877, 221, 'Meningkatkan kualitas pendidikan', NULL, NULL, '1', 1),
(878, 221, 'Memperbaiki lembaga sosial ekonomi', NULL, NULL, '1', 1),
(879, 221, 'Mendorong perkembangan sarana dan prasarana', NULL, NULL, '1', 1),
(880, 221, 'Memperluas lapangan kerja', NULL, NULL, '1', 1),
(881, 221, 'Meningkatkan jumlah penduduk suatu negara', NULL, NULL, '0', 0),
(882, 222, 'Emas dan perak', NULL, NULL, '1', 1),
(883, 222, 'Minyak mentah', NULL, NULL, '0', 0),
(884, 222, 'Perak dan nikel', NULL, NULL, '0', 0),
(885, 222, 'Baja dan batu bara', NULL, NULL, '0', 0),
(886, 223, '<em>Comparative advantage</em>', NULL, NULL, '1', 1),
(887, 223, '<em>Trading advantage</em>', NULL, NULL, '0', 0),
(888, 223, '<em>Maximum advantage</em>', NULL, NULL, '0', 0),
(889, 223, '<em>Provit advantage</em>', NULL, NULL, '0', 0),
(890, 224, 'Mendorong negara melakukan spesialisasi ', NULL, NULL, '1', 1),
(891, 224, 'Mempercepat arus ekspor', NULL, NULL, '0', 0),
(892, 224, 'Memperluas lapangan kerja', NULL, NULL, '0', 0),
(893, 224, 'Membuat arus teknologi tak terkendali', NULL, NULL, '0', 0),
(894, 225, 'Ekonomi kreatif', NULL, NULL, '1', 1),
(895, 225, 'Kebijakan ekonomi', NULL, NULL, '0', 0),
(896, 225, 'Tindakan ekonomi', NULL, NULL, '0', 0),
(897, 225, 'Pemberdayaan', NULL, NULL, '0', 0),
(898, 226, 'Larangan impor', NULL, NULL, '1', 1),
(899, 226, 'Kuota', NULL, NULL, '1', 1),
(900, 226, 'Bea masuk impor', NULL, NULL, '1', 1),
(901, 226, 'Subsidi', NULL, NULL, '0', 0),
(902, 226, 'Diskriminasi harga', NULL, NULL, '0', 0),
(903, 227, 'Perbedaan barang yang diproduksi', NULL, NULL, '1', 1),
(904, 227, 'Perbedaan kepemilikan faktor produksi', NULL, NULL, '1', 1),
(905, 227, 'Teknologi yang dimiliki suatu negara', NULL, NULL, '1', 1),
(906, 227, 'Tingginya minat konsumen terhadap barang tertentu', NULL, NULL, '0', 0),
(907, 227, ' kekurangan hasil produksi', NULL, NULL, '0', 0),
(908, 229, 'Pembeli dan penjual tidak bertemu secara langsung', NULL, NULL, '1', 1),
(909, 229, 'Dikenakan bea masuk ', NULL, NULL, '1', 1),
(910, 229, 'Kualitas barang internasional', NULL, NULL, '1', 1),
(911, 229, ' Mata uang sama', NULL, NULL, '0', 0),
(912, 229, 'Biaya angkut lebih murah', NULL, NULL, '0', 0),
(913, 230, 'Memperluas kesempatan kerja masyarakat', NULL, NULL, '1', 1),
(914, 230, 'Mendorong urbanisasi yang banyak', NULL, NULL, '0', 0),
(915, 230, 'Mendorong pembentukan norma-norma baru', NULL, NULL, '0', 0),
(916, 230, 'Meningkatkan eksploitasi sumber daya alam', NULL, NULL, '0', 0),
(917, 231, 'Perdagangan bebas', NULL, NULL, '1', 1),
(918, 231, 'Kuota impor', NULL, NULL, '0', 0),
(919, 231, 'Proteksi', NULL, NULL, '0', 0),
(920, 231, 'Politik dumping', NULL, NULL, '0', 0),
(921, 232, 'Menyeimbangkan antara pertumbuhan ekonomi dengan pertumbuhan penduduk', NULL, NULL, '1', 1),
(922, 232, 'Mengurangi kriminalitas', NULL, NULL, '0', 0),
(923, 232, 'Meningkatkan pendapatan asli daerah', NULL, NULL, '0', 0),
(924, 232, 'Pemerataan penduduk', NULL, NULL, '0', 0),
(925, 233, 'Mengikuti tren dan selera masyarakat', NULL, NULL, '1', 1),
(926, 233, 'Mengetahui patokan harga barang yang paling tinggi', NULL, NULL, '0', 0),
(927, 233, 'Melakukan promosi barang yang lebih intensif', NULL, NULL, '0', 0),
(928, 233, 'Mengetahui kemudahan dalam memperoleh barang', NULL, NULL, '0', 0),
(929, 234, 'Memenuhi kebutuhan dalam negeri', NULL, NULL, '1', 1),
(930, 234, 'Meningkatkan ekspor', NULL, NULL, '0', 0),
(931, 234, 'Tercapai kesejahteraan', NULL, NULL, '0', 0),
(932, 234, 'Mengubah kehidupan masyarakat', NULL, NULL, '0', 0),
(934, 235, 'Bea ekspor', NULL, NULL, '1', 1),
(935, 235, 'Kuota impor', NULL, NULL, '0', 0),
(936, 235, 'Subsidi impor', NULL, NULL, '0', 0),
(937, 235, 'Larangan impor', NULL, NULL, '0', 0),
(938, 236, 'Sumber daya Alam', NULL, NULL, '1', 1),
(939, 236, 'Jumlah barang', NULL, NULL, '0', 0),
(940, 236, 'Jumlah penduduk', NULL, NULL, '0', 0),
(941, 236, 'Sistem Ekonomi', NULL, NULL, '0', 0),
(942, 237, 'Dalam kegiatan ekonomi sikap kreatif sangat diperlukan untuk mencari alternatif tindakan', NULL, NULL, '1', 1),
(943, 237, 'Tindakan kreatif akan muncul dari kita lahir', NULL, NULL, '0', 1),
(944, 237, 'Gagasan kreatif sangat diperlukan dalam memunculkan ide inovatif', NULL, NULL, '1', 1),
(945, 237, 'Keanekaragaman budaya dapat dijadikan modal untuk mengembangkan industri kreatif', NULL, NULL, '1', 1),
(954, 239, 'Meningkatkan kebebasan daerah dalam mengelola potensi', NULL, NULL, '0', 0),
(955, 239, 'Meningkatkan pilihan destinasi wisata dalam negeri', NULL, NULL, '1', 1),
(956, 239, 'Mengurangi ketimpangan pembangunan', NULL, NULL, '0', 0),
(957, 239, 'Memenangi persaingan antardaerah', NULL, NULL, '0', 0),
(962, 240, 'Pendapatan Penduduk semakin Meningkat', NULL, NULL, '1', 1),
(963, 240, 'Lapangan Pekerjaan semakin Luas', NULL, NULL, '1', 1),
(964, 240, 'Kualitas Sumberdaya Manusia semakin meningkat', NULL, NULL, '1', 1),
(965, 240, 'Konsumsi barang asal luar negeri semakin meningkat', NULL, NULL, '0', 1),
(966, 241, 'Kebijakan menjual barang ke luar negeri lebih murah dibandingkan di dalam negeri', NULL, NULL, '1', 1),
(967, 241, 'Kebijakan untuk melindungi produksi dalam negeri', NULL, NULL, '0', 0),
(968, 241, 'Kebijakan membatasi jumlah jenis barang impor ke dalam negeri', NULL, NULL, '0', 0),
(969, 241, 'Kebijakan memberikan pajak tinggi terhadap barang ekspor', NULL, NULL, '0', 0),
(970, 242, 'Kewenangan pembubaran PPKI berada ditangan pemerintahan Jepang', NULL, NULL, '0', 0),
(971, 242, 'Negara-negara lain belum mengakui kemerdekaan Indonesia yang disiapkan PPKI', NULL, NULL, '0', 0),
(972, 242, 'PPKI masih harus bertugas mempersiapkan alat-alat kelengkapan negara Indonesia', NULL, NULL, '1', 1),
(973, 242, 'PPKI masih harus mempersiapkan laporan pelaksanaan Proklamasi Kemerdekaan kepada Jepang', NULL, NULL, '0', 0),
(974, 243, 'Menemui Laksamana Maeda untuk meminta dukungan pelaksanaan proklamasi kemerdekaan ', NULL, NULL, '0', 0),
(975, 243, 'Menugasi golongan muda untuk menyebarkan berita proklamasi kemerdekaan ', NULL, NULL, '0', 0),
(976, 243, 'Melakukan konsolidasi dengan golongan muda untuk merumuskan tempat pelaksanaan proklamasi kemerdekaan ', NULL, NULL, '1', 1),
(977, 243, 'Melakukan pertemuan dengan anggota PPKI untuk membahas rencana pelaksanaan proklamasi kemerdekaan', NULL, NULL, '0', 0),
(978, 244, 'Presiden dan wakil presiden', NULL, NULL, '0', 0),
(979, 244, 'MPR dan Presiden', NULL, NULL, '0', 0),
(980, 244, 'Anggota DPR atau parlemen dan anggota dewan konstituante', NULL, NULL, '1', 1),
(981, 244, 'DPR dan presiden', NULL, NULL, '0', 0),
(982, 245, 'Pembubaran Konstituante', NULL, NULL, '0', 0),
(983, 245, 'Berlakunya kembali UUD NRI tahun 1945', NULL, NULL, '0', 0),
(984, 245, 'Pembentukan MPRS dan DPAS', NULL, NULL, '0', 0),
(985, 245, 'Pembubaran DPR oleh presiden Soekarno', NULL, NULL, '1', 1),
(986, 246, 'Dapat menghambat pembangunan karena persaingan', NULL, NULL, '1', 1),
(987, 246, 'Bersama sama melaksanakan pemilu dengan sukses', NULL, NULL, '0', 0),
(988, 246, 'Terlalu banyak partai', NULL, NULL, '0', 0),
(989, 246, 'Perbedaan ideologi pada setiap partai', NULL, NULL, '0', 0),
(990, 247, 'Dimulainya program pemberantasan korupsi di Indonesia', NULL, NULL, '0', 0),
(991, 247, 'Berakhirnya orde baru dan dimulainya era reformasi', NULL, NULL, '1', 1),
(992, 247, 'Dimulainya masa pemerintahan kabinet Indonesia bersatu', NULL, NULL, '0', 0),
(993, 247, 'Berakhirnya gelombang demonstrasi mahasiswa di berbagai daerah', NULL, NULL, '0', 0),
(994, 248, 'Persatuan bangsa menjadi senjata utama kemerdekaan', NULL, NULL, '1', 1),
(995, 248, 'Proklamasi membutuhkan keberanian yang lebih', NULL, NULL, '0', 0),
(996, 248, 'Faktor pemimpin menentukan keberhasilan', NULL, NULL, '0', 0),
(997, 248, 'Pengalaman lebih dibutuhkan daripada tenaga', NULL, NULL, '0', 0),
(998, 249, 'Kedudukannya dalam perang Pasifik makin terdesak', NULL, NULL, '1', 1),
(999, 249, 'Sekutu menjatuhkan bom atom di Hiroshima', NULL, NULL, '0', 0),
(1000, 249, 'Sekutu menjatuhkan bom atom Nagasaki', NULL, NULL, '0', 0),
(1001, 249, 'Sekutu telah mendarat di Indonesia', NULL, NULL, '0', 0),
(1002, 250, 'Pembantu presiden', NULL, NULL, '1', 1),
(1003, 250, 'Penasihat presiden', NULL, NULL, '0', 0),
(1004, 250, 'Menyerap aspirasi rakyat', NULL, NULL, '0', 0),
(1005, 250, 'Koordinator kementerian', NULL, NULL, '0', 0),
(1006, 251, 'Terbentuknya poros Jakarta - Peking', NULL, NULL, '1', 1),
(1007, 251, 'Mengirimkan kontingen garuda atas nama PBB', NULL, NULL, '0', 0),
(1008, 251, 'Bandung menjadi tuan rumah KAA', NULL, NULL, '0', 0),
(1009, 251, 'Cenderung memihak blok barat', NULL, NULL, '0', 0),
(1010, 252, 'Memulihkan kewibawaan pemerintah', NULL, NULL, '1', 1),
(1011, 252, 'Melindungi keluarganya', NULL, NULL, '0', 0),
(1012, 252, 'Menghukum pelaku G-30-S/PKI', NULL, NULL, '0', 0),
(1013, 252, 'Peralihan kekuasaan pemerintahan', NULL, NULL, '0', 0),
(1014, 253, 'Belum adanya tindakan tegas terhadap PKI dan ormas-ormasnya', NULL, NULL, '1', 1),
(1015, 253, 'PKI telah berhasil membubarkan ormas-ormasnya', NULL, NULL, '0', 0),
(1016, 253, 'DPR-GR memelopori terbentuknya kesatuan-kesatuan aksi', NULL, NULL, '0', 0),
(1017, 253, 'Belum adanya tindakan tegas terhadap PKI dan ormas-ormasnya', NULL, NULL, '0', 0),
(1018, 254, 'Calon pemilu atau Pilkada dianggap kurang berkualitas', NULL, NULL, '1', 1),
(1019, 254, 'Masih ada pengekangan aspirasi', NULL, NULL, '0', 0),
(1020, 254, 'Masyarakat sibuk memenuhi kebutuhan pokok', NULL, NULL, '0', 0),
(1021, 254, 'Besarnya nepotisme yang berlaku', NULL, NULL, '0', 0),
(1022, 255, 'Waktu pelaksanaan proklamasi', NULL, NULL, '1', 1),
(1023, 255, 'Bentuk negara Indonesia merdeka', NULL, NULL, '0', 0),
(1024, 255, 'Kepemimpinan nasional', NULL, NULL, '0', 0),
(1025, 255, 'Nasib serdadu Jepang di Indonesia', NULL, NULL, '0', 0),
(1026, 256, 'Rancangan dasar negara', NULL, NULL, '1', 1),
(1027, 256, 'Bentuk negara', NULL, NULL, '0', 0),
(1028, 256, 'Pendidikan dan pengajaran ', NULL, NULL, '0', 0),
(1029, 256, 'Ekonomi dan keuangan', NULL, NULL, '0', 0),
(1030, 257, 'Sumber daya alam dan sumber daya manusia yang banyak', NULL, NULL, '1', 1),
(1031, 257, 'Indonesia adalah pasar potensial atas produk-produk asing', NULL, NULL, '0', 0),
(1032, 257, 'Kualitas barang dan harga barang yang murah', NULL, NULL, '0', 0),
(1033, 257, 'Keamanan dalam negeri yang kondusif', NULL, NULL, '0', 0),
(1034, 258, 'Bertahan', NULL, NULL, '1', 1),
(1035, 258, 'Penyerang', NULL, NULL, '0', 0),
(1036, 258, 'Pengatur serngan', NULL, NULL, '0', 0),
(1037, 258, 'Pengganti', NULL, NULL, '0', 0),
(1038, 259, '<em>Dribbling</em> ', NULL, NULL, '1', 1),
(1039, 259, '<em>Shooting</em>', NULL, NULL, '0', 0),
(1040, 259, '<em>Throw In</em>', NULL, NULL, '0', 0),
(1041, 259, 'Mencetak goal', NULL, NULL, '0', 0),
(1042, 260, 'Menendang bola', NULL, NULL, '1', 1),
(1043, 260, 'Gerakan menghentikan bola', NULL, NULL, '0', 0),
(1044, 260, 'Gerak menguasai bola', NULL, NULL, '0', 0),
(1045, 260, 'Gerakan mengiring dengan dua kaki', NULL, NULL, '0', 0),
(1046, 261, 'Berdiri dengan membentuk formasi segi tiga dengan jarak 5-10 m', NULL, NULL, '1', 1),
(1047, 261, 'Berjalan santai dengan saling berhadapan', NULL, NULL, '0', 0),
(1048, 261, 'Berdiri dengan menghdap arah gerakan', NULL, NULL, '0', 0),
(1049, 261, 'Berkelompok mengarah tujuan', NULL, NULL, '0', 0),
(1050, 262, 'Smash', NULL, NULL, '1', 1),
(1051, 262, 'Servis', NULL, NULL, '0', 0),
(1052, 262, 'Operan', NULL, NULL, '0', 0),
(1053, 262, 'Pergantian', NULL, NULL, '0', 0),
(1054, 263, 'kaki', NULL, NULL, '1', 1),
(1055, 263, 'dada', NULL, NULL, '1', 1),
(1056, 263, 'kepala', NULL, NULL, '1', 1),
(1057, 263, 'tangan', NULL, NULL, '0', 0),
(1058, 264, '25', NULL, NULL, '1', 1),
(1059, 264, '21', NULL, NULL, '0', 0),
(1060, 264, '20', NULL, NULL, '0', 0),
(1061, 264, '22', NULL, NULL, '0', 0),
(1062, 265, 'Menendang', NULL, NULL, '1', 1),
(1063, 265, 'Menahan', NULL, NULL, '0', 0),
(1064, 265, 'Mengiring', NULL, NULL, '0', 0),
(1065, 265, 'Mengatur formasi', NULL, NULL, '0', 0),
(1066, 266, 'Mengoper bola dari dada', NULL, NULL, '1', 1),
(1067, 266, 'Mengoper bola dari atas kepala', NULL, NULL, '0', 0),
(1068, 266, 'Mengoper pantul', NULL, NULL, '0', 0),
(1069, 266, 'Mengring bola', NULL, NULL, '0', 0),
(1070, 267, '<em>Guard, Center, Forward</em>', NULL, NULL, '1', 1),
(1071, 267, '<em>Guard, Tosser, Play Maker</em>', NULL, NULL, '0', 0),
(1072, 267, '<em>Guard, Center, Libero</em>', NULL, NULL, '0', 0),
(1073, 267, '<em>Center, Chest Pass, Bounce Pass</em>', NULL, NULL, '0', 0),
(1074, 268, 'Bola Voli', NULL, NULL, '1', 1),
(1075, 268, 'Kasti', NULL, NULL, '0', 0),
(1076, 268, 'Sepak Bola', NULL, NULL, '0', 0),
(1077, 268, 'Tenis', NULL, NULL, '0', 0),
(1078, 269, '<em>Over Head Pass</em>', NULL, NULL, '1', 1),
(1079, 269, '<em>Bounce Pass</em>', NULL, NULL, '0', 0),
(1080, 269, '<em>Chests Pass</em>', NULL, NULL, '0', 0),
(1081, 269, '<em>Shooting</em>', NULL, NULL, '0', 0),
(1082, 270, '<em>Passing</em>', NULL, NULL, '1', 1),
(1083, 270, '<em>Smash</em>', NULL, NULL, '0', 0),
(1084, 270, '<em>Servis</em>', NULL, NULL, '0', 0),
(1085, 270, '<em>Shooting</em>', NULL, NULL, '0', 0),
(1086, 271, '<em>Jump Shoot</em>', NULL, NULL, '1', 1),
(1087, 271, '<em>Jump Pass</em>', NULL, NULL, '0', 0),
(1088, 271, '<em>Shooting Long</em>', NULL, NULL, '0', 0),
(1089, 271, '<em>Floating Jump</em>', NULL, NULL, '0', 0),
(1090, 272, '5 dan 10', NULL, NULL, '1', 1),
(1091, 272, '5 dan 15', NULL, NULL, '0', 0),
(1092, 272, '10 dan 15', NULL, NULL, '0', 0),
(1093, 272, '15 dan 20', NULL, NULL, '0', 0),
(1094, 273, '<em>Ortodoks</em>', NULL, NULL, '1', 1),
(1095, 273, '<em>Obrien</em>', NULL, NULL, '1', 1),
(1096, 273, '<em>Menyamping</em>', NULL, NULL, '1', 1),
(1097, 273, '<em>Hang Style</em>', NULL, NULL, '0', 0),
(1098, 274, 'Kaki', NULL, NULL, '1', 1),
(1099, 274, 'Badan', NULL, NULL, '0', 0),
(1100, 274, 'Pinggul', NULL, NULL, '0', 0),
(1101, 274, 'Tangan', NULL, NULL, '0', 0),
(1102, 275, 'Gerakan memutar', NULL, NULL, '1', 1),
(1103, 275, 'Gerakan meloncat', NULL, NULL, '0', 0),
(1104, 275, 'Gerakan menyilang', NULL, NULL, '0', 0),
(1105, 275, 'Gerakan mengayun', NULL, NULL, '0', 0),
(1106, 276, '2,74 &times; 1,525 meter', NULL, NULL, '1', 1),
(1107, 276, '2,25 &times; 1,100 meter', NULL, NULL, '0', 0),
(1108, 276, '1,25 &times; 2,345 meter', NULL, NULL, '0', 0),
(1109, 276, '2,74 &times; 1,115 meter', NULL, NULL, '0', 0),
(1110, 277, 'Gerakan untuk mempertahankan diri dengan kepandaian menangkis dan mengelak', NULL, NULL, '1', 1),
(1111, 277, 'Gerakan seni bela diri ', NULL, NULL, '0', 0),
(1112, 277, 'Gerakan untuk mempertahankan diri ', NULL, NULL, '0', 0),
(1113, 277, 'Gerakan untuk bersiap dan melatih diri untuk melindungi dan mempertahankan diri', NULL, NULL, '0', 0),
(1114, 278, 'IPSSA', NULL, NULL, '1', 1),
(1115, 278, 'IKLSI', NULL, NULL, '0', 0),
(1116, 278, 'IPSI', NULL, NULL, '0', 0),
(1117, 278, 'IPRSI', NULL, NULL, '0', 0),
(1118, 279, 'dalam ke luar', NULL, NULL, '1', 1),
(1119, 279, 'luar ke dalam', NULL, NULL, '0', 0),
(1120, 279, 'atas ke bawah', NULL, NULL, '0', 0),
(1121, 279, 'depan ke samping', NULL, NULL, '0', 0),
(1122, 280, 'Jawa Barat', NULL, NULL, '1', 1),
(1123, 280, 'Jawa Timur', NULL, NULL, '0', 0),
(1124, 280, 'Jawa Tengah', NULL, NULL, '0', 0),
(1125, 280, 'Betawi', NULL, NULL, '0', 0),
(1126, 281, 'Kekuatan', NULL, NULL, '1', 1),
(1127, 281, 'Kelincahan', NULL, NULL, '1', 1),
(1128, 281, 'Kecepatan ', NULL, NULL, '1', 1),
(1129, 281, 'Keterampilan', NULL, NULL, '0', 0),
(1130, 282, '<em>Push up</em>', NULL, NULL, '1', 1),
(1131, 282, '<em>Side up</em>', NULL, NULL, '0', 0),
(1132, 282, '<em>Pull up</em>', NULL, NULL, '0', 0),
(1133, 282, '<em>Agility</em>', NULL, NULL, '0', 0),
(1134, 283, 'kekuatan otot perut dan punggung', NULL, NULL, '1', 1),
(1135, 283, 'kekuatan tungkai kaki', NULL, NULL, '0', 0),
(1136, 283, 'kekuatan lengan, dan punggung', NULL, NULL, '0', 0),
(1137, 283, 'kekuatan dan kelentukan tubuh', NULL, NULL, '0', 0),
(1138, 284, '<em>Strength</em>', NULL, NULL, '1', 1),
(1139, 284, '<em>Agility</em>', NULL, NULL, '0', 0),
(1140, 284, '<em>Flexibility</em>', NULL, NULL, '0', 0),
(1141, 284, '<em>Bench Press</em>', NULL, NULL, '0', 0),
(1142, 285, 'Kecepatan', NULL, NULL, '1', 1),
(1143, 285, 'Ketenangan', NULL, NULL, '0', 0),
(1144, 285, 'Kemampuan', NULL, NULL, '0', 0),
(1145, 285, 'Kemauan', NULL, NULL, '0', 0),
(1146, 286, 'Menendang', NULL, NULL, '1', 1),
(1147, 286, 'Formasi', NULL, NULL, '0', 0),
(1148, 286, 'Menyundul', NULL, NULL, '0', 0),
(1149, 286, 'Mengiring', NULL, NULL, '0', 0),
(1150, 287, 'Dada', NULL, NULL, '1', 1),
(1151, 287, 'Perut', NULL, NULL, '0', 0),
(1152, 287, 'Ulu hati', NULL, NULL, '0', 0),
(1153, 287, 'Paha', NULL, NULL, '0', 0),
(1154, 288, 'Daya ledak', NULL, NULL, '1', 1),
(1155, 288, 'Daya tahan', NULL, NULL, '0', 0),
(1156, 288, 'Keseimbangan', NULL, NULL, '0', 0),
(1157, 288, 'Kelincahan', NULL, NULL, '0', 0),
(1158, 289, 'Squat jump', NULL, NULL, '1', 1),
(1159, 289, 'Push up', NULL, NULL, '0', 0),
(1160, 289, 'Back up', NULL, NULL, '0', 0),
(1161, 289, 'Back lift', NULL, NULL, '0', 0),
(1162, 290, 'Memiliki ketahan kerja yang tinggi', NULL, NULL, '1', 1),
(1163, 290, 'Memiliki kemampuan kerja yang tinggi', NULL, NULL, '1', 1),
(1164, 290, 'Memiliki rasa percaya diri yang tinggi', NULL, NULL, '1', 1),
(1165, 290, 'Konsentrasi selalu tidak terjaga', NULL, NULL, '0', 0),
(1166, 291, 'Pantang menyerah', NULL, NULL, '1', 1),
(1167, 291, 'Meningkatkan prestasi', NULL, NULL, '1', 1),
(1168, 291, 'Menjunjung sportifitas', NULL, NULL, '1', 1),
(1169, 291, 'Mudah menyerah', NULL, NULL, '0', 0),
(1170, 292, 'Ganda putra', NULL, NULL, '1', 1),
(1171, 292, 'Ganda putri', NULL, NULL, '1', 1),
(1172, 292, 'Ganda campuran', NULL, NULL, '1', 1),
(1173, 292, 'Ganda lapisan', NULL, NULL, '0', 0),
(1174, 293, 'arah hadap', NULL, NULL, '1', 1),
(1175, 293, 'kekuatannya', NULL, NULL, '0', 0),
(1176, 293, 'peralatannya', NULL, NULL, '0', 0),
(1177, 293, 'tolakannya', NULL, NULL, '0', 0),
(1178, 294, 'Belum makan ketika melakukan gerakan', NULL, NULL, '0', 0),
(1179, 294, 'Tidak ada pembimbing ketika melakukan gerakan', NULL, NULL, '0', 0),
(1180, 294, 'Gerak awalan yang dilakukan lemah', NULL, NULL, '0', 0),
(1181, 294, 'Tidak melakukan pemanasan sebelum melakukan gerakan', NULL, NULL, '1', 1),
(1182, 295, 'Di depan matras', NULL, NULL, '0', 0),
(1183, 295, 'Di samping matras', NULL, NULL, '0', 0),
(1184, 295, 'Di sebelah kanan matras', NULL, NULL, '0', 0),
(1185, 295, 'Membelakangi matras', NULL, NULL, '1', 1),
(1186, 296, '<em>Low impact aerobic</em>', NULL, NULL, '0', 0),
(1187, 296, '<em>Discorobic</em>', NULL, NULL, '0', 0),
(1188, 296, '<em>Aerobic sport</em>', NULL, NULL, '0', 0),
(1189, 296, '<em>Rockrobic</em>', NULL, NULL, '1', 1),
(1190, 297, 'Gerakanya mudah ditiru', NULL, NULL, '1', 1),
(1191, 297, 'Diiringi musik yang menyentuh hati', NULL, NULL, '0', 0),
(1192, 297, 'Gerakanya membutuhkan kekuatan', NULL, NULL, '0', 0),
(1193, 297, 'Dilakukan secara individual', NULL, NULL, '0', 0),
(1194, 298, 'Pemanasan, pendinginan dan peregangan', NULL, NULL, '0', 0),
(1195, 298, 'Pemanasan, inti, dan pendinginan', NULL, NULL, '1', 1),
(1196, 298, 'Inti, pemanasan, dan pendinginan', NULL, NULL, '0', 0),
(1197, 298, 'Pendinginan, inti, dan pemanasan', NULL, NULL, '0', 0),
(1198, 299, 'Kaku', NULL, NULL, '0', 0),
(1199, 299, 'Ditekuk', NULL, NULL, '0', 0),
(1200, 299, 'Relaks', NULL, NULL, '1', 1),
(1201, 299, 'Lurus', NULL, NULL, '0', 0),
(1202, 300, 'Air Oksi', NULL, NULL, '0', 0),
(1203, 300, 'Oksigen', NULL, NULL, '1', 1),
(1204, 300, 'Omrigen', NULL, NULL, '0', 0),
(1205, 300, '<em>Low Impact</em>', NULL, NULL, '0', 0),
(1206, 301, 'Kupu-kupu', NULL, NULL, '0', 0),
(1207, 301, 'Dada', NULL, NULL, '0', 0),
(1208, 301, 'Bebas', NULL, NULL, '1', 1),
(1209, 301, 'Punggung', NULL, NULL, '0', 0),
(1210, 302, 'Memperbanyak dayungan lengan', NULL, NULL, '1', 1),
(1211, 302, 'Menambah dorongan', NULL, NULL, '0', 0),
(1212, 302, 'Mengurangi gerakan kaki', NULL, NULL, '0', 0),
(1213, 302, 'Memperbanyak pengambilan nafas', NULL, NULL, '0', 0),
(1214, 303, 'Telapak kaki', NULL, NULL, '0', 0),
(1215, 303, 'Pangkal paha', NULL, NULL, '1', 1),
(1216, 303, 'Lutut', NULL, NULL, '0', 0),
(1217, 303, 'Tungkai', NULL, NULL, '0', 0),
(1218, 304, 'Memar', NULL, NULL, '0', 0),
(1219, 304, 'Retak', NULL, NULL, '0', 0),
(1220, 304, 'Patah', NULL, NULL, '0', 0),
(1221, 304, 'Lecet', NULL, NULL, '1', 1),
(1222, 305, 'Sementara', NULL, NULL, '1', 1),
(1223, 305, 'Permanen', NULL, NULL, '0', 0),
(1224, 305, 'Lambat', NULL, NULL, '0', 0),
(1225, 305, 'Sempurna', NULL, NULL, '0', 0),
(1226, 306, 'UKS dan lapangan', NULL, NULL, '0', 0),
(1227, 306, 'Lapangan dan rumah sakit', NULL, NULL, '0', 0),
(1228, 306, 'UKS dan rumah sakit', NULL, NULL, '1', 1),
(1229, 306, 'Rumah dan lapangan', NULL, NULL, '0', 0),
(1230, 307, 'Kapas', NULL, NULL, '0', 0),
(1231, 307, 'Kasa steril', NULL, NULL, '1', 1),
(1232, 307, 'Plester', NULL, NULL, '0', 0),
(1233, 307, 'Plester obat', NULL, NULL, '0', 0),
(1234, 308, 'Tubuh tidak berkeringat', NULL, NULL, '0', 0),
(1235, 308, 'Adanya perubahan pernafasan', NULL, NULL, '1', 1),
(1236, 308, 'Otot dalam tubuh lemas', NULL, NULL, '0', 0),
(1237, 308, 'Konsentrasi sulit terbagi', NULL, NULL, '0', 0),
(1238, 309, 'Menyalurkan sari makanan ke seluruh tubuh', NULL, NULL, '0', 0),
(1239, 309, 'Menetralkan racun yang masuk ke tubuh', NULL, NULL, '0', 0),
(1240, 309, 'Menyiapkan sari sari makanan ke usus', NULL, NULL, '0', 0),
(1241, 309, 'Mengalirkan darah dan oksigen ke seluruh tubuh', NULL, NULL, '1', 1),
(1242, 310, 'Berat', NULL, NULL, '1', 1),
(1243, 310, 'Sedang', NULL, NULL, '0', 0),
(1244, 310, 'Ringan ', NULL, NULL, '0', 0),
(1245, 310, 'Mudah', NULL, NULL, '0', 0),
(1246, 311, 'Teknik gerakan kaki', NULL, NULL, '0', 0),
(1247, 311, 'Teknik lengan', NULL, NULL, '0', 0),
(1248, 311, 'Teknik pernafasan', NULL, NULL, '1', 1),
(1249, 311, 'Teknik gerakan meluncur', NULL, NULL, '0', 0),
(1250, 312, 'Lengan dan tungkai', NULL, NULL, '0', 0),
(1251, 312, 'Tungkai dan kepala', NULL, NULL, '0', 0),
(1252, 312, 'Kepala dan lengan', NULL, NULL, '0', 0),
(1253, 312, 'Mulut dan tungkai', NULL, NULL, '0', 0),
(1254, 313, 'Gerak langkah kaki', NULL, NULL, '1', 1),
(1255, 313, 'Gerak kepala', NULL, NULL, '0', 0),
(1256, 313, 'Gerak salto', NULL, NULL, '0', 0),
(1257, 313, 'Gerak melompat', NULL, NULL, '0', 0),
(1258, 314, 'Tema', NULL, NULL, '0', 0),
(1259, 314, 'Plot', NULL, NULL, '1', 1),
(1260, 314, 'Latar', NULL, NULL, '0', 0),
(1261, 314, 'Penokohan', NULL, NULL, '0', 0),
(1262, 315, 'Olah tubuh', NULL, NULL, '0', 0),
(1263, 315, 'Olah rasa', NULL, NULL, '0', 0),
(1264, 315, 'Olah jiwa', NULL, NULL, '1', 1),
(1265, 315, 'Olah suara', NULL, NULL, '0', 0),
(1266, 316, 'Penata artistik', NULL, NULL, '0', 0),
(1267, 316, 'Penata musik', NULL, NULL, '0', 0),
(1268, 316, 'Penata lampu', NULL, NULL, '1', 1),
(1269, 316, 'Pekerja panggung', NULL, NULL, '0', 0),
(1270, 317, 'Internal', NULL, NULL, '1', 1),
(1271, 317, 'Ekstenal', NULL, NULL, '0', 0),
(1272, 317, 'Tambahan', NULL, NULL, '0', 0),
(1273, 317, 'Utama', NULL, NULL, '0', 0),
(1274, 318, 'Lurus', NULL, NULL, '0', 0),
(1275, 318, 'Lengkung', NULL, NULL, '1', 1),
(1276, 318, 'Mendatar', NULL, NULL, '0', 0),
(1277, 318, 'Lingkaran', NULL, NULL, '0', 0),
(1278, 319, 'Sejenis', NULL, NULL, '1', 1),
(1279, 319, 'Balance', NULL, NULL, '0', 0),
(1280, 319, 'Harmonis', NULL, NULL, '0', 0),
(1281, 319, 'Ritmis', NULL, NULL, '0', 0),
(1282, 320, 'Pop', NULL, NULL, '1', 1),
(1283, 320, 'Rock', NULL, NULL, '0', 0),
(1284, 320, 'Jaz', NULL, NULL, '0', 0),
(1285, 320, 'Dangdut', NULL, NULL, '0', 0),
(1286, 321, 'Memiliki banyak cengkok nada', NULL, NULL, '0', 0),
(1287, 321, 'Sering dipertunjukkan', NULL, NULL, '0', 0),
(1288, 321, 'Dipertunjukkan di tempat elit', NULL, NULL, '0', 0),
(1289, 321, 'Liriknya mudah dipahami', NULL, NULL, '1', 1),
(1290, 322, 'Vokalis', NULL, NULL, '0', 0),
(1291, 322, 'Arranger', NULL, NULL, '0', 0),
(1292, 322, 'Komponis', NULL, NULL, '1', 1),
(1293, 322, 'Komposisi', NULL, NULL, '0', 0),
(1294, 323, 'Tunggal', NULL, NULL, '1', 1),
(1295, 323, 'Kelompok', NULL, NULL, '0', 0),
(1296, 323, 'Homogen', NULL, NULL, '0', 0),
(1297, 323, 'Heterogen', NULL, NULL, '0', 0),
(1298, 324, 'Untuk membuat kaus', NULL, NULL, '0', 0),
(1299, 324, 'Untuk membuat koran', NULL, NULL, '0', 0),
(1300, 324, 'Untuk membuat majalah', NULL, NULL, '0', 0),
(1301, 324, 'Untuk membuat stempel', NULL, NULL, '1', 1),
(1302, 325, 'Datar', NULL, NULL, '0', 0),
(1303, 325, 'Dalam', NULL, NULL, '0', 0),
(1304, 325, 'Tinggi', NULL, NULL, '0', 0),
(1305, 325, 'Saring', NULL, NULL, '1', 1),
(1306, 326, 'Tema', NULL, NULL, '1', 1),
(1307, 326, 'Plot', NULL, NULL, '1', 1),
(1308, 326, 'Penokohan', NULL, NULL, '1', 1),
(1309, 326, 'Biografi', NULL, NULL, '0', 0),
(1310, 326, 'Nilai-nilai', NULL, NULL, '0', 0),
(1311, 327, 'Kostum', NULL, NULL, '1', 1),
(1312, 327, 'Musik', NULL, NULL, '1', 1),
(1313, 327, 'Tata busana dan tata rias', NULL, NULL, '1', 1),
(1314, 327, 'Penonton', NULL, NULL, '0', 0),
(1315, 327, 'Panggung', NULL, NULL, '0', 0),
(1316, 328, 'Sutradara', NULL, NULL, '0', 0),
(1317, 328, 'Penata rias', NULL, NULL, '0', 0),
(1318, 328, 'Koordinator', NULL, NULL, '0', 0),
(1319, 328, 'Bendahara', NULL, NULL, '1', 1),
(1320, 328, 'Sekretaris', NULL, NULL, '1', 1),
(1321, 329, 'Gabungan', NULL, NULL, '0', 0),
(1322, 329, 'Sejenis', NULL, NULL, '0', 0),
(1323, 329, 'Melodis', NULL, NULL, '1', 1),
(1324, 329, 'Ritmis', NULL, NULL, '1', 1),
(1325, 329, 'Harmonis', NULL, NULL, '1', 1),
(1326, 330, 'Screen', NULL, NULL, '1', 1),
(1327, 330, 'Rakel', NULL, NULL, '1', 1),
(1328, 330, 'Sprayer', NULL, NULL, '1', 1),
(1329, 330, 'Binder', NULL, NULL, '0', 0),
(1330, 330, 'Leaflet', NULL, NULL, '0', 0),
(1331, 331, 'Piano', NULL, NULL, '1', 1),
(1332, 331, 'Gitar', NULL, NULL, '1', 1),
(1333, 331, 'Keyboard', NULL, NULL, '1', 1),
(1334, 331, 'Seruling', NULL, NULL, '0', 0),
(1335, 331, 'Angklung', NULL, NULL, '0', 0),
(1336, 332, 'Monyl', NULL, NULL, '1', 1),
(1337, 332, 'Kuas', NULL, NULL, '1', 1),
(1338, 332, 'Tinta', NULL, NULL, '1', 1),
(1339, 332, 'Cat', NULL, NULL, '0', 0),
(1340, 332, 'Burin', NULL, NULL, '0', 0),
(1341, 333, 'Toleransi', NULL, NULL, '0', 0),
(1342, 333, 'Sosial', NULL, NULL, '0', 0),
(1343, 333, 'Apresiasi', NULL, NULL, '1', 1),
(1344, 333, 'Prestasi', NULL, NULL, '1', 1),
(1345, 333, 'Rekreasi', NULL, NULL, '1', 1),
(1346, 334, 'Melatih berorganisasi', NULL, NULL, '0', 0),
(1347, 334, 'Melatih bekeja sama', NULL, NULL, '0', 0),
(1348, 334, 'Membangkitkan semangat siswa dalam berapresiasi', NULL, NULL, '0', 0),
(1349, 334, 'Media komunikasi antarsiswa dan apresiator', NULL, NULL, '1', 1),
(1350, 335, 'Ketua', NULL, NULL, '0', 0),
(1351, 335, 'Sekretaris', NULL, NULL, '1', 1),
(1352, 335, 'Seksi pengumpulan hasil karya', NULL, NULL, '0', 0),
(1353, 335, 'Seksi perlengkapan', NULL, NULL, '0', 0),
(1354, 336, 'Pop', NULL, NULL, '0', 0),
(1355, 336, 'Kekinian', NULL, NULL, '0', 0),
(1356, 336, 'Populer', NULL, NULL, '1', 1),
(1357, 336, 'Dangdut', NULL, NULL, '0', 0),
(1358, 337, '<em>Burin</em>', NULL, NULL, '1', 1),
(1359, 337, '<em>Etching</em>', NULL, NULL, '0', 0),
(1360, 337, '<em>Engraving</em>', NULL, NULL, '0', 0),
(1361, 337, '<em>Linoleum</em>', NULL, NULL, '0', 0),
(1362, 338, 'Kayu', NULL, NULL, '0', 0),
(1363, 338, 'Kertas', NULL, NULL, '1', 1),
(1364, 338, 'Logam', NULL, NULL, '0', 0),
(1365, 338, 'Kain', NULL, NULL, '0', 0),
(1366, 339, 'Inggris', NULL, NULL, '0', 0),
(1367, 339, 'Prancis', NULL, NULL, '0', 0),
(1368, 339, 'Yunani', NULL, NULL, '0', 0),
(1369, 339, 'China', NULL, NULL, '1', 1),
(1370, 340, '1950', NULL, NULL, '1', 1),
(1371, 340, '1955', NULL, NULL, '0', 0),
(1372, 340, '1960', NULL, NULL, '0', 0),
(1373, 340, '1970', NULL, NULL, '0', 0),
(1374, 341, 'Perkembangan alat musik yang canggih', NULL, NULL, '1', 1),
(1375, 341, 'Pencipta-pencipta lagu baru', NULL, NULL, '0', 0),
(1376, 341, 'Munculnya aliran musik baru', NULL, NULL, '0', 0),
(1377, 341, 'Munculnya penyanyi-penyanyi baru', NULL, NULL, '0', 0),
(1378, 342, 'Saman', NULL, NULL, '0', 0),
(1379, 342, 'Kecak', NULL, NULL, '1', 1),
(1380, 342, 'Pendet', NULL, NULL, '0', 0),
(1381, 342, 'Jaipong', NULL, NULL, '0', 0),
(1382, 343, 'Sutradara ', NULL, NULL, '0', 0),
(1383, 343, 'Sekretaris ', NULL, NULL, '0', 0),
(1384, 343, 'Publikasi ', NULL, NULL, '0', 0),
(1385, 343, 'Pimpinan produksi', NULL, NULL, '1', 1),
(1386, 344, 'Cetak tinggi', NULL, NULL, '0', 0),
(1387, 344, 'Cetak dalam', NULL, NULL, '1', 1),
(1388, 344, 'Cetak datar', NULL, NULL, '0', 0),
(1389, 344, 'Cetak saring', NULL, NULL, '0', 0),
(1390, 345, 'Tradisional', NULL, NULL, '0', 0),
(1391, 345, 'Klasik', NULL, NULL, '0', 0),
(1392, 345, 'Rakyat', NULL, NULL, '0', 0),
(1393, 345, 'Kreasi baru', NULL, NULL, '1', 1),
(1394, 346, '<em>Graph</em>', NULL, NULL, '0', 0),
(1395, 346, '<em>Graphic</em>', NULL, NULL, '0', 0),
(1396, 346, '<em>Graphein</em>', NULL, NULL, '1', 1),
(1397, 346, '<em>Grapien</em>', NULL, NULL, '0', 0),
(1398, 347, 'Pop', NULL, NULL, '0', 0),
(1399, 347, 'Rock', NULL, NULL, '1', 1),
(1400, 347, 'Jazz', NULL, NULL, '0', 0),
(1401, 347, 'Dangdut', NULL, NULL, '0', 0),
(1402, 348, 'Nada', NULL, NULL, '0', 0),
(1403, 348, 'Tempo', NULL, NULL, '0', 0),
(1404, 348, 'Dinamika', NULL, NULL, '1', 1),
(1405, 348, 'Intonasi', NULL, NULL, '0', 0),
(1410, 350, 'Pemeran tetap/permanen', NULL, NULL, '0', 0),
(1411, 350, 'Pameran <em>indoor</em> dan <em>outdoor</em>', NULL, NULL, '1', 1),
(1412, 350, 'Pameran tunggal dan kelompok', NULL, NULL, '0', 0),
(1413, 350, 'Pameran heterogen dan homogen', NULL, NULL, '0', 0),
(1414, 351, 'Kerajinan yang dibuat menggunakan dua jenis bahan yang berbeda', NULL, NULL, '1', 1),
(1415, 351, 'Kerajinan yang dibuat dari satu bahan saja', NULL, NULL, '0', 0),
(1416, 351, 'Kerajinan yang dibuat menggunakan jenis alat yang berbeda-beda', NULL, NULL, '0', 0),
(1417, 351, 'Kerajinan yang dicampur dengan berbagai jenis bahan', NULL, NULL, '0', 0),
(1418, 352, 'Bahan yang digunakan terdiri atas berbagai jenis', NULL, NULL, '1', 1),
(1419, 352, 'Penggabungan bahan harus dapat menyatu sehingga menjadi harmonisasi', NULL, NULL, '1', 1),
(1420, 352, 'Bahan dapat terdiri atas bahan homogen atau heterogen', NULL, NULL, '1', 1),
(1421, 352, 'Penggabungan terdiri dari bahan yang memiliki reaksi kimia', NULL, NULL, '0', 0),
(1422, 352, 'Kemasan digunakan sebagai pelengkap produk', NULL, NULL, '0', 0),
(1423, 353, 'Phase', NULL, NULL, '1', 1),
(1424, 353, 'Amplitude', NULL, NULL, '1', 1),
(1425, 353, 'Frekuensi', NULL, NULL, '1', 1),
(1426, 353, 'Farad', NULL, NULL, '0', 0),
(1427, 353, 'Farenheit', NULL, NULL, '0', 0),
(1428, 354, 'Kemasan produk memberikan citra positif ', NULL, NULL, '1', 1),
(1429, 354, 'Kemasan membantu produsen untuk mengenalkan produknya kepada konsumen', NULL, NULL, '1', 1),
(1430, 354, 'Kemasan memberikan nilai estetis, informasi dan promosi', NULL, NULL, '1', 1),
(1431, 354, 'Kemasan digunakan sebagai pelengkap dari sebuah produk', NULL, NULL, '0', 0),
(1432, 354, 'Kemasan digunakan untuk menyederhanakan produk yang akan di pasarkan', NULL, NULL, '0', 0),
(1433, 355, '<em>Aesthetic </em>', NULL, NULL, '1', 1),
(1434, 355, '<em>Flexibility</em>', NULL, NULL, '0', 0),
(1435, 355, '<em>Comfortable</em>', NULL, NULL, '0', 0),
(1436, 355, '<em>Safety</em>', NULL, NULL, '0', 0),
(1437, 356, 'Solder', NULL, NULL, '1', 1),
(1438, 356, 'Tang', NULL, NULL, '0', 0),
(1439, 356, 'Test pen', NULL, NULL, '0', 0),
(1440, 356, 'Tenol', NULL, NULL, '0', 0),
(1441, 357, 'Dikemas', NULL, NULL, '1', 1),
(1442, 357, 'Dijemur', NULL, NULL, '0', 0),
(1443, 357, 'Direkayasa', NULL, NULL, '0', 0),
(1444, 357, 'dipajang', NULL, NULL, '0', 0),
(1445, 358, 'Ikan Lele', NULL, NULL, '1', 1),
(1446, 358, 'Ikan Cupang', NULL, NULL, '0', 0),
(1447, 358, 'Ikan Louhan', NULL, NULL, '0', 0),
(1448, 358, 'Ikan Arwana', NULL, NULL, '0', 0),
(1449, 359, 'Gips', NULL, NULL, '1', 1),
(1450, 359, 'Keramik ', NULL, NULL, '0', 0),
(1451, 359, 'Batu ', NULL, NULL, '0', 0),
(1452, 359, 'Kayu', NULL, NULL, '0', 0),
(1453, 360, 'Palu dan pahat', NULL, NULL, '1', 1),
(1454, 360, 'Alat putar tangan dan kaki', NULL, NULL, '0', 0),
(1455, 360, 'Spon', NULL, NULL, '0', 0),
(1456, 360, 'Butsir', NULL, NULL, '0', 0),
(1457, 361, 'Harganya yang terjangkau', NULL, NULL, '1', 1),
(1458, 361, 'Bersifat korosi', NULL, NULL, '0', 0),
(1459, 361, 'Tampilan lebih monoton ', NULL, NULL, '0', 0),
(1460, 361, 'Sulit didapatkan', NULL, NULL, '0', 0),
(1461, 362, 'Test pen', NULL, NULL, '1', 1),
(1462, 362, 'Tang', NULL, NULL, '0', 0),
(1463, 362, 'Obeng', NULL, NULL, '0', 0),
(1464, 362, 'Solder', NULL, NULL, '0', 0),
(1465, 363, 'Kemasan produk memberikan citra positif', NULL, NULL, '1', 1),
(1466, 363, 'Kemasan membantu produsen untuk mengenalkan produknya kepada konsumen', NULL, NULL, '1', 1),
(1467, 363, 'Kemasan memberikan nilai estetis, informasi dan promosi ', NULL, NULL, '1', 1),
(1468, 363, 'Kemasan digunakan sebagai pelengkap saja', NULL, NULL, '0', 0),
(1469, 363, 'Kemasan membuat produk menjadi tidak menarik', NULL, NULL, '0', 0),
(1470, 364, 'tidak mudah mati', NULL, NULL, '1', 1),
(1471, 364, 'peralatan yang digunakan sederhana', NULL, NULL, '0', 0),
(1472, 364, 'mudah dibudidayakan', NULL, NULL, '0', 0),
(1473, 364, 'banyak diminati konsumen', NULL, NULL, '0', 0),
(1474, 365, 'Susu', NULL, NULL, '1', 1),
(1475, 365, 'Telur', NULL, NULL, '0', 0),
(1476, 365, 'Daging ', NULL, NULL, '0', 0),
(1477, 365, 'Sumsum', NULL, NULL, '0', 0),
(1478, 366, 'Cahaya matahari', NULL, NULL, '1', 1),
(1479, 366, 'Debu', NULL, NULL, '0', 0),
(1480, 366, 'Basah', NULL, NULL, '0', 0),
(1481, 366, 'Benturan', NULL, NULL, '0', 0),
(1482, 367, '2 bulan', NULL, NULL, '1', 1),
(1483, 367, '1 bulan', NULL, NULL, '0', 0),
(1484, 367, '4 minggu', NULL, NULL, '0', 0),
(1485, 367, '2 minggu', NULL, NULL, '0', 0),
(1486, 368, 'Pemilihan bibit', NULL, NULL, '1', 1),
(1487, 368, 'Pemilihan lahan', NULL, NULL, '0', 0),
(1488, 368, 'Pemilihan air', NULL, NULL, '0', 0),
(1489, 368, 'Pemilihan pakan', NULL, NULL, '0', 0),
(1490, 369, 'Keju', NULL, NULL, '1', 1),
(1491, 369, 'Es krim', NULL, NULL, '0', 0),
(1492, 369, 'Yogurt', NULL, NULL, '0', 0),
(1493, 369, 'Susu krim', NULL, NULL, '0', 0),
(1494, 370, 'Memperpanjang keawetan bahan pangan', NULL, NULL, '1', 1),
(1495, 370, 'Membunuh kuman pada bahan pangan', NULL, NULL, '0', 0),
(1496, 370, 'Meningkatkan gizi bahan pangan', NULL, NULL, '0', 0),
(1497, 370, 'Mematangkan bahan pangan', NULL, NULL, '0', 0),
(1498, 371, 'Kantong plastik', NULL, NULL, '1', 1),
(1499, 371, 'Akuarium', NULL, NULL, '0', 0),
(1500, 371, 'Keranjang', NULL, NULL, '0', 0),
(1501, 371, 'Karbondioksida', NULL, NULL, '0', 0),
(1502, 372, 'Terasi', NULL, NULL, '1', 1),
(1503, 372, 'Kornet', NULL, NULL, '0', 0),
(1504, 372, 'Keju', NULL, NULL, '0', 0),
(1505, 372, 'Dendeng', NULL, NULL, '0', 0),
(1506, 373, 'Matang', NULL, NULL, '1', 1),
(1507, 373, 'Setengah matang', NULL, NULL, '0', 0),
(1508, 373, 'Setengah rusak', NULL, NULL, '0', 0),
(1509, 373, 'Gosong', NULL, NULL, '0', 0),
(1510, 374, 'Ikan Diskus', NULL, NULL, '1', 1),
(1511, 374, 'Ikan Louhan', NULL, NULL, '0', 0),
(1512, 374, 'Ikan Arwana', NULL, NULL, '0', 0),
(1513, 374, 'Ikan Koki', NULL, NULL, '0', 0),
(1514, 375, 'Plankton', NULL, NULL, '1', 1),
(1515, 375, 'Remah', NULL, NULL, '0', 0),
(1516, 375, 'Milet', NULL, NULL, '0', 0),
(1517, 375, 'Pelet', NULL, NULL, '0', 0),
(1518, 376, 'Daun', NULL, NULL, '1', 1),
(1519, 376, 'Plastik', NULL, NULL, '0', 0),
(1520, 376, 'Piring', NULL, NULL, '0', 0),
(1521, 376, 'Keramik', NULL, NULL, '0', 0),
(1522, 377, '<em>Baking</em>', NULL, NULL, '1', 1),
(1523, 377, '<em>Boiling</em>', NULL, NULL, '0', 0),
(1524, 377, '<em>Grilling</em>', NULL, NULL, '0', 0),
(1525, 377, '<em>Steaming</em>', NULL, NULL, '0', 0),
(1526, 378, 'Lincah', NULL, NULL, '1', 1),
(1527, 378, 'Berwarna pucat', NULL, NULL, '0', 0),
(1528, 378, 'Lemas', NULL, NULL, '0', 0),
(1529, 378, 'Mengambang', NULL, NULL, '0', 0),
(1530, 379, 'Bahan yang digunakan terdiri dari berbagai jenis. Tidak hanya satu saja melainkan lebih dari satu, dapat dua, tiga atau lebih. Semua bergantung pada rancangan kebutuhan dari produk kerajinan yang akan dibuat', NULL, NULL, '1', 1),
(1531, 379, 'Penyaring (filter) pada rangkaian regulator DC atau <em>power supply</em> untuk meminimalisir tegangan <em>ripple</em> AC yang masih tersisa', NULL, NULL, '0', 0),
(1532, 379, 'Pembangkit pulsa (frekuensi) dalam rangkaian <em>oscillator</em>', NULL, NULL, '0', 0),
(1533, 379, 'Penggeser <em>phasa</em>', NULL, NULL, '0', 0),
(1534, 380, 'Kesehatan tulang', NULL, NULL, '1', 1),
(1535, 380, 'Kesehatan mata', NULL, NULL, '0', 0),
(1536, 380, 'Kesehatan kulit', NULL, NULL, '0', 0),
(1537, 380, 'Kesehatan jantung', NULL, NULL, '0', 0),
(1538, 381, 'Abon ikan', NULL, NULL, '1', 1),
(1539, 381, 'Nugget ikan', NULL, NULL, '0', 0),
(1540, 381, 'Bakso ikan', NULL, NULL, '0', 0),
(1541, 381, 'Sosis ikan', NULL, NULL, '0', 0),
(1542, 382, 'Bakso', NULL, NULL, '1', 1),
(1543, 382, 'Kornet', NULL, NULL, '1', 1),
(1544, 382, 'Dendeng', NULL, NULL, '1', 1),
(1545, 382, 'Ikan asin', NULL, NULL, '0', 0),
(1546, 382, 'Ikan kaleng', NULL, NULL, '0', 0),
(1547, 383, 'Ikan badut', NULL, NULL, '1', 1),
(1548, 383, '<em>Blue tang</em>', NULL, NULL, '1', 1),
(1549, 383, '<em>Butterfly fish</em>', NULL, NULL, '1', 1),
(1550, 383, 'Ikan diskus', NULL, NULL, '0', 0),
(1551, 383, 'Ikan louhan', NULL, NULL, '0', 0),
(1557, 385, 'Kandungan kalium pada daging Sapi', NULL, NULL, '1', 1),
(1558, 385, 'Kandungan Kalsium pada kambing', NULL, NULL, '0', 0),
(1559, 385, 'Kandungan Besi pada Sapi', NULL, NULL, '0', 0),
(1560, 385, 'Kandungan Protein pada Domba', NULL, NULL, '0', 0),
(1561, 386, 'Batu dan kayu', NULL, NULL, '1', 1),
(1562, 386, 'Kayu dan keramik', NULL, NULL, '0', 0),
(1563, 386, 'Batu dan keramik', NULL, NULL, '0', 0),
(1564, 386, 'Bamboo dan kayu', NULL, NULL, '0', 0);

-- --------------------------------------------------------

--
-- Table structure for table `tbpengampu`
--

CREATE TABLE `tbpengampu` (
  `idampu` int(11) NOT NULL,
  `idgtk` int(11) NOT NULL,
  `idmapel` int(11) NOT NULL,
  `idrombel` int(11) NOT NULL
) ENGINE=InnoDB DEFAULT CHARSET=utf8;

--
-- Dumping data for table `tbpengampu`
--

INSERT INTO `tbpengampu` (`idampu`, `idgtk`, `idmapel`, `idrombel`) VALUES
(1, 2, 1, 1),
(2, 10, 2, 1),
(3, 7, 3, 1),
(4, 8, 4, 1),
(5, 11, 5, 1),
(6, 4, 6, 1),
(7, 9, 7, 1),
(8, 10, 8, 1),
(9, 12, 9, 1),
(10, 11, 10, 1),
(11, 2, 1, 2),
(12, 10, 2, 2),
(13, 7, 3, 2),
(14, 8, 4, 2),
(15, 11, 5, 2),
(16, 4, 6, 2),
(17, 9, 7, 2),
(18, 10, 8, 2),
(19, 12, 9, 2),
(20, 11, 10, 2),
(21, 6, 1, 3),
(22, 10, 2, 3),
(23, 3, 3, 3),
(24, 8, 4, 3),
(25, 5, 5, 3),
(26, 4, 6, 3),
(27, 9, 7, 3),
(28, 6, 8, 3),
(29, 8, 9, 3),
(30, 11, 10, 3),
(31, 6, 1, 4),
(32, 10, 2, 4),
(33, 3, 3, 4),
(34, 15, 4, 4),
(35, 5, 5, 4),
(36, 4, 6, 4),
(37, 9, 7, 4),
(38, 6, 8, 4),
(39, 8, 9, 4),
(40, 11, 10, 4),
(41, 2, 1, 5),
(42, 13, 2, 5),
(43, 3, 3, 5),
(44, 8, 4, 5),
(45, 5, 5, 5),
(46, 4, 6, 5),
(47, 9, 7, 5),
(48, 16, 8, 5),
(49, 12, 9, 5),
(50, 18, 10, 5),
(51, 2, 1, 6),
(52, 13, 2, 6),
(53, 3, 3, 6),
(54, 8, 4, 6),
(55, 5, 5, 6),
(56, 4, 6, 6),
(57, 9, 7, 6),
(58, 16, 8, 6),
(59, 12, 9, 6),
(60, 18, 10, 6);

-- --------------------------------------------------------

--
-- Table structure for table `tbpeserta`
--

CREATE TABLE `tbpeserta` (
  `idsiswa` int(11) NOT NULL,
  `nis` int(10) DEFAULT NULL,
  `nisn` varchar(10) CHARACTER SET utf8mb4 DEFAULT NULL,
  `nmsiswa` varchar(255) CHARACTER SET utf8mb4 DEFAULT NULL,
  `tmplahir` varchar(255) CHARACTER SET utf8mb4 DEFAULT NULL,
  `tgllahir` date DEFAULT NULL,
  `gender` varchar(1) CHARACTER SET utf8mb4 DEFAULT NULL,
  `agama` enum('A','B','C','D','E','F') CHARACTER SET utf8mb4 DEFAULT NULL,
  `alamat` mediumtext CHARACTER SET utf8mb4 DEFAULT NULL,
  `fotosiswa` varchar(250) CHARACTER SET utf8mb4 DEFAULT NULL,
  `idskul` int(11) DEFAULT NULL,
  `aktif` enum('1','0') CHARACTER SET utf8mb4 DEFAULT NULL,
  `deleted` enum('1','0') CHARACTER SET utf8mb4 NOT NULL,
  `nmpeserta` char(20) CHARACTER SET utf8mb4 DEFAULT NULL,
  `idujian` int(11) DEFAULT NULL,
  `idruang` int(11) DEFAULT NULL,
  `passwd` varchar(255) CHARACTER SET utf8mb4 DEFAULT NULL
) ENGINE=InnoDB DEFAULT CHARSET=utf8;

--
-- Dumping data for table `tbpeserta`
--

INSERT INTO `tbpeserta` (`idsiswa`, `nis`, `nisn`, `nmsiswa`, `tmplahir`, `tgllahir`, `gender`, `agama`, `alamat`, `fotosiswa`, `idskul`, `aktif`, `deleted`, `nmpeserta`, `idujian`, `idruang`, `passwd`) VALUES
(1, 1075, '0075355974', 'Abdul Hadi', 'Muara Bungo', '2007-07-18', 'L', 'A', 'Jalan Bukit Tinggi', NULL, 1, '0', '0', '0', 0, 0, ''),
(2, 1135, '0075734650', 'Abdul Majid', 'Muara Bungo', '2007-08-10', 'L', 'A', 'Jalan Bukit Telago', NULL, 1, '0', '0', '0', 0, 0, ''),
(3, 1136, '0086117250', 'Adi Saputra', 'Muara Bungo', '2008-12-27', 'L', 'A', 'Jalan Pelepat', NULL, 1, '0', '0', '0', 0, 0, ''),
(4, 1137, '0085388826', 'Adie Nugroho', 'Merangin', '2008-06-26', 'L', 'A', 'Jalan Batu Raja', NULL, 1, '0', '0', '0', 0, 0, ''),
(5, 1076, '0073510908', 'Adinda Wulan Dwi Agustin', 'Bandung', '2007-08-02', 'P', 'A', 'Jalan Kusuma', NULL, 1, '0', '0', '0', 0, 0, ''),
(6, 1008, '0074452373', 'Adril Tegar Raimonda', 'Cilodang', '2007-06-03', 'L', 'A', 'Jalan Bukit Kemuning', NULL, 1, '0', '0', 'P1004003600543', 3, 3, '815416*'),
(7, 1077, '0083510147', 'Ageng Dwi Setyo Tresno', 'Cilodang', '2008-02-16', 'L', 'A', 'Jalan Bukit Telago', NULL, 1, '0', '0', '0', 0, 0, ''),
(8, 1078, '0077372206', 'Agnes Putri Budiasih', 'Mulia Bhakti', '2007-06-10', 'P', 'A', 'Jalan Ajipurna', NULL, 1, '0', '0', '0', 0, 0, ''),
(9, 1079, '0072749467', 'Agung Rivaldi', 'Muara Bungo', '2007-08-03', 'L', 'A', 'Jalan Ciptasari', NULL, 1, '0', '0', '0', 0, 0, ''),
(10, 1007, '0069184747', 'Agus Ardian Purnama', 'Mulia Bhakti', '2006-08-17', 'L', 'A', 'Jl. Kusuma', NULL, 1, '0', '0', 'P1004003600214', 3, 1, '117463*'),
(11, 1080, '0082072806', 'Ahmad Ari Prasetyo', 'Muara Bungo', '2008-01-09', 'L', 'A', 'Jalan Kusuma', NULL, 1, '0', '0', '0', 0, 0, ''),
(12, 1010, '0069872684', 'Ajimeldisa Setya Hadi', 'Mulia Bhakti', '2006-12-23', 'L', 'A', 'Jl. Ajipurna', NULL, 1, '0', '0', 'P1004003600089', 3, 1, '779327*'),
(13, 1081, '0085805202', 'Akhyar Habibullah', 'Muara Bungo', '2008-04-07', 'L', 'A', 'Jalan Kencana', NULL, 1, '0', '0', '0', 0, 0, ''),
(14, 1082, '0074023645', 'Alando Muhamad Sadewo', 'Muara Bungo', '2007-07-23', 'L', 'A', 'Jalan Wijaya Kusuma', NULL, 1, '0', '0', '0', 0, 0, ''),
(15, 1138, '0087252225', 'Alvian Pratama', 'Merangin', '2008-10-28', 'L', 'A', 'Banyu Wangi', NULL, 1, '0', '0', '0', 0, 0, ''),
(16, 1084, '0075769354', 'Amelia Dewi Safitri', 'Bungo', '2007-12-09', 'P', 'A', 'Jalan Dharma', NULL, 1, '0', '0', '0', 0, 0, ''),
(17, 1085, '0079288833', 'Ananda Safitri', 'Muara Bungo', '2007-10-11', 'P', 'A', 'Jalan Kencana', NULL, 1, '0', '0', '0', 0, 0, ''),
(18, 1086, '0078023557', 'Angga Fadilla Tambunan', 'Muara Bungo', '2007-12-26', 'L', 'A', 'Ekatama', NULL, 1, '0', '0', '0', 0, 0, ''),
(19, 1139, '0098281308', 'Anggarda ica paramitha', 'Muara bungo', '2009-02-08', 'P', 'A', 'Jl. Jl. Das Purwa', NULL, 1, '0', '0', '0', 0, 0, ''),
(20, 1140, '0095605462', 'Anggita Asmarani', 'Bungo', '2009-03-16', 'P', 'A', 'Jl. Makarti', NULL, 1, '0', '0', '0', 0, 0, ''),
(21, 1141, '0093826301', 'Anisa Febriani', 'Cilodang', '2009-02-25', 'P', 'A', 'BUKIT LUNCUK', NULL, 1, '0', '0', '0', 0, 0, ''),
(22, 1087, '0078625495', 'Arba\'i Nur Septiano', 'Mulia Bhakti', '2007-09-01', 'L', 'A', 'Jalan Dasa Purwa', NULL, 1, '0', '0', '0', 0, 0, ''),
(23, 1088, '0075998526', 'Ardi Arwana', 'Muara Bungo', '2007-08-22', 'L', 'A', 'Jalan Kusuma', NULL, 1, '0', '0', '0', 0, 0, ''),
(24, 1089, '0071754743', 'Ardi Nurwahyu', 'Sekadau Kalbar', '2007-04-26', 'L', 'A', 'Jalan Bukit Asam', NULL, 1, '0', '0', '0', 0, 0, ''),
(25, 1090, '0089026170', 'Ardiyan Saputra', 'Muara Bungo', '2008-05-05', 'L', 'A', 'Jalan Rantau Rasau', NULL, 1, '0', '0', '0', 0, 0, ''),
(26, 1012, '0076533353', 'Ardiyan Welly Ramadhan Sitompul', 'Muara Bungo', '2007-09-13', 'L', 'A', 'Komp. Pasar X', NULL, 1, '0', '0', 'P1004003600392', 3, 2, '397467*'),
(27, 1142, '0082135927', 'Ardwana Riswari', 'Muara Bungo', '2008-10-31', 'P', 'A', 'Komp. Pasar X', NULL, 1, '0', '0', '0', 0, 0, ''),
(28, 1143, '0096833595', 'Arif Yudi Setiawan', 'Bungo', '2009-05-18', 'L', 'A', 'Jl. Batu Kambing', NULL, 1, '0', '0', '0', 0, 0, ''),
(29, 1009, '0051011570', 'Aziz Maulana', 'Cilodang', '2005-01-13', 'L', 'A', 'Jalan Bukit Tinggi', NULL, 1, '0', '0', 'P1004003600232', 3, 1, '363117*'),
(30, 1011, '0054062399', 'BAGAS MEGA DULIMA', 'CILODANG', '2005-08-03', 'L', 'A', 'Jalan Bukit Kemuning', NULL, 1, '0', '0', 'P1004003600525', 3, 3, '215552*'),
(31, 1144, '0086536053', 'Bayu Ali Akbar', 'Muara Bungo', '2008-10-24', 'L', 'A', 'Pasar', NULL, 1, '0', '0', '0', 0, 0, ''),
(32, 1145, '0096546393', 'Berlin Nata Maulana', 'Muara Bungo', '2009-03-23', 'L', 'A', 'Jl. Ciptasari', NULL, 1, '0', '0', '0', 0, 0, ''),
(33, 1013, '0073489997', 'Bilqish Ashley Milanisti', 'Muara Bungo', '2007-03-12', 'P', 'A', 'Jalan Kencana', NULL, 1, '0', '0', 'P1004003600374', 3, 2, '618151*'),
(34, 1014, '0074226049', 'Bimo Ambar Kurniawan', 'Muara Bungo', '2007-01-25', 'L', 'A', 'Jl Bukit Apit', NULL, 1, '0', '0', 'P1004003600303', 3, 2, '906106*'),
(35, 1091, '0079296278', 'Cahya Ramadani', 'Muara Bungo', '2007-10-09', 'L', 'A', 'Jalan Kusuma', NULL, 1, '0', '0', '0', 0, 0, ''),
(36, 1092, '0071527388', 'Cantika Laras Sati', 'Muara Bungo', '2007-11-14', 'P', 'A', 'Jalan Ekatama', NULL, 1, '0', '0', '0', 0, 0, ''),
(37, 1146, '0093049344', 'Chateryn Dara Fahyra', 'Merangin', '2009-05-31', 'P', 'A', 'Jl. Banyu Biru', NULL, 1, '0', '0', '0', 0, 0, ''),
(38, 1016, '0069925353', 'Chika Destia Winne', 'Mulia Bhakti', '2006-12-09', 'P', 'A', 'Dasa Purwa', NULL, 1, '0', '0', 'P1004003600534', 3, 3, '574347*'),
(39, 1015, '0061404239', 'Cholid Lesmana Putra', 'Mulia Bhakti', '2006-08-13', 'L', 'A', 'Kusuma', NULL, 1, '0', '0', 'P1004003600427', 3, 2, '776388*'),
(40, 1017, '0074173996', 'Cicilia Ayu Salsya', 'Muara Bungo', '2007-06-26', 'P', 'A', 'Jalan Dasa Purwa', NULL, 1, '0', '0', 'P1004003600365', 3, 2, '072096*'),
(41, 1019, '0065708423', 'Dani Afriyadi', 'Muara Bungo', '2006-04-24', 'L', 'A', 'Jalan Bukit Kemuning', NULL, 1, '0', '0', 'P1004003600587', 3, 3, '996047*'),
(42, 1147, '0082854420', 'Dani Maulana', 'Muara bungo', '2008-12-01', 'L', 'A', 'Jl. Prasetia', NULL, 1, '0', '0', '0', 0, 0, ''),
(43, 1018, '0062878427', 'Dava Sadewo Pama Berliyanto Simanjuntak', 'Kundur Karimun', '2006-10-08', 'L', 'A', 'Jl. Bhakti Husada', NULL, 1, '0', '0', 'P1004003600276', 3, 2, '232489*'),
(44, 1093, '0082293037', 'Dea Naura Asyifa', 'Merangin', '2008-05-13', 'P', 'A', 'Batu Raden', NULL, 1, '0', '0', '0', 0, 0, ''),
(45, 1020, '0068830422', 'Desi Adinda Sari', 'Muara Bungo', '2006-12-11', 'P', 'A', 'Jalan', NULL, 1, '0', '0', 'P1004003600018', 3, 1, '334742*'),
(46, 1148, '0088904202', 'Devi rahmawati', 'Magelang', '2008-01-05', 'P', 'A', 'Dharma', NULL, 1, '0', '0', '0', 0, 0, ''),
(47, 1149, '0089865626', 'Dewi Fatma Wati', 'Bungo', '2008-09-11', 'P', 'A', 'Jl. Prasetia', NULL, 1, '0', '0', '0', 0, 0, ''),
(48, 1021, '0062830375', 'Dewi Nurhidayanti', 'Mulia Bhakti', '2006-11-23', 'P', 'A', 'Jalan Ekatama', NULL, 1, '0', '0', 'P1004003600578', 3, 3, '220671*'),
(49, 1150, '0088888209', 'Dewi Nursela', 'Muara Bungo', '2008-11-02', 'P', 'A', 'Jl. Kusuma', NULL, 1, '0', '0', '0', 0, 0, ''),
(50, 1022, '0063987808', 'Dhea Salsabilla Putri', 'Muara Bungo', '2006-01-01', 'P', 'A', 'Jalan Bukit Luncuk', NULL, 1, '0', '0', 'P1004003600285', 3, 2, '435615*'),
(51, 1023, '0076396595', 'Diah Ayu Ernita', 'Muara Bungo', '2007-07-23', 'P', 'A', 'Kusuma', NULL, 1, '0', '0', 'P1004003600516', 3, 3, '229613*'),
(52, 1025, '0051488117', 'Dian Tri Mulyana', 'Cilodang', '2005-10-21', 'L', 'A', 'Jalan Bukit Asam', NULL, 1, '0', '0', 'P1004003600045', 3, 1, '186247*'),
(53, 1094, '0074088723', 'Diana Cantika Noviyanti', 'Muara Bungo', '2007-01-11', 'P', 'A', 'Jalan Bukit Luncuk', NULL, 1, '0', '0', '0', 0, 0, ''),
(54, 1027, '0066759039', 'Diana Putri Siska', 'Mulia Bhakti', '2006-12-13', 'P', 'A', 'Jalan Ajipurna', NULL, 1, '0', '0', 'P1004003600116', 3, 1, '106876*'),
(55, 1024, '0075932930', 'Diaz Rangga Saputra', 'Mulia Bhakti', '2007-04-26', 'L', 'A', 'Jl. Kusuma', NULL, 1, '0', '0', 'P1004003600347', 3, 2, '681909*'),
(56, 1095, '0078735841', 'Dimas Maulana', 'Mulia Bhakti', '2007-11-04', 'L', 'A', 'Jalan Setia Bhakti', NULL, 1, '0', '0', '0', 0, 0, ''),
(57, 1096, '0073872850', 'Dina Novita', 'Muara Bungo', '2007-01-11', 'P', 'A', 'Jalan Bukit Luncuk', NULL, 1, '0', '0', '0', 0, 0, ''),
(58, 1097, '0081892104', 'Dina Zhahratul Aulia', 'Merangin', '2008-06-27', 'P', 'A', 'Pasar', NULL, 1, '0', '0', '0', 0, 0, ''),
(59, 1026, '0067395065', 'Dinda Yolanda Putri', 'Kuamang Kuning', '2006-09-19', 'P', 'A', 'Jalan Bulian', NULL, 1, '0', '0', 'P1004003600196', 3, 1, '000273*'),
(60, 1098, '0075267471', 'Dine Rohdyanawati', 'Muara Bungo', '2007-09-07', 'P', 'A', 'Ciptasari', NULL, 1, '0', '0', '0', 0, 0, ''),
(61, 1099, '0079649877', 'Dwi Amelia Saputri', 'Muara Bungo', '2007-04-20', 'P', 'A', 'Jalan Bukit Tinggi', NULL, 1, '0', '0', '0', 0, 0, ''),
(62, 1100, '0086377795', 'Elviana Maizatu Saufia', 'Muara Bungo', '2008-07-29', 'P', 'A', 'Ekatama', NULL, 1, '0', '0', '0', 0, 0, ''),
(63, 1028, '0079061759', 'Eris Nurwanda', 'Cilodang', '2007-01-06', 'L', 'A', 'Jalan Bukit Kemuning', NULL, 1, '0', '0', 'P1004003600054', 3, 1, '625714*'),
(64, 1101, '0076184046', 'Erviana Dwi Lestari', 'Muara Bungo', '2007-08-08', 'P', 'A', 'Jalan Setia Bhakti', NULL, 1, '0', '0', '0', 0, 0, ''),
(65, 1151, '0082380095', 'Fadhilah Islamitanto', 'Muara Bungo', '2008-07-20', 'L', 'A', 'Jalan Bukit Kemuning', NULL, 1, '0', '0', '0', 0, 0, ''),
(66, 1152, '0095747781', 'Fahma Aulia Prasetyo', 'Bungo', '2009-02-14', 'P', 'A', 'Jl. Makarti', NULL, 1, '0', '0', '0', 0, 0, ''),
(67, 1153, '0092550629', 'Faradisa Aldira Rahma', 'Muara Bungo', '2009-01-30', 'P', 'A', 'Jl. Setia Bhakti', NULL, 1, '0', '0', '0', 0, 0, ''),
(68, 1200, '0076748150', 'Farell Sonanta', 'Tanjung Gadang', '2007-02-06', 'L', 'A', 'Jalan lintas sumatra', NULL, 1, '0', '0', 'P1004003600489', 3, 3, '635761*'),
(69, 1154, '0093953109', 'Farid Iksan Effendi', 'Merangin', '2009-07-28', 'L', 'A', 'Banyu Lincir', NULL, 1, '0', '0', '0', 0, 0, ''),
(70, 1156, '0083618586', 'FERDI KURNIAWAN', 'MUARA BUNGO', '2008-02-13', 'L', 'A', 'BUKIT LUNCUK', NULL, 1, '0', '0', '0', 0, 0, ''),
(71, 1157, '0097197853', 'Fienza Putri Meylani', 'Merangin', '2009-05-18', 'P', 'A', 'Batu Raden', NULL, 1, '0', '0', '0', 0, 0, ''),
(72, 1158, '0092830944', 'Finkan Fitriyani', 'Muara Bungo', '2009-07-14', 'P', 'A', 'Jl. Kusuma', NULL, 1, '0', '0', '0', 0, 0, ''),
(73, 1029, '0079905882', 'Firdayanto', 'Maryke', '2007-06-16', 'L', 'A', 'Jl. Setia Bhakti', NULL, 1, '0', '0', 'P1004003600409', 3, 2, '344114*'),
(74, 1103, '0078399259', 'Firdiani Shofiyatul Jauza', 'Sumedang', '2007-12-22', 'P', 'A', 'Jalan Bukit Telago', NULL, 1, '0', '0', '0', 0, 0, ''),
(75, 1159, '0095186669', 'Firenza Cantika Budiman', 'Muara Bungo', '2009-03-29', 'P', 'A', 'Jl. Bhakti Husada', NULL, 1, '0', '0', '0', 0, 0, ''),
(76, 1160, '0089804959', 'Galang Permana', 'Muara Bungo', '2008-09-19', 'L', 'A', 'BUKIT ASAM', NULL, 1, '0', '0', '0', 0, 0, ''),
(77, 1104, '0074135075', 'Gea Anastacia', 'Mulya Bhakti', '2007-11-26', 'P', 'A', 'Dasa Purwa', NULL, 1, '0', '0', '0', 0, 0, ''),
(78, 1161, '0083321639', 'Gina Hasna Raniyah', 'Muara Bungo', '2008-08-14', 'P', 'A', 'BUKIT APIT', NULL, 1, '0', '0', '0', 0, 0, ''),
(79, 1030, '0055038182', 'Holil Halimin', 'Desa Cilodang', '2005-08-18', 'L', 'A', 'Jalan Bukit Telago', NULL, 1, '0', '0', 'P1004003600569', 3, 3, '565680*'),
(80, 1033, '0068630121', 'IKHSAN MAULANA', 'CILODANG', '2006-09-12', 'L', 'A', 'Jalan Bukit Siguntang', NULL, 1, '0', '0', 'P1004003600036', 3, 1, '005983*'),
(81, 1106, '0088040728', 'Indah Fuji Lestari', 'Muara Bungo', '2008-01-25', 'P', 'A', 'BUKIT TINNGI', NULL, 1, '0', '0', '0', 0, 0, ''),
(82, 1107, '0079664710', 'Intan Novita Sari', 'Muara Bungo', '2007-11-26', 'P', 'A', 'Kusuma', NULL, 1, '0', '0', '0', 0, 0, ''),
(83, 1203, '0075574356', 'Irman Rahmattulloh', 'Muara Bungo', '2007-07-02', 'L', 'A', 'Jalan Jati', NULL, 1, '0', '0', '0', 0, 0, ''),
(84, 1032, '0055881869', 'Jejen', 'Cilodang', '2005-01-18', 'L', 'A', 'Jalan Bukit Telago', NULL, 1, '0', '0', 'P1004003600507', 3, 3, '445388*'),
(85, 1134, '0058122538', 'Johan Tanijar Manurung', 'Pematangsiantar', '2005-05-29', 'L', 'B', 'Perum PT.SAL 2', NULL, 1, '0', '0', 'P1004003600356', 3, 2, '277936*'),
(86, 1035, '0065200425', 'Jujun Nur Hidayat', 'Cilodang', '2006-04-08', 'L', 'A', 'Jalan Bukit Luncuk', NULL, 1, '0', '0', 'P1004003600552', 3, 3, '064684*'),
(87, 1034, '0079235786', 'Karina April Liony', 'Muara Bungo', '2007-04-05', 'P', 'A', 'Kencana', NULL, 1, '0', '0', 'P1004003600498', 3, 3, '742161*'),
(88, 1108, '0082145546', 'Kasih Aulia Imanesuci', 'Muara Bungo', '2008-04-27', 'P', 'A', 'Jalan Prasetia', NULL, 1, '0', '0', '0', 0, 0, ''),
(89, 1162, '0075671479', 'KHOLIFAH DEA PUTRI', 'MUARA BUNGO', '2007-06-12', 'P', 'A', 'BUKIT LUNCUK', NULL, 1, '0', '0', '0', 0, 0, ''),
(90, 1163, '0083563971', 'Lailaitul Fitriana Argianti', 'Muara Bungo', '2008-12-18', 'P', 'A', 'Jl. Kusuma', NULL, 1, '0', '0', '0', 0, 0, ''),
(91, 1164, '0093060187', 'Lily Rahmawati', 'Merangin', '2009-03-07', 'P', 'A', 'Banyu Lincir', NULL, 1, '0', '0', '0', 0, 0, ''),
(92, 1109, '0078986316', 'Lisa Agus Rahma Wati', 'Muara Bungo', '2007-08-20', 'P', 'A', 'Jalan Ekatama', NULL, 1, '0', '0', '0', 0, 0, ''),
(93, 1165, '0099082301', 'Lisa Listriani', 'Muara Bungo', '2009-03-21', 'P', 'A', 'Jl. Kencana', NULL, 1, '0', '0', '0', 0, 0, ''),
(94, 1036, '0078253682', 'Lutfi Daniansah Azizi', 'Muara Bungo', '2007-05-20', 'L', 'A', 'Jalan Kencana', NULL, 1, '0', '0', 'P1004003600312', 3, 2, '414109*'),
(95, 1197, '0077726597', 'Magdalena Br Pakpahan', 'Suka Mulya', '2007-07-20', 'P', 'B', 'Pemayungan', NULL, 1, '0', '0', 'P1004003600063', 3, 1, '918538*'),
(96, 1198, '3075738383', 'Magdaleni br pakpahan', 'Suka mulya', '2007-07-20', 'P', 'B', 'pemayungan', NULL, 1, '0', '0', '0', 0, 0, ''),
(97, 1110, '0076075947', 'Margareta Sari Br Siallagan', 'Muara Bungo', '2008-11-15', 'P', 'C', 'Jalan Dasa Purwa', NULL, 1, '0', '0', '0', 0, 0, ''),
(98, 1166, '0089366353', 'Marvel Setiawan Saputra', 'Muara Bungo', '2008-12-18', 'L', 'A', 'Jl. Makarti', NULL, 1, '0', '0', '0', 0, 0, ''),
(99, 1111, '0085663378', 'Meila Restu Ayu Ningsih', 'Muara Bungo', '2008-05-04', 'P', 'A', 'Jalan Setia Bhakti', NULL, 1, '0', '0', '0', 0, 0, ''),
(100, 1167, '0097341216', 'Meyyla Ayudhia Dhitama', 'Air Batu', '2009-02-20', 'P', 'A', 'JL. BANYU WANGI', NULL, 1, '0', '0', '0', 0, 0, ''),
(101, 1037, '0071018494', 'Michael Edward Halomoan Simatupang', 'Kuamang Kuning', '2007-02-10', 'L', 'B', 'Dasa Purwa', NULL, 1, '0', '0', 'P1004003600614', 3, 3, '364369*'),
(102, 1039, '0077682808', 'Mudzacky Rakha Kusuma', 'Muara Bungo', '2007-05-22', 'L', 'A', 'Jalan Kusuma', NULL, 1, '0', '0', 'P1004003600294', 3, 2, '225111*'),
(103, 1202, '0075066336', 'MUHAMAD SATRIA', 'Muara Bungo', '2007-07-10', 'L', 'A', 'Bukit Tinggi', NULL, 1, '0', '0', '0', 0, 0, ''),
(104, 1112, '0071383247', 'Muhammad Akbar', 'Mulia Bhakti', '2007-10-12', 'L', 'A', 'Jalan Ajipurna', NULL, 1, '0', '0', '0', 0, 0, ''),
(105, 1171, '0084385988', 'Muhammad Dafa Aditia Pratama', 'Air Batu', '2008-11-17', 'L', 'A', 'BUKIT TINGGI', NULL, 1, '0', '0', '0', 0, 0, ''),
(106, 1169, '0087457897', 'Muhammad Davin Agustino', 'Muara Bungo', '2008-08-15', 'L', 'A', 'Jl. Kusuma', NULL, 1, '0', '0', '0', 0, 0, ''),
(107, 1038, '0078058410', 'Muhammad Fajri', 'Muara Bungo', '2007-06-11', 'L', 'A', 'Jl. kusuma', NULL, 1, '0', '0', 'P1004003600258', 3, 2, '672462*'),
(108, 1113, '0086592235', 'Muhammad Hafit Saputra', 'Merangin', '2008-05-25', 'L', 'A', 'Jalan Banyu Wangi', NULL, 1, '0', '0', '0', 0, 0, ''),
(109, 1170, '0096810424', 'Muhammad Rizal Arif', 'Megelang', '2009-01-27', 'L', 'A', 'Jl. Makarti', NULL, 1, '0', '0', '0', 0, 0, ''),
(110, 1114, '0082501802', 'Nabila Zahwa Dewi', 'Muara Bungo', '2008-01-06', 'P', 'A', 'Jalan Prasetia', NULL, 1, '0', '0', '0', 0, 0, ''),
(111, 1172, '0091610616', 'Nadiya Arum Pratiwi', 'Merangin', '2009-02-26', 'P', 'A', 'Banyu Agung', NULL, 1, '0', '0', '0', 0, 0, ''),
(112, 1115, '0071057628', 'Nanda Nurdian Kelana', 'Bukit Kemang', '2007-07-23', 'L', 'A', 'Jalan Kusuma', NULL, 1, '0', '0', '0', 0, 0, ''),
(113, 1040, '0073088481', 'Naufal Alib Rafadzaky', 'Mulia Bhakti', '2007-07-27', 'L', 'A', 'Jalan Bhakti Husada', NULL, 1, '0', '0', 'P1004003600098', 3, 1, '532540*'),
(114, 1173, '0094602619', 'Nayla Syabilil Masaya', 'Merangin', '2009-02-12', 'P', 'A', 'Pasar', NULL, 1, '0', '0', '0', 0, 0, ''),
(115, 1042, '0069791009', 'Nia Natasya', 'Cilodang', '2006-08-27', 'P', 'A', 'Jalan Bukit Kemuning', NULL, 1, '0', '0', 'P1004003600436', 3, 2, '807763*'),
(116, 1116, '0076061164', 'Nissa Ramadhani', 'Sumedang', '2007-09-16', 'P', 'A', 'BUKIT KEMUNING', NULL, 1, '0', '0', '0', 0, 0, ''),
(117, 1117, '0078271055', 'Nur Ammar Ramadhan', 'Muara Bungo', '2007-09-25', 'L', 'A', 'BUKIT KEMUNING', NULL, 1, '0', '0', '0', 0, 0, ''),
(118, 1118, '0077122481', 'Nurul Elisah', 'Cilodang', '2007-06-18', 'P', 'A', 'BUKIT KEMUNING', NULL, 1, '0', '0', '0', 0, 0, ''),
(119, 1155, '0077494224', 'Pendi Anggoro', 'Muara Bungo', '2007-03-04', 'L', 'A', 'KEMUNING', NULL, 1, '0', '0', '0', 0, 0, ''),
(120, 1119, '0081409163', 'Putri Agustina Rizki', 'Muara Bungo', '2008-07-01', 'P', 'A', 'Jalan Kencana', NULL, 1, '0', '0', '0', 0, 0, ''),
(121, 1120, '0075463968', 'Raffi Alfarizzi', 'Muara Bungo', '2007-12-09', 'L', 'A', 'Jalan Makarti', NULL, 1, '0', '0', '0', 0, 0, ''),
(122, 1174, '0083694579', 'Rahma Julhiza Amini', 'Muara bungo', '2008-12-13', 'P', 'A', 'Jl. Dharma', NULL, 1, '0', '0', '0', 0, 0, ''),
(123, 1175, '0084739127', 'Rahmad Afandi', 'Muara Bungo', '2008-10-28', 'L', 'A', 'Jl. Kusuma', NULL, 1, '0', '0', '0', 0, 0, ''),
(124, 1121, '0089718430', 'Rahmawati Agustin', 'Muara Bungo', '2008-08-08', 'P', 'A', 'Jalan Ekatama', NULL, 1, '0', '0', '0', 0, 0, ''),
(125, 1041, '0061936507', 'Ramdani Akbar', 'Cilodang', '2006-07-31', 'L', 'A', 'Jalan Bukit Tinggi', NULL, 1, '0', '0', 'P1004003600605', 3, 3, '881030*'),
(126, 1201, '0074048326', 'RANI LATIPAH', 'BUNGO', '2007-11-27', 'P', 'A', 'BUKIT TINGGI', NULL, 1, '0', '0', '0', 0, 0, ''),
(127, 1176, '0076895595', 'Refvi Dwi Saputra', 'Muara Bungo', '2007-10-28', 'L', 'A', 'BUKIT LUNCUK', NULL, 1, '0', '0', '0', 0, 0, ''),
(128, 1123, '0076607412', 'Reni Nurmalasari', 'Muara Bungo', '2007-06-24', 'P', 'A', 'BUKIT TELAGO', NULL, 1, '0', '0', '0', 0, 0, ''),
(129, 1124, '0075530479', 'Reva Aryanti', 'Jambi', '2007-10-08', 'P', 'A', 'Dsn. Arnih Barat', NULL, 1, '0', '0', '0', 0, 0, ''),
(130, 1043, '0061186666', 'Revaldo Firmansyah', 'Mulia Bhakti', '2006-09-22', 'L', 'A', 'Komp. Pasar X', NULL, 1, '0', '0', 'P1004003600249', 3, 2, '688244*'),
(131, 1177, '0096329583', 'Revan Putra Rizkyawan', 'Merangin', '2009-05-13', 'L', 'A', 'Batu Raden', NULL, 1, '0', '0', '0', 0, 0, ''),
(132, 1178, '0081705155', 'Revita Aghles Purwindah', 'Muara Bungo', '2008-10-19', 'P', 'A', 'BUKIT KEMUNING', NULL, 1, '0', '0', '0', 0, 0, ''),
(133, 1044, '0065542333', 'Revita Wulandari', 'Cilodang', '2006-09-22', 'P', 'A', 'Jalan Bukit Kemuning', NULL, 1, '0', '0', 'P1004003600463', 3, 3, '304535*'),
(134, 1045, '0069386183', 'Reza Marliska Khuril Miftahul Janah', 'Muara Bungo', '2006-08-06', 'P', 'A', 'Jalan Aji Purna', NULL, 1, '0', '0', 'P1004003600454', 3, 3, '182561*'),
(135, 1048, '0051813572', 'Ridho Wahyu. M', 'Mulia Bhakti', '2005-07-29', 'L', 'A', 'Jalan Kusuma', NULL, 1, '0', '0', 'P1004003600418', 3, 2, '197247*'),
(136, 1049, '0063686263', 'Rifadhli Nur Wahid', 'Cilodang', '2006-11-25', 'L', 'A', 'Jalan Bukit Kemuning', NULL, 1, '0', '0', 'P1004003600134', 3, 1, '927263*'),
(137, 1051, '0066816889', 'RISKY BIMA SAPUTRA', 'CILODANG', '2006-11-08', 'L', 'A', 'Jalan Bukit Luncuk', NULL, 1, '0', '0', 'P1004003600027', 3, 1, '545322*'),
(138, 1050, '0069354530', 'Risma Nurlatifah', 'Cilodang', '2006-03-19', 'P', 'A', 'Jalan Bukit Luncuk', NULL, 1, '0', '0', 'P1004003600187', 3, 1, '130791*'),
(139, 1179, '0099299837', 'Risma Yanti', 'Muara Bungo', '2009-01-25', 'P', 'A', 'Jl. Dasa Purwa', NULL, 1, '0', '0', '0', 0, 0, ''),
(140, 1127, '0073319338', 'Rissa Azzahra Ramadhani', 'Muara Bungo', '2007-09-13', 'P', 'A', 'BUKIT ASAM', NULL, 1, '0', '0', '0', 0, 0, ''),
(141, 1052, '0051242200', 'Riva Ariska', 'Muaro Bungo', '2005-03-13', 'P', 'A', 'Sidolego', NULL, 1, '0', '0', 'P1004003600107', 3, 1, '656543*'),
(142, 1054, '0063009451', 'Rohmat Fatur Febriadi Pratama', 'Mulia Bhakti', '2006-02-03', 'L', 'A', 'Jalan Ekatama', NULL, 1, '0', '0', 'P1004003600596', 3, 3, '807421*'),
(143, 1180, '0092296523', 'Roky Satria Putra', 'Mulia Bhakti', '2009-05-06', 'L', 'A', 'Jl. Makrti', NULL, 1, '0', '0', '0', 0, 0, ''),
(144, 1181, '0086341284', 'Rowanda Pratama', 'Muara Bungo', '2008-08-21', 'L', 'A', 'Jl. Setia Bhakti', NULL, 1, '0', '0', '0', 0, 0, ''),
(145, 1128, '0087780185', 'RUCY HARIYANTI', 'BLITAR', '2008-01-07', 'P', 'A', 'BUKIT ASAM', NULL, 1, '0', '0', '0', 0, 0, ''),
(146, 1053, '0069473708', 'Sabela Abdul Aziz', 'Mulia Bhakti', '2006-10-29', 'L', 'A', 'Jalan Ajipurna', NULL, 1, '0', '0', 'P1004003600472', 3, 3, '744793*'),
(147, 1182, '0097365123', 'Safa Alzena Guntoro', 'Muara Bungo', '2009-03-23', 'P', 'A', 'Jalan Bhakti Husada', NULL, 1, '0', '0', '0', 0, 0, ''),
(148, 1055, '0064357038', 'Sagita Mega Aulia', 'Muara Bungo', '2006-12-23', 'P', 'A', 'Jalan Kusuma', NULL, 1, '0', '0', 'P1004003600329', 3, 2, '847286*'),
(149, 1129, '0087744920', 'Salma Dzakiyyah', 'Muara Bungo', '2008-04-09', 'P', 'A', 'Ekatama', NULL, 1, '0', '0', '0', 0, 0, ''),
(150, 1183, '0099223998', 'Santria Bagus Setiawan', 'Muara Bungo', '2009-08-05', 'L', 'A', 'Jl. Dharma', NULL, 1, '0', '0', '0', 0, 0, ''),
(151, 1199, '0074623178', 'Saskia Riska Syari', 'Lubuk Mandarsah', '2007-08-02', 'P', 'A', 'Pelayang Tebat', NULL, 1, '0', '0', 'P1004003600383', 3, 2, '935367*'),
(152, 1056, '0061858049', 'Sasta Novaliany', 'Mulia Bhakti', '2006-11-23', 'P', 'A', 'Jalan Ekatama', NULL, 1, '0', '0', 'P1004003600143', 3, 1, '318862*'),
(153, 1058, '0063343419', 'Satrio Dwi Cipta Raharja', 'Muara Bungo', '2006-11-27', 'L', 'A', 'Jalan Kusuma', NULL, 1, '0', '0', 'P1004003600205', 3, 1, '960323*'),
(154, 1184, '0097508161', 'Septi Okta Khairani', 'Merangin', '2009-10-10', 'P', 'A', 'Komplek Pasar', NULL, 1, '0', '0', '0', 0, 0, ''),
(155, 1057, '0062970631', 'Sheptia Ramadhani', 'Muara Bungo', '2006-09-24', 'P', 'A', 'Jalan Ajipurna', NULL, 1, '0', '0', 'P1004003600152', 3, 1, '512486*'),
(156, 1185, '0089877154', 'Shidiq Lathif. M', 'Muara Bungo', '2008-10-09', 'L', 'A', 'Jalan Ciptasari', NULL, 1, '0', '0', '0', 0, 0, ''),
(157, 1186, '0089669003', 'Siam Mustolih', 'Bungo', '2008-09-12', 'L', 'A', 'BUKIT KEMUNING', NULL, 1, '0', '0', '0', 0, 0, ''),
(158, 1187, '0089317633', 'Sinta Pratiwi', 'Bekulap', '2008-11-16', 'P', 'A', 'Jl. Setia Bhakti', NULL, 1, '0', '0', '0', 0, 0, ''),
(159, 1188, '0097865915', 'Siti Zahra Nur Asiah', 'Muara Bungo', '2009-02-20', 'P', 'A', 'BUKIT LUNCUK', NULL, 1, '0', '0', '0', 0, 0, ''),
(160, 1059, '0074254452', 'Sri Lestari Ningsih', 'Batang Merangin', '2007-01-10', 'P', 'A', 'JL. BATU JAJAR', NULL, 1, '0', '0', 'P1004003600178', 3, 1, '655295*'),
(161, 1130, '0069518171', 'Sukma Ayu Purwanti', 'Cilodang', '2006-12-10', 'P', 'A', 'Jalan Bukit Luncuk', NULL, 1, '0', '0', '0', 0, 0, ''),
(162, 1060, '0066543353', 'Suwanda Pangeran Saputra', 'Mulia Bhakti', '2006-06-10', 'L', 'A', 'Jalan Ajipurna', NULL, 1, '0', '0', 'P1004003600632', 3, 3, '242117*'),
(163, 1189, '0089382925', 'Syifa Mardhatillah Putri Elsafa', 'Muara Bungo', '2008-12-18', 'P', 'A', 'Jl. Kusuma', NULL, 1, '0', '0', '0', 0, 0, ''),
(164, 1062, '0063339968', 'TIARA PUJAKESUMA', 'Kuamang Kuning', '2006-09-20', 'P', 'A', 'Jalan Bukit Telago', NULL, 1, '0', '0', 'P1004003600445', 3, 3, '198946*'),
(165, 1061, '0077991251', 'Trianist Bunga Puri', 'Kuamang Kuning', '2007-06-04', 'P', 'A', 'Dasa Purwa', NULL, 1, '0', '0', 'P1004003600223', 3, 1, '494947*'),
(166, 1190, '0077360750', 'Ujang Koswandi', 'Lingga Kuamang', '2007-12-09', 'L', 'A', 'BUKIT ASAM', NULL, 1, '0', '0', '0', 0, 0, ''),
(167, 1191, '0081331738', 'ULFA DESPARWATI', 'MUARA BUNGO', '2008-12-14', 'P', 'A', 'Jalan Bukit Kemuning', NULL, 1, '0', '0', '0', 0, 0, ''),
(168, 1192, '0097421031', 'Viki Firmansyah', 'Air Batu', '2009-01-22', 'L', 'A', 'Jl. Banyu Biru', NULL, 1, '0', '0', '0', 0, 0, ''),
(169, 1063, '0074003312', 'Viona Julita Saputri', 'Mulya Jaya', '2007-07-12', 'P', 'A', 'Jln Jati', NULL, 1, '0', '0', 'P1004003600125', 3, 1, '362931*'),
(170, 1131, '0073541905', 'Vira Lovita', 'Muara Bungo', '2007-09-11', 'P', 'A', 'APIT', NULL, 1, '0', '0', '0', 0, 0, ''),
(171, 1064, '0067555390', 'Wawan Rama Setiya Danni', 'Mulia Bhakti', '2006-10-05', 'L', 'A', 'Ekatama', NULL, 1, '0', '0', 'P1004003600267', 3, 2, '771701*'),
(172, 1066, '0075272106', 'Wima Dwi Suranti', 'Mulia Bhakti', '2007-07-18', 'P', 'A', 'Jalan Kusuma', NULL, 1, '0', '0', 'P1004003600072', 3, 1, '679683*'),
(173, 1069, '0078833299', 'Yoga Wahyu Pratama', 'Muara Bungo', '2007-07-15', 'L', 'A', 'Komp. Pasar unit X', NULL, 1, '0', '0', 'P1004003600623', 3, 3, '015900*'),
(174, 1193, '0092931013', 'Yuda Duwi Winata', 'Bangko', '2009-01-07', 'L', 'A', 'Banyu Wangi', NULL, 1, '0', '0', '0', 0, 0, ''),
(175, 1194, '0086190665', 'Yusuf Hardiansyah', 'Bangko', '2008-12-12', 'L', 'A', 'Batu Jajar', NULL, 1, '0', '0', '0', 0, 0, ''),
(176, 1195, '0083853233', 'ZAHRA AZKIA', 'MUARA BUNGO', '2008-07-25', 'P', 'A', 'JL. SELASIH', NULL, 1, '0', '0', '0', 0, 0, ''),
(177, 1068, '0069684179', 'Zahra Salsabila', 'Ma. Bungo', '2006-06-06', 'P', 'A', 'Jalan Bukit Apit', NULL, 1, '0', '0', 'P1004003600338', 3, 2, '524241*'),
(178, 1196, '0082382217', 'Zakhy Avandi', 'Muara Bungo', '2008-09-07', 'L', 'A', 'Jl. Makarti', NULL, 1, '0', '0', '0', 0, 0, ''),
(179, 1070, '0073088492', 'Zulia Nur Cahyati', 'Muara Bungo', '2007-07-19', 'P', 'A', 'Jalan Ciptasari', NULL, 1, '0', '0', 'P1004003600169', 3, 1, '420404*');

-- --------------------------------------------------------

--
-- Table structure for table `tbprov`
--

CREATE TABLE `tbprov` (
  `idprov` char(2) NOT NULL,
  `nmprov` varchar(50) DEFAULT NULL
) ENGINE=InnoDB DEFAULT CHARSET=utf8;

--
-- Dumping data for table `tbprov`
--

INSERT INTO `tbprov` (`idprov`, `nmprov`) VALUES
('01', 'DKI Jakarta'),
('02', 'Jawa Barat'),
('03', 'Jawa Tengah'),
('04', 'DI Yogyakarta'),
('05', 'Jawa Timur'),
('06', 'Nanggroe Aceh Darussalaam'),
('07', 'Sumatera Utara'),
('08', 'Sumatera Barat'),
('09', 'Riau'),
('10', 'Jambi'),
('11', 'Sumatera Selatan'),
('12', 'Lampung'),
('13', 'Kalimantan Barat'),
('14', 'Kalimantan Tengah'),
('15', 'Kalimantan Selatan'),
('16', 'Kalimantan Timur'),
('17', 'Sulawesi Utara'),
('18', 'Sulawesi Tengah'),
('19', 'Sulawesi Selatan'),
('20', 'Sulawesi Tenggara'),
('21', 'Maluku'),
('22', 'Bali'),
('23', 'Nusa Tenggara Barat'),
('24', 'Nusa Tenggara Timur'),
('25', 'Papua'),
('26', 'Bengkulu'),
('27', 'Maluku Utara'),
('28', 'Kepulauan Bangka Belitung'),
('29', 'Gorontalo'),
('30', 'Banten'),
('31', 'Kepulauan Riau'),
('32', 'Sulawesi Barat'),
('33', 'Papua Barat'),
('34', 'Kalimantan Utara');

-- --------------------------------------------------------

--
-- Table structure for table `tbrayon`
--

CREATE TABLE `tbrayon` (
  `idrayon` char(4) NOT NULL,
  `idprov` char(2) DEFAULT NULL,
  `nmrayon` varchar(100) DEFAULT NULL
) ENGINE=InnoDB DEFAULT CHARSET=utf8;

--
-- Dumping data for table `tbrayon`
--

INSERT INTO `tbrayon` (`idrayon`, `idprov`, `nmrayon`) VALUES
('0101', '01', 'Kota Jakarta Pusat'),
('0102', '01', 'Kota Jakarta Utara'),
('0103', '01', 'Kota Jakarta Barat'),
('0104', '01', 'Kota Jakarta Selatan'),
('0105', '01', 'Kota Jakarta Timur'),
('0106', '01', 'Kabupaten Adm. Kepulauan Seribu'),
('0201', '02', 'Kota Bandung'),
('0202', '02', 'Kota Banjar'),
('0203', '02', 'Kota Bekasi'),
('0204', '02', 'Kota Bogor'),
('0205', '02', 'Kota Cimahi'),
('0206', '02', 'Kota Cirebon'),
('0207', '02', 'Kota Depok'),
('0208', '02', 'Kota Sukabumi'),
('0209', '02', 'Kota Tasikmalaya'),
('0210', '02', 'Kabupaten Bandung'),
('0211', '02', 'Kabupaten Bandung Barat'),
('0212', '02', 'Kabupaten Bekasi'),
('0213', '02', 'Kabupaten Bogor'),
('0214', '02', 'Kabupaten Ciamis'),
('0215', '02', 'Kabupaten Cianjur'),
('0216', '02', 'Kabupaten Cirebon'),
('0217', '02', 'Kabupaten Garut'),
('0218', '02', 'Kabupaten Indramayu'),
('0219', '02', 'Kabupaten Karawang'),
('0220', '02', 'Kabupaten Kuningan'),
('0221', '02', 'Kabupaten Majalengka'),
('0222', '02', 'Kabupaten Purwakarta'),
('0223', '02', 'Kabupaten Subang'),
('0224', '02', 'Kabupaten Sukabumi'),
('0225', '02', 'Kabupaten Sumedang'),
('0226', '02', 'Kabupaten Tasikmalaya'),
('0227', '02', 'Kabupaten Pangandaran'),
('0301', '03', 'Kota Semarang'),
('0302', '03', 'Kota Surakarta'),
('0303', '03', 'Kota Tegal'),
('0304', '03', 'Kota Pekalongan'),
('0305', '03', 'Kota Salatiga'),
('0306', '03', 'Kota Magelang'),
('0307', '03', 'Kabupaten Banyumas'),
('0308', '03', 'Kabupaten Banjarnegara'),
('0309', '03', 'Kabupaten Cilacap'),
('0310', '03', 'Kabupaten Purbalingga'),
('0311', '03', 'Kabupaten Kebumen'),
('0312', '03', 'Kabupaten Magelang'),
('0313', '03', 'Kabupaten Purworejo'),
('0314', '03', 'Kabupaten Temanggung'),
('0315', '03', 'Kabupaten Wonosobo'),
('0316', '03', 'Kabupaten Boyolali'),
('0317', '03', 'Kabupaten Karanganyar'),
('0318', '03', 'Kabupaten Klaten'),
('0319', '03', 'Kabupaten Sragen'),
('0320', '03', 'Kabupaten Sukoharjo'),
('0321', '03', 'Kabupaten Wonogiri'),
('0322', '03', 'Kabupaten Blora'),
('0323', '03', 'Kabupaten Jepara'),
('0324', '03', 'Kabupaten Kudus'),
('0325', '03', 'Kabupaten Pati'),
('0326', '03', 'Kabupaten Rembang'),
('0327', '03', 'Kabupaten Demak'),
('0328', '03', 'Kabupaten Grobogan'),
('0329', '03', 'Kabupaten Kendal'),
('0330', '03', 'Kabupaten Semarang'),
('0331', '03', 'Kabupaten Batang'),
('0332', '03', 'Kabupaten Brebes'),
('0333', '03', 'Kabupaten Pekalongan'),
('0334', '03', 'Kabupaten Pemalang'),
('0335', '03', 'Kabupaten Tegal'),
('0401', '04', 'Kota Yogyakarta'),
('0402', '04', 'Kabupaten Bantul'),
('0403', '04', 'Kabupaten Kulon Progo'),
('0404', '04', 'Kabupaten Sleman'),
('0405', '04', 'Kabupaten Gunungkidul'),
('0501', '05', 'Kota Surabaya'),
('0502', '05', 'Kota Malang'),
('0503', '05', 'Kota Madiun'),
('0504', '05', 'Kota Kediri'),
('0505', '05', 'Kota Mojokerto'),
('0506', '05', 'Kota Blitar'),
('0507', '05', 'Kota Pasuruan'),
('0508', '05', 'Kota Probolinggo'),
('0509', '05', 'Kota Batu'),
('0510', '05', 'Kabupaten Gresik'),
('0511', '05', 'Kabupaten Sidoarjo'),
('0512', '05', 'Kabupaten Mojokerto'),
('0513', '05', 'Kabupaten Jombang'),
('0514', '05', 'Kabupaten Bojonegoro'),
('0515', '05', 'Kabupaten Tuban'),
('0516', '05', 'Kabupaten Lamongan'),
('0517', '05', 'Kabupaten Madiun'),
('0518', '05', 'Kabupaten Ngawi'),
('0519', '05', 'Kabupaten Magetan'),
('0520', '05', 'Kabupaten Ponorogo'),
('0521', '05', 'Kabupaten Pacitan'),
('0522', '05', 'Kabupaten Kediri'),
('0523', '05', 'Kabupaten Nganjuk'),
('0524', '05', 'Kabupaten Blitar'),
('0525', '05', 'Kabupaten Tulungagung'),
('0526', '05', 'Kabupaten Trenggalek'),
('0527', '05', 'Kabupaten Malang'),
('0528', '05', 'Kabupaten Pasuruan'),
('0529', '05', 'Kabupaten Probolinggo'),
('0530', '05', 'Kabupaten Lumajang'),
('0531', '05', 'Kabupaten Bondowoso'),
('0532', '05', 'Kabupaten Situbondo'),
('0533', '05', 'Kabupaten Jember'),
('0534', '05', 'Kabupaten Banyuwangi'),
('0535', '05', 'Kabupaten Pamekasan'),
('0536', '05', 'Kabupaten Sampang'),
('0537', '05', 'Kabupaten Sumenep'),
('0538', '05', 'Kabupaten Bangkalan'),
('0601', '06', 'Kota Banda Aceh'),
('0602', '06', 'Kota Sabang'),
('0603', '06', 'Kota Lhokseumawe'),
('0604', '06', 'Kota Langsa'),
('0605', '06', 'Kota Subulussalam'),
('0606', '06', 'Kabupaten Aceh Besar'),
('0607', '06', 'Kabupaten Pidie'),
('0608', '06', 'Kabupaten Pidie Jaya'),
('0609', '06', 'Kabupaten Bireuen'),
('0610', '06', 'Kabupaten Aceh Tengah'),
('0611', '06', 'Kabupaten Bener Meriah'),
('0612', '06', 'Kabupaten Aceh Utara'),
('0613', '06', 'Kabupaten Aceh Timur'),
('0614', '06', 'Kabupaten Aceh Tamiang'),
('0615', '06', 'Kabupaten Aceh Singkil'),
('0616', '06', 'Kabupaten Aceh Jaya'),
('0617', '06', 'Kabupaten Aceh Barat'),
('0618', '06', 'Kabupaten Nagan Raya'),
('0619', '06', 'Kabupaten Simeulue'),
('0620', '06', 'Kabupaten Aceh Barat Daya'),
('0621', '06', 'Kabupaten Aceh Selatan'),
('0622', '06', 'Kabupaten Aceh Tenggara'),
('0623', '06', 'Kabupaten Gayo Lues'),
('0701', '07', 'Kota Medan'),
('0702', '07', 'Kota Pematangsiantar'),
('0703', '07', 'Kota Binjai'),
('0704', '07', 'Kota Tebing Tinggi'),
('0705', '07', 'Kota Tanjung Balai'),
('0706', '07', 'Kota Sibolga'),
('0707', '07', 'Kota Padangsidimpuan'),
('0708', '07', 'Kota Gunungsitoli'),
('0709', '07', 'Kabupaten Deliserdang'),
('0710', '07', 'Kabupaten Langkat'),
('0711', '07', 'Kabupaten Simalungun'),
('0712', '07', 'Kabupaten Karo'),
('0713', '07', 'Kabupaten Dairi'),
('0714', '07', 'Kabupaten Asahan'),
('0715', '07', 'Kabupaten Labuhanbatu'),
('0716', '07', 'Kabupaten Tapanuli Utara'),
('0717', '07', 'Kabupaten Tapanuli Tengah'),
('0718', '07', 'Kabupaten Tapanuli Selatan'),
('0719', '07', 'Kabupaten Nias'),
('0720', '07', 'Kabupaten Toba Samosir'),
('0721', '07', 'Kabupaten Mandailing Natal'),
('0722', '07', 'Kabupaten Humbang Hasundutan'),
('0723', '07', 'Kabupaten Pakpak Bharat'),
('0724', '07', 'Kabupaten Nias Selatan'),
('0725', '07', 'Kabupaten Samosir'),
('0726', '07', 'Kabupaten Serdang Bedagai'),
('0727', '07', 'Kabupaten Batubara'),
('0728', '07', 'Kabupaten Padanglawas Utara'),
('0729', '07', 'Kabupaten Padanglawas'),
('0730', '07', 'Kabupaten Labuhanbatu Utara'),
('0731', '07', 'Kabupaten Labuhanbatu Selatan'),
('0732', '07', 'Kabupaten Nias Utara'),
('0733', '07', 'Kabupaten Nias Barat'),
('0801', '08', 'Kota Padang'),
('0802', '08', 'Kota Bukittinggi'),
('0803', '08', 'Kota Padang Panjang'),
('0804', '08', 'Kota Sawahlunto'),
('0805', '08', 'Kota Solok'),
('0806', '08', 'Kota Payakumbuh'),
('0807', '08', 'Kota Pariaman'),
('0808', '08', 'Kabupaten Agam'),
('0809', '08', 'Kabupaten Pasaman'),
('0810', '08', 'Kabupaten Lima Puluh Kota'),
('0811', '08', 'Kabupaten Solok'),
('0812', '08', 'Kabupaten Padang Pariaman'),
('0813', '08', 'Kabupaten Pesisir Selatan'),
('0814', '08', 'Kabupaten Tanah Datar'),
('0815', '08', 'Kabupaten Sijunjung'),
('0816', '08', 'Kabupaten Kepulauan Mentawai'),
('0817', '08', 'Kabupaten Pasaman Barat'),
('0818', '08', 'Kabupaten Solok Selatan'),
('0819', '08', 'Kabupaten Dharmasraya'),
('1001', '10', 'Kota Jambi'),
('1002', '10', 'Kota Sungai Penuh'),
('1003', '10', 'Kabupaten Batanghari'),
('1004', '10', 'Kabupaten Bungo'),
('1005', '10', 'Kabupaten Kerinci'),
('1006', '10', 'Kabupaten Tanjung Jabung Barat'),
('1007', '10', 'Kabupaten Merangin'),
('1008', '10', 'Kabupaten Sarolangun'),
('1009', '10', 'Kabupaten Tebo'),
('1010', '10', 'Kabupaten Muaro Jambi'),
('1011', '10', 'Kabupaten Tanjung Jabung Timur'),
('1101', '11', 'Kota Palembang'),
('1102', '11', 'Kota Lubuklinggau'),
('1103', '11', 'Kota Pagaralam'),
('1104', '11', 'Kota Prabumulih'),
('1105', '11', 'Kabupaten Ogan Komering Ulu'),
('1106', '11', 'Kabupaten Ogan Komering Ilir'),
('1107', '11', 'Kabupaten Muara Enim'),
('1108', '11', 'Kabupatenlahat'),
('1109', '11', 'Kabupaten Musi Rawas'),
('1110', '11', 'Kabupaten Musi Banyuasin'),
('1111', '11', 'Kabupaten Banyuasin'),
('1112', '11', 'Kabupaten Ogan Ilir'),
('1113', '11', 'Kabupaten Ogan Komering Ulu Timur'),
('1114', '11', 'Kabupaten Ogan Komering Ulu Selatan'),
('1115', '11', 'Kabupaten Empat Lawang'),
('1116', '11', 'Kabupaten Penukal Abab Lematang Ilir'),
('1117', '11', 'Kabupaten Musi Rawas Utara'),
('1201', '12', 'Kota Bandar Lampung'),
('1202', '12', 'Kota Metro'),
('1203', '12', 'Kabupaten Lampung Tengah'),
('1204', '12', 'Kabupaten Lampung Utara'),
('1205', '12', 'Kabupaten Lampung Barat'),
('1206', '12', 'Kabupaten Tulang Bawang'),
('1207', '12', 'Kabupaten Tanggamus'),
('1208', '12', 'Kabupaten Lampung Timur'),
('1209', '12', 'Kabupaten Lampung Selatan'),
('1210', '12', 'Kabupaten Way Kanan'),
('1211', '12', 'Kabupaten Pesawaran'),
('1212', '12', 'Kabupaten Pringsewu'),
('1213', '12', 'Kabupaten Tulang Bawang Barat'),
('1214', '12', 'Kabupaten Mesuji'),
('1215', '12', 'Kabupaten Pesisir Barat'),
('1301', '13', 'Kota Pontianak'),
('1302', '13', 'Kota Singkawang'),
('1303', '13', 'Kabupaten Mempawah'),
('1304', '13', 'Kabupaten Sambas'),
('1305', '13', 'Kabupaten Sanggau'),
('1306', '13', 'Kabupaten Sintang'),
('1307', '13', 'Kabupaten Kapuas Hulu'),
('1308', '13', 'Kabupaten Ketapang'),
('1309', '13', 'Kabupaten Bengkayang'),
('1310', '13', 'Kabupaten Landak'),
('1311', '13', 'Kabupaten Sekadau'),
('1312', '13', 'Kabupaten Melawi'),
('1313', '13', 'Kabupaten Kayong Utara'),
('1314', '13', 'Kabupaten Kubu Raya'),
('1401', '14', 'Kota Palangka Raya'),
('1402', '14', 'Kabupaten Kotawaringin Barat'),
('1403', '14', 'Kabupaten Kotawaringin Timur'),
('1404', '14', 'Kabupaten Kapuas'),
('1405', '14', 'Kabupaten Barito Selatan'),
('1406', '14', 'Kabupaten Barito Utara'),
('1407', '14', 'Kabupaten Sukamara'),
('1408', '14', 'Kabupaten Lamandau'),
('1409', '14', 'Kabupaten Seruyan'),
('1410', '14', 'Kabupaten Katingan'),
('1411', '14', 'Kabupaten Gunung Mas'),
('1412', '14', 'Kabupaten Pulang Pisau'),
('1413', '14', 'Kabupaten Barito Timur'),
('1414', '14', 'Kabupaten Murung Raya'),
('1501', '15', 'Kota Banjarmasin'),
('1502', '15', 'Kota Banjarbaru'),
('1503', '15', 'Kabupaten Kotabaru'),
('1504', '15', 'Kabupaten Banjar'),
('1505', '15', 'Kabupaten Barito Kuala'),
('1506', '15', 'Kabupaten Tapin'),
('1507', '15', 'Kabupaten Hulu Sungai Selatan'),
('1508', '15', 'Kabupaten Hulu Sungai Tengah'),
('1509', '15', 'Kabupaten Hulu Sungai Utara'),
('1510', '15', 'Kabupaten Tabalong'),
('1511', '15', 'Kabupaten Tanah Laut'),
('1512', '15', 'Kabupaten Balangan'),
('1513', '15', 'Kabupaten Tanah Bumbu'),
('1601', '16', 'Kota Samarinda'),
('1602', '16', 'Kota Balikpapan'),
('1603', '16', 'Kota Bontang'),
('1604', '16', 'Kabupaten Kutai Kartanegara'),
('1605', '16', 'Kabupaten Kutai Timur'),
('1606', '16', 'Kabupaten Kutai Barat'),
('1607', '16', 'Kabupaten Paser'),
('1608', '16', 'Kabupaten Penajam Paser Utara'),
('1609', '16', 'Kabupaten Berau'),
('1610', '16', 'Kabupaten Mahakam Ulu'),
('1701', '17', 'Kota Manado'),
('1702', '17', 'Kota Bitung'),
('1703', '17', 'Kota Tomohon'),
('1704', '17', 'Kota Kotamobagu'),
('1705', '17', 'Kabupaten Kepulauan Talaud'),
('1706', '17', 'Kabupaten Kepulauan Sangihe'),
('1707', '17', 'Kabupaten Minahasa'),
('1708', '17', 'Kabupaten Bolaang Mongondow'),
('1709', '17', 'Kabupaten Minahasa Selatan'),
('1710', '17', 'Kabupaten Minahasa Utara'),
('1711', '17', 'Kabupaten Kep. Sitaro'),
('1712', '17', 'Kabupaten Minahasa Tenggara'),
('1713', '17', 'Kabupaten Bolaang Mongondow Utara'),
('1714', '17', 'Kabupaten Bolaang Mongondow Timur'),
('1715', '17', 'Kabupaten Bolaang Mongondow Selatan'),
('1801', '18', 'Kota Palu'),
('1802', '18', 'Kabupaten Donggala'),
('1803', '18', 'Kabupaten Poso'),
('1804', '18', 'Kabupaten Morowali'),
('1805', '18', 'Kabupaten Banggai'),
('1806', '18', 'Kabupaten Banggai Kepulauan'),
('1807', '18', 'Kabupaten Toli-Toli'),
('1808', '18', 'Kabupaten Buol'),
('1809', '18', 'Kabupaten Parigi Moutong'),
('1810', '18', 'Kabupaten Tojo Una-Una'),
('1811', '18', 'Kabupaten Sigi'),
('1812', '18', 'Kabupaten Banggai Laut'),
('1813', '18', 'Kabupaten Morowali Utara'),
('1901', '19', 'Kota Makassar'),
('1902', '19', 'Kota Palopo'),
('1903', '19', 'Kota Parepare'),
('1904', '19', 'Kabupaten Maros'),
('1905', '19', 'Kabupaten Pangkajene Kepulauan'),
('1906', '19', 'Kabupaten Gowa'),
('1907', '19', 'Kabupaten Takalar'),
('1908', '19', 'Kabupaten Jeneponto'),
('1909', '19', 'Kabupaten Barru'),
('1910', '19', 'Kabupaten Bone'),
('1911', '19', 'Kabupaten Wajo'),
('1912', '19', 'Kabupaten Soppeng'),
('1913', '19', 'Kabupaten Bantaeng'),
('1914', '19', 'Kabupaten Bulukumba'),
('1915', '19', 'Kabupaten Sinjai'),
('1916', '19', 'Kabupaten Kepulauan Selayar'),
('1917', '19', 'Kabupaten Pinrang'),
('1918', '19', 'Kabupaten Sidenreng Rappang'),
('1919', '19', 'Kabupaten Enrekang'),
('1920', '19', 'Kabupaten Luwu'),
('1921', '19', 'Kabupaten Luwu Utara'),
('1922', '19', 'Kabupaten Tana Toraja'),
('1923', '19', 'Kabupaten Luwu Timur'),
('1924', '19', 'Kabupaten Toraja Utara'),
('2001', '20', 'Kota Kendari'),
('2002', '20', 'Kota Baubau'),
('2003', '20', 'Kabupaten Konawe'),
('2004', '20', 'Kabupaten Muna'),
('2005', '20', 'Kabupaten Buton'),
('2006', '20', 'Kabupaten Kolaka'),
('2007', '20', 'Kabupaten Konawe Selatan'),
('2008', '20', 'Kabupaten Wakatobi'),
('2009', '20', 'Kabupaten Bombana'),
('2010', '20', 'Kabupaten Kolaka Utara'),
('2011', '20', 'Kabupaten Konawe Utara'),
('2012', '20', 'Kabupaten Buton Utara'),
('2013', '20', 'Kabupaten Kolaka Timur'),
('2014', '20', 'Kabupaten Konawe Kepulauan'),
('2015', '20', 'Kabupaten Buton Tengah'),
('2016', '20', 'Kabupaten Buton Selatan'),
('2017', '20', 'Kabupaten Muna Barat'),
('2101', '21', 'Kota Ambon'),
('2102', '21', 'Kota Tual'),
('2103', '21', 'Kabupaten Maluku Tengah'),
('2104', '21', 'Kabupaten Buru'),
('2105', '21', 'Kabupaten Maluku Tenggara'),
('2106', '21', 'Kabupaten Maluku Tenggara Barat'),
('2107', '21', 'Kabupaten Seram Bagian Timur'),
('2108', '21', 'Kabupaten Seram Bagian Barat'),
('2109', '21', 'Kabupatenkepulauan Aru'),
('2110', '21', 'Kabupaten Buru Selatan'),
('2111', '21', 'Kabupaten Maluku Barat Daya'),
('2201', '22', 'Kota Denpasar'),
('2202', '22', 'Kabupaten Gianyar'),
('2203', '22', 'Kabupaten Bangli'),
('2204', '22', 'Kabupaten Klungkung'),
('2205', '22', 'Kabupaten Karangasem'),
('2206', '22', 'Kabupaten Buleleng'),
('2207', '22', 'Kabupaten Jembrana'),
('2208', '22', 'Kabupaten Tabanan'),
('2209', '22', 'Kabupaten Badung'),
('2301', '23', 'Kota Mataram'),
('2302', '23', 'Kota Bima'),
('2303', '23', 'Kabupaten Lombok Barat'),
('2304', '23', 'Kabupaten Lombok Utara'),
('2305', '23', 'Kabupaten Lombok Tengah'),
('2306', '23', 'Kabupaten Lombok Timur'),
('2307', '23', 'Kabupaten Sumbawa Barat'),
('2308', '23', 'Kabupaten Sumbawa'),
('2309', '23', 'Kabupaten Dompu'),
('2310', '23', 'Kabupaten Bima'),
('2401', '24', 'Kota Kupang'),
('2402', '24', 'Kabupaten Kupang'),
('2403', '24', 'Kabupaten Timor Tengah Selatan'),
('2404', '24', 'Kabupaten Timor Tengah Utara'),
('2405', '24', 'Kabupaten Belu'),
('2406', '24', 'Kabupaten Alor'),
('2407', '24', 'Kabupaten Flores Timur'),
('2408', '24', 'Kabupaten Sikka'),
('2409', '24', 'Kabupaten Ende'),
('2410', '24', 'Kabupaten Ngada'),
('2411', '24', 'Kabupaten Manggarai'),
('2412', '24', 'Kabupaten Sumba Timur'),
('2413', '24', 'Kabupaten Sumba Barat'),
('2414', '24', 'Kabupaten Lembata'),
('2415', '24', 'Kabupaten Rote Ndao'),
('2416', '24', 'Kabupaten Manggarai Barat'),
('2417', '24', 'Kabupaten Nagekeo'),
('2418', '24', 'Kabupaten Sumba Tengah'),
('2419', '24', 'Kabupaten Sumba Barat Daya'),
('2420', '24', 'Kabupaten Manggarai Timur'),
('2421', '24', 'Kabupaten Sabu Raijua'),
('2422', '24', 'Kabupaten Malaka'),
('2501', '25', 'Kota Jayapura'),
('2502', '25', 'Kabupaten Jayapura'),
('2503', '25', 'Kabupaten Biak Numfor'),
('2504', '25', 'Kabupaten Kepulauan Yapen'),
('2505', '25', 'Kabupaten Merauke'),
('2506', '25', 'Kabupaten Jayawijaya'),
('2507', '25', 'Kabupaten Nabire'),
('2508', '25', 'Kabupaten Paniai'),
('2509', '25', 'Kabupaten Puncak Jaya'),
('2510', '25', 'Kabupaten Mimika'),
('2511', '25', 'Kabupaten Keerom'),
('2512', '25', 'Kabupaten Sarmi'),
('2513', '25', 'Kabupaten Supiori'),
('2514', '25', 'Kabupaten Waropen'),
('2515', '25', 'Kabupaten Boven Digoel'),
('2516', '25', 'Kabupaten Asmat'),
('2517', '25', 'Kabupaten Mappi'),
('2518', '25', 'Kabupaten Yahukimo'),
('2519', '25', 'Kabupaten Pegunungan Bintang'),
('2520', '25', 'Kabupaten Tolikara'),
('2521', '25', 'Kabupaten Mamberamo Raya'),
('2522', '25', 'Kabupaten Mamberamo Tengah'),
('2523', '25', 'Kabupaten Nduga'),
('2524', '25', 'Kabupaten Lanny Jaya'),
('2525', '25', 'Kabupaten Puncak'),
('2526', '25', 'Kabupaten Dogiyai'),
('2527', '25', 'Kabupaten Yalimo'),
('2528', '25', 'Kabupaten Intan Jaya'),
('2529', '25', 'Kabupaten Deiyai'),
('2601', '26', 'Kota Bengkulu'),
('2602', '26', 'Kabupaten Bengkulu Utara'),
('2603', '26', 'Kabupaten Rejang Lebong'),
('2604', '26', 'Kabupaten Bengkulu Selatan'),
('2605', '26', 'Kabupaten Seluma'),
('2606', '26', 'Kabupaten Kaur'),
('2607', '26', 'Kabupaten Mukomuko'),
('2608', '26', 'Kabupaten Lebong'),
('2609', '26', 'Kabupaten Kepahiang'),
('2610', '26', 'Kabupaten Bengkulu Tengah'),
('2701', '27', 'Kota Ternate'),
('2702', '27', 'Kota Tidore Kepulauan'),
('2703', '27', 'Kabupaten Halmahera Barat'),
('2704', '27', 'Kabupaten Halmahera Utara'),
('2705', '27', 'Kabupaten Halmahera Selatan'),
('2706', '27', 'Kabupaten Halmahera Tengah'),
('2707', '27', 'Kabupaten Halmahera Timur'),
('2708', '27', 'Kabupaten Kepulauan Sula'),
('2709', '27', 'Kabupaten Pulau Morotai'),
('2710', '27', 'Kabupaten Pulau Taliabu'),
('2801', '28', 'Kota Pangkalpinang'),
('2802', '28', 'Kabupaten Bangka'),
('2803', '28', 'Kabupaten Bangka Barat'),
('2804', '28', 'Kabupaten Bangka Tengah'),
('2805', '28', 'Kabupaten Bangka Selatan'),
('2806', '28', 'Kabupaten Belitung'),
('2807', '28', 'Kabupaten Belitung Timur'),
('2901', '29', 'Kota Gorontalo'),
('2902', '29', 'Kabupaten Gorontalo'),
('2903', '29', 'Kabupaten Boalemo'),
('2904', '29', 'Kabupaten Pohuwato'),
('2905', '29', 'Kabupaten Bone Bolango'),
('2906', '29', 'Kabupaten Gorontalo Utara'),
('3001', '30', 'Kota Serang'),
('3002', '30', 'Kota Tangerang'),
('3003', '30', 'Kota Cilegon'),
('3004', '30', 'Kota Tangerang Selatan'),
('3005', '30', 'Kabupaten Serang'),
('3006', '30', 'Kabupaten Pandeglang'),
('3007', '30', 'Kabupaten Lebak'),
('3008', '30', 'Kabupaten Tangerang'),
('3101', '31', 'Kota Tanjungpinang'),
('3102', '31', 'Kota Batam'),
('3103', '31', 'Kabupaten Bintan'),
('3104', '31', 'Kabupaten Karimun'),
('3105', '31', 'Kabupaten Natuna'),
('3106', '31', 'Kabupaten Lingga'),
('3107', '31', 'Kabupaten Kepulauan Anambas'),
('3201', '32', 'Kabupaten Mamuju'),
('3202', '32', 'Kabupaten Majene'),
('3203', '32', 'Kabupaten Polewali Mandar'),
('3204', '32', 'Kabupaten Mamasa'),
('3205', '32', 'Kabupaten Pasangkayu'),
('3206', '32', 'Kabupaten Mamuju Tengah'),
('3301', '33', 'Kabupaten Manokwari'),
('3302', '33', 'Kota Sorong'),
('3303', '33', 'Kabupaten Sorong'),
('3304', '33', 'Kabupaten Fakfak'),
('3305', '33', 'Kabupaten Teluk Wondama'),
('3306', '33', 'Kabupaten Teluk Bintuni'),
('3307', '33', 'Kabupaten Raja Ampat'),
('3308', '33', 'Kabupaten Sorong Selatan'),
('3309', '33', 'Kabupaten Kaimana'),
('3310', '33', 'Kabupaten Tambrauw'),
('3311', '33', 'Kabupaten Maybrat'),
('3312', '33', 'Kabupaten Manokwari Selatan'),
('3313', '33', 'Kabupaten Pegunungan Arfak'),
('3401', '34', 'Kabupaten Bulungan'),
('3402', '34', 'Kota Tarakan'),
('3403', '34', 'Kabupaten Nunukan'),
('3404', '34', 'Kabupaten Malinau'),
('3405', '34', 'Kabupaten Tana Tidung');

-- --------------------------------------------------------

--
-- Table structure for table `tbrombel`
--

CREATE TABLE `tbrombel` (
  `idrombel` int(11) NOT NULL,
  `idkelas` int(11) DEFAULT NULL,
  `nmrombel` varchar(50) CHARACTER SET utf8mb4 NOT NULL,
  `idthpel` int(11) NOT NULL,
  `idkur` int(11) NOT NULL,
  `idgtk` int(1) NOT NULL
) ENGINE=InnoDB DEFAULT CHARSET=utf8;

--
-- Dumping data for table `tbrombel`
--

INSERT INTO `tbrombel` (`idrombel`, `idkelas`, `nmrombel`, `idthpel`, `idkur`, `idgtk`) VALUES
(1, 7, 'VII-A', 1, 2, 9),
(2, 7, 'VII-B', 1, 2, 10),
(3, 8, 'VIII-A', 1, 2, 8),
(4, 8, 'VIII-B', 1, 2, 11),
(5, 9, 'IX-A', 1, 2, 4),
(6, 9, 'IX-B', 1, 2, 5);

-- --------------------------------------------------------

--
-- Table structure for table `tbrombelsiswa`
--

CREATE TABLE `tbrombelsiswa` (
  `idanggota` int(11) NOT NULL,
  `idrombel` int(11) NOT NULL,
  `idsiswa` int(11) NOT NULL
) ENGINE=InnoDB DEFAULT CHARSET=utf8;

--
-- Dumping data for table `tbrombelsiswa`
--

INSERT INTO `tbrombelsiswa` (`idanggota`, `idrombel`, `idsiswa`) VALUES
(1, 4, 1),
(2, 2, 2),
(3, 1, 3),
(4, 1, 4),
(5, 3, 5),
(6, 6, 6),
(7, 4, 7),
(8, 3, 8),
(9, 4, 9),
(10, 5, 10),
(11, 3, 11),
(12, 5, 12),
(13, 4, 13),
(14, 3, 14),
(15, 1, 15),
(16, 4, 16),
(17, 3, 17),
(18, 4, 18),
(19, 2, 19),
(20, 1, 20),
(21, 2, 21),
(22, 3, 22),
(23, 4, 23),
(24, 3, 24),
(25, 4, 25),
(26, 6, 26),
(27, 2, 27),
(28, 2, 28),
(29, 5, 29),
(30, 5, 30),
(31, 1, 31),
(32, 2, 32),
(33, 5, 33),
(34, 6, 34),
(35, 3, 35),
(36, 4, 36),
(37, 1, 37),
(38, 6, 38),
(39, 5, 39),
(40, 5, 40),
(41, 5, 41),
(42, 1, 42),
(43, 6, 43),
(44, 3, 44),
(45, 6, 45),
(46, 1, 46),
(47, 2, 47),
(48, 5, 48),
(49, 1, 49),
(50, 6, 50),
(51, 5, 51),
(52, 5, 52),
(53, 4, 53),
(54, 5, 54),
(55, 6, 55),
(56, 4, 56),
(57, 4, 57),
(58, 3, 58),
(59, 6, 59),
(60, 4, 60),
(61, 3, 61),
(62, 4, 62),
(63, 6, 63),
(64, 3, 64),
(65, 1, 65),
(66, 2, 66),
(67, 2, 67),
(68, 6, 68),
(69, 2, 69),
(70, 1, 70),
(71, 1, 71),
(72, 1, 72),
(73, 5, 73),
(74, 3, 74),
(75, 2, 75),
(76, 2, 76),
(77, 4, 77),
(78, 2, 78),
(79, 6, 79),
(80, 6, 80),
(81, 4, 81),
(82, 3, 82),
(83, 3, 83),
(84, 5, 84),
(85, 6, 85),
(86, 6, 86),
(87, 5, 87),
(88, 4, 88),
(89, 2, 89),
(90, 1, 90),
(91, 1, 91),
(92, 3, 92),
(93, 2, 93),
(94, 6, 94),
(95, 6, 95),
(96, 3, 96),
(97, 3, 97),
(98, 1, 98),
(99, 3, 99),
(100, 2, 100),
(101, 6, 101),
(102, 6, 102),
(103, 2, 103),
(104, 4, 104),
(105, 2, 105),
(106, 2, 106),
(107, 5, 107),
(108, 3, 108),
(109, 2, 109),
(110, 4, 110),
(111, 2, 111),
(112, 3, 112),
(113, 5, 113),
(114, 1, 114),
(115, 6, 115),
(116, 4, 116),
(117, 3, 117),
(118, 3, 118),
(119, 1, 119),
(120, 4, 120),
(121, 3, 121),
(122, 1, 122),
(123, 1, 123),
(124, 4, 124),
(125, 6, 125),
(126, 1, 126),
(127, 1, 127),
(128, 4, 128),
(129, 3, 129),
(130, 5, 130),
(131, 2, 131),
(132, 2, 132),
(133, 5, 133),
(134, 6, 134),
(135, 6, 135),
(136, 5, 136),
(137, 5, 137),
(138, 5, 138),
(139, 1, 139),
(140, 3, 140),
(141, 6, 141),
(142, 6, 142),
(143, 2, 143),
(144, 2, 144),
(145, 4, 145),
(146, 5, 146),
(147, 1, 147),
(148, 5, 148),
(149, 4, 149),
(150, 2, 150),
(151, 5, 151),
(152, 6, 152),
(153, 5, 153),
(154, 2, 154),
(155, 5, 155),
(156, 1, 156),
(157, 1, 157),
(158, 2, 158),
(159, 1, 159),
(160, 6, 160),
(161, 4, 161),
(162, 5, 162),
(163, 1, 163),
(164, 6, 164),
(165, 6, 165),
(166, 2, 166),
(167, 1, 167),
(168, 1, 168),
(169, 5, 169),
(170, 3, 170),
(171, 6, 171),
(172, 5, 172),
(173, 5, 173),
(174, 1, 174),
(175, 2, 175),
(176, 2, 176),
(177, 5, 177),
(178, 2, 178),
(179, 6, 179);

-- --------------------------------------------------------

--
-- Table structure for table `tbruang`
--

CREATE TABLE `tbruang` (
  `idruang` int(11) NOT NULL,
  `kdruang` varchar(20) NOT NULL,
  `nmruang` varchar(50) NOT NULL,
  `isi` int(11) NOT NULL,
  `status` enum('0','1') NOT NULL
) ENGINE=InnoDB DEFAULT CHARSET=utf8;

--
-- Dumping data for table `tbruang`
--

INSERT INTO `tbruang` (`idruang`, `kdruang`, `nmruang`, `isi`, `status`) VALUES
(1, 'R1', 'Ruang I', 23, '1'),
(2, 'R2', 'Ruang II', 20, '1'),
(3, 'R3', 'Ruang III', 20, '1'),
(4, 'R4', 'Ruang IV', 26, '0'),
(5, 'R5', 'Ruang V', 32, '0'),
(6, 'R6', 'Ruang VI', 31, '0');

-- --------------------------------------------------------

--
-- Table structure for table `tbsesi`
--

CREATE TABLE `tbsesi` (
  `idsesi` int(11) NOT NULL,
  `idujian` int(11) NOT NULL,
  `nmsesi` varchar(50) NOT NULL,
  `durasi` int(11) NOT NULL
) ENGINE=InnoDB DEFAULT CHARSET=utf8;

-- --------------------------------------------------------

--
-- Table structure for table `tbsesiujian`
--

CREATE TABLE `tbsesiujian` (
  `idsesujian` int(11) NOT NULL,
  `idsesi` int(11) NOT NULL,
  `idjadwal` int(11) NOT NULL,
  `idsiswa` int(11) NOT NULL
) ENGINE=InnoDB DEFAULT CHARSET=utf8;

--
-- Dumping data for table `tbsesiujian`
--

INSERT INTO `tbsesiujian` (`idsesujian`, `idsesi`, `idjadwal`, `idsiswa`) VALUES
(21, 1, 1, 3),
(22, 1, 2, 3),
(23, 1, 3, 3),
(24, 1, 4, 3),
(25, 1, 5, 3),
(26, 1, 6, 3),
(27, 1, 7, 3),
(28, 1, 8, 3),
(29, 1, 9, 3),
(30, 1, 10, 3),
(31, 1, 1, 4),
(32, 1, 2, 4),
(33, 1, 3, 4),
(34, 1, 4, 4),
(35, 1, 5, 4),
(36, 1, 6, 4),
(37, 1, 7, 4),
(38, 1, 8, 4),
(39, 1, 9, 4),
(40, 1, 10, 4),
(41, 1, 1, 15),
(42, 1, 2, 15),
(43, 1, 3, 15),
(44, 1, 4, 15),
(45, 1, 5, 15),
(46, 1, 6, 15),
(47, 1, 7, 15),
(48, 1, 8, 15),
(49, 1, 9, 15),
(50, 1, 10, 15),
(51, 1, 1, 20),
(52, 1, 2, 20),
(53, 1, 3, 20),
(54, 1, 4, 20),
(55, 1, 5, 20),
(56, 1, 6, 20),
(57, 1, 7, 20),
(58, 1, 8, 20),
(59, 1, 9, 20),
(60, 1, 10, 20),
(61, 1, 1, 31),
(62, 1, 2, 31),
(63, 1, 3, 31),
(64, 1, 4, 31),
(65, 1, 5, 31),
(66, 1, 6, 31),
(67, 1, 7, 31),
(68, 1, 8, 31),
(69, 1, 9, 31),
(70, 1, 10, 31),
(71, 1, 1, 37),
(72, 1, 2, 37),
(73, 1, 3, 37),
(74, 1, 4, 37),
(75, 1, 5, 37),
(76, 1, 6, 37),
(77, 1, 7, 37),
(78, 1, 8, 37),
(79, 1, 9, 37),
(80, 1, 10, 37),
(81, 1, 1, 42),
(82, 1, 2, 42),
(83, 1, 3, 42),
(84, 1, 4, 42),
(85, 1, 5, 42),
(86, 1, 6, 42),
(87, 1, 7, 42),
(88, 1, 8, 42),
(89, 1, 9, 42),
(90, 1, 10, 42),
(91, 1, 1, 46),
(92, 1, 2, 46),
(93, 1, 3, 46),
(94, 1, 4, 46),
(95, 1, 5, 46),
(96, 1, 6, 46),
(97, 1, 7, 46),
(98, 1, 8, 46),
(99, 1, 9, 46),
(100, 1, 10, 46),
(101, 1, 1, 49),
(102, 1, 2, 49),
(103, 1, 3, 49),
(104, 1, 4, 49),
(105, 1, 5, 49),
(106, 1, 6, 49),
(107, 1, 7, 49),
(108, 1, 8, 49),
(109, 1, 9, 49),
(110, 1, 10, 49),
(111, 1, 1, 65),
(112, 1, 2, 65),
(113, 1, 3, 65),
(114, 1, 4, 65),
(115, 1, 5, 65),
(116, 1, 6, 65),
(117, 1, 7, 65),
(118, 1, 8, 65),
(119, 1, 9, 65),
(120, 1, 10, 65),
(121, 1, 1, 70),
(122, 1, 2, 70),
(123, 1, 3, 70),
(124, 1, 4, 70),
(125, 1, 5, 70),
(126, 1, 6, 70),
(127, 1, 7, 70),
(128, 1, 8, 70),
(129, 1, 9, 70),
(130, 1, 10, 70),
(131, 1, 1, 71),
(132, 1, 2, 71),
(133, 1, 3, 71),
(134, 1, 4, 71),
(135, 1, 5, 71),
(136, 1, 6, 71),
(137, 1, 7, 71),
(138, 1, 8, 71),
(139, 1, 9, 71),
(140, 1, 10, 71),
(141, 1, 1, 72),
(142, 1, 2, 72),
(143, 1, 3, 72),
(144, 1, 4, 72),
(145, 1, 5, 72),
(146, 1, 6, 72),
(147, 1, 7, 72),
(148, 1, 8, 72),
(149, 1, 9, 72),
(150, 1, 10, 72),
(151, 1, 1, 90),
(152, 1, 2, 90),
(153, 1, 3, 90),
(154, 1, 4, 90),
(155, 1, 5, 90),
(156, 1, 6, 90),
(157, 1, 7, 90),
(158, 1, 8, 90),
(159, 1, 9, 90),
(160, 1, 10, 90),
(161, 1, 1, 91),
(162, 1, 2, 91),
(163, 1, 3, 91),
(164, 1, 4, 91),
(165, 1, 5, 91),
(166, 1, 6, 91),
(167, 1, 7, 91),
(168, 1, 8, 91),
(169, 1, 9, 91),
(170, 1, 10, 91),
(171, 1, 1, 98),
(172, 1, 2, 98),
(173, 1, 3, 98),
(174, 1, 4, 98),
(175, 1, 5, 98),
(176, 1, 6, 98),
(177, 1, 7, 98),
(178, 1, 8, 98),
(179, 1, 9, 98),
(180, 1, 10, 98),
(181, 1, 1, 114),
(182, 1, 2, 114),
(183, 1, 3, 114),
(184, 1, 4, 114),
(185, 1, 5, 114),
(186, 1, 6, 114),
(187, 1, 7, 114),
(188, 1, 8, 114),
(189, 1, 9, 114),
(190, 1, 10, 114),
(191, 1, 1, 119),
(192, 1, 2, 119),
(193, 1, 3, 119),
(194, 1, 4, 119),
(195, 1, 5, 119),
(196, 1, 6, 119),
(197, 1, 7, 119),
(198, 1, 8, 119),
(199, 1, 9, 119),
(200, 1, 10, 119),
(201, 1, 1, 122),
(202, 1, 2, 122),
(203, 1, 3, 122),
(204, 1, 4, 122),
(205, 1, 5, 122),
(206, 1, 6, 122),
(207, 1, 7, 122),
(208, 1, 8, 122),
(209, 1, 9, 122),
(210, 1, 10, 122),
(211, 1, 1, 123),
(212, 1, 2, 123),
(213, 1, 3, 123),
(214, 1, 4, 123),
(215, 1, 5, 123),
(216, 1, 6, 123),
(217, 1, 7, 123),
(218, 1, 8, 123),
(219, 1, 9, 123),
(220, 1, 10, 123),
(221, 1, 1, 126),
(222, 1, 2, 126),
(223, 1, 3, 126),
(224, 1, 4, 126),
(225, 1, 5, 126),
(226, 1, 6, 126),
(227, 1, 7, 126),
(228, 1, 8, 126),
(229, 1, 9, 126),
(230, 1, 10, 126),
(231, 1, 1, 127),
(232, 1, 2, 127),
(233, 1, 3, 127),
(234, 1, 4, 127),
(235, 1, 5, 127),
(236, 1, 6, 127),
(237, 1, 7, 127),
(238, 1, 8, 127),
(239, 1, 9, 127),
(240, 1, 10, 127),
(241, 1, 1, 139),
(242, 1, 2, 139),
(243, 1, 3, 139),
(244, 1, 4, 139),
(245, 1, 5, 139),
(246, 1, 6, 139),
(247, 1, 7, 139),
(248, 1, 8, 139),
(249, 1, 9, 139),
(250, 1, 10, 139),
(251, 1, 1, 147),
(252, 1, 2, 147),
(253, 1, 3, 147),
(254, 1, 4, 147),
(255, 1, 5, 147),
(256, 1, 6, 147),
(257, 1, 7, 147),
(258, 1, 8, 147),
(259, 1, 9, 147),
(260, 1, 10, 147),
(261, 1, 1, 156),
(262, 1, 2, 156),
(263, 1, 3, 156),
(264, 1, 4, 156),
(265, 1, 5, 156),
(266, 1, 6, 156),
(267, 1, 7, 156),
(268, 1, 8, 156),
(269, 1, 9, 156),
(270, 1, 10, 156),
(271, 1, 1, 157),
(272, 1, 2, 157),
(273, 1, 3, 157),
(274, 1, 4, 157),
(275, 1, 5, 157),
(276, 1, 6, 157),
(277, 1, 7, 157),
(278, 1, 8, 157),
(279, 1, 9, 157),
(280, 1, 10, 157),
(281, 1, 1, 159),
(282, 1, 2, 159),
(283, 1, 3, 159),
(284, 1, 4, 159),
(285, 1, 5, 159),
(286, 1, 6, 159),
(287, 1, 7, 159),
(288, 1, 8, 159),
(289, 1, 9, 159),
(290, 1, 10, 159),
(291, 1, 1, 163),
(292, 1, 2, 163),
(293, 1, 3, 163),
(294, 1, 4, 163),
(295, 1, 5, 163),
(296, 1, 6, 163),
(297, 1, 7, 163),
(298, 1, 8, 163),
(299, 1, 9, 163),
(300, 1, 10, 163),
(301, 1, 1, 167),
(302, 1, 2, 167),
(303, 1, 3, 167),
(304, 1, 4, 167),
(305, 1, 5, 167),
(306, 1, 6, 167),
(307, 1, 7, 167),
(308, 1, 8, 167),
(309, 1, 9, 167),
(310, 1, 10, 167),
(311, 1, 1, 168),
(312, 1, 2, 168),
(313, 1, 3, 168),
(314, 1, 4, 168),
(315, 1, 5, 168),
(316, 1, 6, 168),
(317, 1, 7, 168),
(318, 1, 8, 168),
(319, 1, 9, 168),
(320, 1, 10, 168),
(321, 1, 1, 174),
(322, 1, 2, 174),
(323, 1, 3, 174),
(324, 1, 4, 174),
(325, 1, 5, 174),
(326, 1, 6, 174),
(327, 1, 7, 174),
(328, 1, 8, 174),
(329, 1, 9, 174),
(330, 1, 10, 174),
(331, 1, 1, 2),
(332, 1, 2, 2),
(333, 1, 3, 2),
(334, 1, 4, 2),
(335, 1, 5, 2),
(336, 1, 6, 2),
(337, 1, 7, 2),
(338, 1, 8, 2),
(339, 1, 9, 2),
(340, 1, 10, 2),
(341, 1, 1, 19),
(342, 1, 2, 19),
(343, 1, 3, 19),
(344, 1, 4, 19),
(345, 1, 5, 19),
(346, 1, 6, 19),
(347, 1, 7, 19),
(348, 1, 8, 19),
(349, 1, 9, 19),
(350, 1, 10, 19),
(351, 1, 1, 21),
(352, 1, 2, 21),
(353, 1, 3, 21),
(354, 1, 4, 21),
(355, 1, 5, 21),
(356, 1, 6, 21),
(357, 1, 7, 21),
(358, 1, 8, 21),
(359, 1, 9, 21),
(360, 1, 10, 21),
(361, 1, 1, 27),
(362, 1, 2, 27),
(363, 1, 3, 27),
(364, 1, 4, 27),
(365, 1, 5, 27),
(366, 1, 6, 27),
(367, 1, 7, 27),
(368, 1, 8, 27),
(369, 1, 9, 27),
(370, 1, 10, 27),
(371, 1, 1, 28),
(372, 1, 2, 28),
(373, 1, 3, 28),
(374, 1, 4, 28),
(375, 1, 5, 28),
(376, 1, 6, 28),
(377, 1, 7, 28),
(378, 1, 8, 28),
(379, 1, 9, 28),
(380, 1, 10, 28),
(381, 1, 1, 32),
(382, 1, 2, 32),
(383, 1, 3, 32),
(384, 1, 4, 32),
(385, 1, 5, 32),
(386, 1, 6, 32),
(387, 1, 7, 32),
(388, 1, 8, 32),
(389, 1, 9, 32),
(390, 1, 10, 32),
(391, 1, 1, 47),
(392, 1, 2, 47),
(393, 1, 3, 47),
(394, 1, 4, 47),
(395, 1, 5, 47),
(396, 1, 6, 47),
(397, 1, 7, 47),
(398, 1, 8, 47),
(399, 1, 9, 47),
(400, 1, 10, 47),
(401, 1, 1, 66),
(402, 1, 2, 66),
(403, 1, 3, 66),
(404, 1, 4, 66),
(405, 1, 5, 66),
(406, 1, 6, 66),
(407, 1, 7, 66),
(408, 1, 8, 66),
(409, 1, 9, 66),
(410, 1, 10, 66),
(411, 1, 1, 67),
(412, 1, 2, 67),
(413, 1, 3, 67),
(414, 1, 4, 67),
(415, 1, 5, 67),
(416, 1, 6, 67),
(417, 1, 7, 67),
(418, 1, 8, 67),
(419, 1, 9, 67),
(420, 1, 10, 67),
(421, 1, 1, 69),
(422, 1, 2, 69),
(423, 1, 3, 69),
(424, 1, 4, 69),
(425, 1, 5, 69),
(426, 1, 6, 69),
(427, 1, 7, 69),
(428, 1, 8, 69),
(429, 1, 9, 69),
(430, 1, 10, 69),
(431, 1, 1, 75),
(432, 1, 2, 75),
(433, 1, 3, 75),
(434, 1, 4, 75),
(435, 1, 5, 75),
(436, 1, 6, 75),
(437, 1, 7, 75),
(438, 1, 8, 75),
(439, 1, 9, 75),
(440, 1, 10, 75),
(441, 1, 1, 76),
(442, 1, 2, 76),
(443, 1, 3, 76),
(444, 1, 4, 76),
(445, 1, 5, 76),
(446, 1, 6, 76),
(447, 1, 7, 76),
(448, 1, 8, 76),
(449, 1, 9, 76),
(450, 1, 10, 76),
(451, 1, 1, 78),
(452, 1, 2, 78),
(453, 1, 3, 78),
(454, 1, 4, 78),
(455, 1, 5, 78),
(456, 1, 6, 78),
(457, 1, 7, 78),
(458, 1, 8, 78),
(459, 1, 9, 78),
(460, 1, 10, 78),
(461, 1, 1, 89),
(462, 1, 2, 89),
(463, 1, 3, 89),
(464, 1, 4, 89),
(465, 1, 5, 89),
(466, 1, 6, 89),
(467, 1, 7, 89),
(468, 1, 8, 89),
(469, 1, 9, 89),
(470, 1, 10, 89),
(471, 1, 1, 93),
(472, 1, 2, 93),
(473, 1, 3, 93),
(474, 1, 4, 93),
(475, 1, 5, 93),
(476, 1, 6, 93),
(477, 1, 7, 93),
(478, 1, 8, 93),
(479, 1, 9, 93),
(480, 1, 10, 93),
(481, 1, 1, 100),
(482, 1, 2, 100),
(483, 1, 3, 100),
(484, 1, 4, 100),
(485, 1, 5, 100),
(486, 1, 6, 100),
(487, 1, 7, 100),
(488, 1, 8, 100),
(489, 1, 9, 100),
(490, 1, 10, 100),
(491, 1, 1, 103),
(492, 1, 2, 103),
(493, 1, 3, 103),
(494, 1, 4, 103),
(495, 1, 5, 103),
(496, 1, 6, 103),
(497, 1, 7, 103),
(498, 1, 8, 103),
(499, 1, 9, 103),
(500, 1, 10, 103),
(501, 1, 1, 105),
(502, 1, 2, 105),
(503, 1, 3, 105),
(504, 1, 4, 105),
(505, 1, 5, 105),
(506, 1, 6, 105),
(507, 1, 7, 105),
(508, 1, 8, 105),
(509, 1, 9, 105),
(510, 1, 10, 105),
(511, 1, 1, 106),
(512, 1, 2, 106),
(513, 1, 3, 106),
(514, 1, 4, 106),
(515, 1, 5, 106),
(516, 1, 6, 106),
(517, 1, 7, 106),
(518, 1, 8, 106),
(519, 1, 9, 106),
(520, 1, 10, 106),
(521, 1, 1, 109),
(522, 1, 2, 109),
(523, 1, 3, 109),
(524, 1, 4, 109),
(525, 1, 5, 109),
(526, 1, 6, 109),
(527, 1, 7, 109),
(528, 1, 8, 109),
(529, 1, 9, 109),
(530, 1, 10, 109),
(531, 1, 1, 111),
(532, 1, 2, 111),
(533, 1, 3, 111),
(534, 1, 4, 111),
(535, 1, 5, 111),
(536, 1, 6, 111),
(537, 1, 7, 111),
(538, 1, 8, 111),
(539, 1, 9, 111),
(540, 1, 10, 111),
(541, 1, 1, 131),
(542, 1, 2, 131),
(543, 1, 3, 131),
(544, 1, 4, 131),
(545, 1, 5, 131),
(546, 1, 6, 131),
(547, 1, 7, 131),
(548, 1, 8, 131),
(549, 1, 9, 131),
(550, 1, 10, 131),
(551, 1, 1, 132),
(552, 1, 2, 132),
(553, 1, 3, 132),
(554, 1, 4, 132),
(555, 1, 5, 132),
(556, 1, 6, 132),
(557, 1, 7, 132),
(558, 1, 8, 132),
(559, 1, 9, 132),
(560, 1, 10, 132),
(561, 1, 1, 143),
(562, 1, 2, 143),
(563, 1, 3, 143),
(564, 1, 4, 143),
(565, 1, 5, 143),
(566, 1, 6, 143),
(567, 1, 7, 143),
(568, 1, 8, 143),
(569, 1, 9, 143),
(570, 1, 10, 143),
(571, 1, 1, 144),
(572, 1, 2, 144),
(573, 1, 3, 144),
(574, 1, 4, 144),
(575, 1, 5, 144),
(576, 1, 6, 144),
(577, 1, 7, 144),
(578, 1, 8, 144),
(579, 1, 9, 144),
(580, 1, 10, 144),
(581, 1, 1, 150),
(582, 1, 2, 150),
(583, 1, 3, 150),
(584, 1, 4, 150),
(585, 1, 5, 150),
(586, 1, 6, 150),
(587, 1, 7, 150),
(588, 1, 8, 150),
(589, 1, 9, 150),
(590, 1, 10, 150),
(591, 1, 1, 154),
(592, 1, 2, 154),
(593, 1, 3, 154),
(594, 1, 4, 154),
(595, 1, 5, 154),
(596, 1, 6, 154),
(597, 1, 7, 154),
(598, 1, 8, 154),
(599, 1, 9, 154),
(600, 1, 10, 154),
(601, 1, 1, 158),
(602, 1, 2, 158),
(603, 1, 3, 158),
(604, 1, 4, 158),
(605, 1, 5, 158),
(606, 1, 6, 158),
(607, 1, 7, 158),
(608, 1, 8, 158),
(609, 1, 9, 158),
(610, 1, 10, 158),
(611, 1, 1, 166),
(612, 1, 2, 166),
(613, 1, 3, 166),
(614, 1, 4, 166),
(615, 1, 5, 166),
(616, 1, 6, 166),
(617, 1, 7, 166),
(618, 1, 8, 166),
(619, 1, 9, 166),
(620, 1, 10, 166),
(621, 1, 1, 175),
(622, 1, 2, 175),
(623, 1, 3, 175),
(624, 1, 4, 175),
(625, 1, 5, 175),
(626, 1, 6, 175),
(627, 1, 7, 175),
(628, 1, 8, 175),
(629, 1, 9, 175),
(630, 1, 10, 175),
(631, 1, 1, 176),
(632, 1, 2, 176),
(633, 1, 3, 176),
(634, 1, 4, 176),
(635, 1, 5, 176),
(636, 1, 6, 176),
(637, 1, 7, 176),
(638, 1, 8, 176),
(639, 1, 9, 176),
(640, 1, 10, 176),
(641, 1, 1, 178),
(642, 1, 2, 178),
(643, 1, 3, 178),
(644, 1, 4, 178),
(645, 1, 5, 178),
(646, 1, 6, 178),
(647, 1, 7, 178),
(648, 1, 8, 178),
(649, 1, 9, 178),
(650, 1, 10, 178),
(651, 1, 1, 5),
(652, 1, 2, 5),
(653, 1, 3, 5),
(654, 1, 4, 5),
(655, 1, 5, 5),
(656, 1, 6, 5),
(657, 1, 7, 5),
(658, 1, 8, 5),
(659, 1, 9, 5),
(660, 1, 10, 5),
(661, 1, 1, 8),
(662, 1, 2, 8),
(663, 1, 3, 8),
(664, 1, 4, 8),
(665, 1, 5, 8),
(666, 1, 6, 8),
(667, 1, 7, 8),
(668, 1, 8, 8),
(669, 1, 9, 8),
(670, 1, 10, 8),
(671, 1, 1, 11),
(672, 1, 2, 11),
(673, 1, 3, 11),
(674, 1, 4, 11),
(675, 1, 5, 11),
(676, 1, 6, 11),
(677, 1, 7, 11),
(678, 1, 8, 11),
(679, 1, 9, 11),
(680, 1, 10, 11),
(681, 1, 1, 14),
(682, 1, 2, 14),
(683, 1, 3, 14),
(684, 1, 4, 14),
(685, 1, 5, 14),
(686, 1, 6, 14),
(687, 1, 7, 14),
(688, 1, 8, 14),
(689, 1, 9, 14),
(690, 1, 10, 14),
(691, 1, 1, 17),
(692, 1, 2, 17),
(693, 1, 3, 17),
(694, 1, 4, 17),
(695, 1, 5, 17),
(696, 1, 6, 17),
(697, 1, 7, 17),
(698, 1, 8, 17),
(699, 1, 9, 17),
(700, 1, 10, 17),
(701, 1, 1, 22),
(702, 1, 2, 22),
(703, 1, 3, 22),
(704, 1, 4, 22),
(705, 1, 5, 22),
(706, 1, 6, 22),
(707, 1, 7, 22),
(708, 1, 8, 22),
(709, 1, 9, 22),
(710, 1, 10, 22),
(711, 1, 1, 24),
(712, 1, 2, 24),
(713, 1, 3, 24),
(714, 1, 4, 24),
(715, 1, 5, 24),
(716, 1, 6, 24),
(717, 1, 7, 24),
(718, 1, 8, 24),
(719, 1, 9, 24),
(720, 1, 10, 24),
(721, 1, 1, 35),
(722, 1, 2, 35),
(723, 1, 3, 35),
(724, 1, 4, 35),
(725, 1, 5, 35),
(726, 1, 6, 35),
(727, 1, 7, 35),
(728, 1, 8, 35),
(729, 1, 9, 35),
(730, 1, 10, 35),
(731, 1, 1, 44),
(732, 1, 2, 44),
(733, 1, 3, 44),
(734, 1, 4, 44),
(735, 1, 5, 44),
(736, 1, 6, 44),
(737, 1, 7, 44),
(738, 1, 8, 44),
(739, 1, 9, 44),
(740, 1, 10, 44),
(741, 1, 1, 58),
(742, 1, 2, 58),
(743, 1, 3, 58),
(744, 1, 4, 58),
(745, 1, 5, 58),
(746, 1, 6, 58),
(747, 1, 7, 58),
(748, 1, 8, 58),
(749, 1, 9, 58),
(750, 1, 10, 58),
(751, 1, 1, 61),
(752, 1, 2, 61),
(753, 1, 3, 61),
(754, 1, 4, 61),
(755, 1, 5, 61),
(756, 1, 6, 61),
(757, 1, 7, 61),
(758, 1, 8, 61),
(759, 1, 9, 61),
(760, 1, 10, 61),
(761, 1, 1, 64),
(762, 1, 2, 64),
(763, 1, 3, 64),
(764, 1, 4, 64),
(765, 1, 5, 64),
(766, 1, 6, 64),
(767, 1, 7, 64),
(768, 1, 8, 64),
(769, 1, 9, 64),
(770, 1, 10, 64),
(771, 1, 1, 74),
(772, 1, 2, 74),
(773, 1, 3, 74),
(774, 1, 4, 74),
(775, 1, 5, 74),
(776, 1, 6, 74),
(777, 1, 7, 74),
(778, 1, 8, 74),
(779, 1, 9, 74),
(780, 1, 10, 74),
(781, 1, 1, 82),
(782, 1, 2, 82),
(783, 1, 3, 82),
(784, 1, 4, 82),
(785, 1, 5, 82),
(786, 1, 6, 82),
(787, 1, 7, 82),
(788, 1, 8, 82),
(789, 1, 9, 82),
(790, 1, 10, 82),
(791, 1, 1, 83),
(792, 1, 2, 83),
(793, 1, 3, 83),
(794, 1, 4, 83),
(795, 1, 5, 83),
(796, 1, 6, 83),
(797, 1, 7, 83),
(798, 1, 8, 83),
(799, 1, 9, 83),
(800, 1, 10, 83),
(801, 1, 1, 92),
(802, 1, 2, 92),
(803, 1, 3, 92),
(804, 1, 4, 92),
(805, 1, 5, 92),
(806, 1, 6, 92),
(807, 1, 7, 92),
(808, 1, 8, 92),
(809, 1, 9, 92),
(810, 1, 10, 92),
(811, 1, 1, 96),
(812, 1, 2, 96),
(813, 1, 3, 96),
(814, 1, 4, 96),
(815, 1, 5, 96),
(816, 1, 6, 96),
(817, 1, 7, 96),
(818, 1, 8, 96),
(819, 1, 9, 96),
(820, 1, 10, 96),
(821, 1, 1, 97),
(822, 1, 2, 97),
(823, 1, 3, 97),
(824, 1, 4, 97),
(825, 1, 5, 97),
(826, 1, 6, 97),
(827, 1, 7, 97),
(828, 1, 8, 97),
(829, 1, 9, 97),
(830, 1, 10, 97),
(831, 1, 1, 99),
(832, 1, 2, 99),
(833, 1, 3, 99),
(834, 1, 4, 99),
(835, 1, 5, 99),
(836, 1, 6, 99),
(837, 1, 7, 99),
(838, 1, 8, 99),
(839, 1, 9, 99),
(840, 1, 10, 99),
(841, 1, 1, 108),
(842, 1, 2, 108),
(843, 1, 3, 108),
(844, 1, 4, 108),
(845, 1, 5, 108),
(846, 1, 6, 108),
(847, 1, 7, 108),
(848, 1, 8, 108),
(849, 1, 9, 108),
(850, 1, 10, 108),
(851, 1, 1, 112),
(852, 1, 2, 112),
(853, 1, 3, 112),
(854, 1, 4, 112),
(855, 1, 5, 112),
(856, 1, 6, 112),
(857, 1, 7, 112),
(858, 1, 8, 112),
(859, 1, 9, 112),
(860, 1, 10, 112),
(861, 1, 1, 117),
(862, 1, 2, 117),
(863, 1, 3, 117),
(864, 1, 4, 117),
(865, 1, 5, 117),
(866, 1, 6, 117),
(867, 1, 7, 117),
(868, 1, 8, 117),
(869, 1, 9, 117),
(870, 1, 10, 117),
(871, 1, 1, 118),
(872, 1, 2, 118),
(873, 1, 3, 118),
(874, 1, 4, 118),
(875, 1, 5, 118),
(876, 1, 6, 118),
(877, 1, 7, 118),
(878, 1, 8, 118),
(879, 1, 9, 118),
(880, 1, 10, 118),
(881, 1, 1, 121),
(882, 1, 2, 121),
(883, 1, 3, 121),
(884, 1, 4, 121),
(885, 1, 5, 121),
(886, 1, 6, 121),
(887, 1, 7, 121),
(888, 1, 8, 121),
(889, 1, 9, 121),
(890, 1, 10, 121),
(891, 1, 1, 129),
(892, 1, 2, 129),
(893, 1, 3, 129),
(894, 1, 4, 129),
(895, 1, 5, 129),
(896, 1, 6, 129),
(897, 1, 7, 129),
(898, 1, 8, 129),
(899, 1, 9, 129),
(900, 1, 10, 129),
(901, 1, 1, 140),
(902, 1, 2, 140),
(903, 1, 3, 140),
(904, 1, 4, 140),
(905, 1, 5, 140),
(906, 1, 6, 140),
(907, 1, 7, 140),
(908, 1, 8, 140),
(909, 1, 9, 140),
(910, 1, 10, 140),
(911, 1, 1, 170),
(912, 1, 2, 170),
(913, 1, 3, 170),
(914, 1, 4, 170),
(915, 1, 5, 170),
(916, 1, 6, 170),
(917, 1, 7, 170),
(918, 1, 8, 170),
(919, 1, 9, 170),
(920, 1, 10, 170),
(921, 1, 1, 1),
(922, 1, 2, 1),
(923, 1, 3, 1),
(924, 1, 4, 1),
(925, 1, 5, 1),
(926, 1, 6, 1),
(927, 1, 7, 1),
(928, 1, 8, 1),
(929, 1, 9, 1),
(930, 1, 10, 1),
(931, 1, 1, 7),
(932, 1, 2, 7),
(933, 1, 3, 7),
(934, 1, 4, 7),
(935, 1, 5, 7),
(936, 1, 6, 7),
(937, 1, 7, 7),
(938, 1, 8, 7),
(939, 1, 9, 7),
(940, 1, 10, 7),
(941, 1, 1, 9),
(942, 1, 2, 9),
(943, 1, 3, 9),
(944, 1, 4, 9),
(945, 1, 5, 9),
(946, 1, 6, 9),
(947, 1, 7, 9),
(948, 1, 8, 9),
(949, 1, 9, 9),
(950, 1, 10, 9),
(951, 1, 1, 13),
(952, 1, 2, 13),
(953, 1, 3, 13),
(954, 1, 4, 13),
(955, 1, 5, 13),
(956, 1, 6, 13),
(957, 1, 7, 13),
(958, 1, 8, 13),
(959, 1, 9, 13),
(960, 1, 10, 13),
(961, 1, 1, 16),
(962, 1, 2, 16),
(963, 1, 3, 16),
(964, 1, 4, 16),
(965, 1, 5, 16),
(966, 1, 6, 16),
(967, 1, 7, 16),
(968, 1, 8, 16),
(969, 1, 9, 16),
(970, 1, 10, 16),
(971, 1, 1, 18),
(972, 1, 2, 18),
(973, 1, 3, 18),
(974, 1, 4, 18),
(975, 1, 5, 18),
(976, 1, 6, 18),
(977, 1, 7, 18),
(978, 1, 8, 18),
(979, 1, 9, 18),
(980, 1, 10, 18),
(981, 1, 1, 23),
(982, 1, 2, 23),
(983, 1, 3, 23),
(984, 1, 4, 23),
(985, 1, 5, 23),
(986, 1, 6, 23),
(987, 1, 7, 23),
(988, 1, 8, 23),
(989, 1, 9, 23),
(990, 1, 10, 23),
(991, 1, 1, 25),
(992, 1, 2, 25),
(993, 1, 3, 25),
(994, 1, 4, 25),
(995, 1, 5, 25),
(996, 1, 6, 25),
(997, 1, 7, 25),
(998, 1, 8, 25),
(999, 1, 9, 25),
(1000, 1, 10, 25),
(1001, 1, 1, 36),
(1002, 1, 2, 36),
(1003, 1, 3, 36),
(1004, 1, 4, 36),
(1005, 1, 5, 36),
(1006, 1, 6, 36),
(1007, 1, 7, 36),
(1008, 1, 8, 36),
(1009, 1, 9, 36),
(1010, 1, 10, 36),
(1011, 1, 1, 53),
(1012, 1, 2, 53),
(1013, 1, 3, 53),
(1014, 1, 4, 53),
(1015, 1, 5, 53),
(1016, 1, 6, 53),
(1017, 1, 7, 53),
(1018, 1, 8, 53),
(1019, 1, 9, 53),
(1020, 1, 10, 53),
(1021, 1, 1, 56),
(1022, 1, 2, 56),
(1023, 1, 3, 56),
(1024, 1, 4, 56),
(1025, 1, 5, 56),
(1026, 1, 6, 56),
(1027, 1, 7, 56),
(1028, 1, 8, 56),
(1029, 1, 9, 56),
(1030, 1, 10, 56),
(1031, 1, 1, 57),
(1032, 1, 2, 57),
(1033, 1, 3, 57),
(1034, 1, 4, 57),
(1035, 1, 5, 57),
(1036, 1, 6, 57),
(1037, 1, 7, 57),
(1038, 1, 8, 57),
(1039, 1, 9, 57),
(1040, 1, 10, 57),
(1041, 1, 1, 60),
(1042, 1, 2, 60),
(1043, 1, 3, 60),
(1044, 1, 4, 60),
(1045, 1, 5, 60),
(1046, 1, 6, 60),
(1047, 1, 7, 60),
(1048, 1, 8, 60),
(1049, 1, 9, 60),
(1050, 1, 10, 60),
(1051, 1, 1, 62),
(1052, 1, 2, 62),
(1053, 1, 3, 62),
(1054, 1, 4, 62),
(1055, 1, 5, 62),
(1056, 1, 6, 62),
(1057, 1, 7, 62),
(1058, 1, 8, 62),
(1059, 1, 9, 62),
(1060, 1, 10, 62),
(1061, 1, 1, 77),
(1062, 1, 2, 77),
(1063, 1, 3, 77),
(1064, 1, 4, 77),
(1065, 1, 5, 77),
(1066, 1, 6, 77),
(1067, 1, 7, 77),
(1068, 1, 8, 77),
(1069, 1, 9, 77),
(1070, 1, 10, 77),
(1071, 1, 1, 81),
(1072, 1, 2, 81),
(1073, 1, 3, 81),
(1074, 1, 4, 81),
(1075, 1, 5, 81),
(1076, 1, 6, 81),
(1077, 1, 7, 81),
(1078, 1, 8, 81),
(1079, 1, 9, 81),
(1080, 1, 10, 81),
(1081, 1, 1, 88),
(1082, 1, 2, 88),
(1083, 1, 3, 88),
(1084, 1, 4, 88),
(1085, 1, 5, 88),
(1086, 1, 6, 88),
(1087, 1, 7, 88),
(1088, 1, 8, 88),
(1089, 1, 9, 88),
(1090, 1, 10, 88),
(1091, 1, 1, 104),
(1092, 1, 2, 104),
(1093, 1, 3, 104),
(1094, 1, 4, 104),
(1095, 1, 5, 104),
(1096, 1, 6, 104),
(1097, 1, 7, 104),
(1098, 1, 8, 104),
(1099, 1, 9, 104),
(1100, 1, 10, 104),
(1101, 1, 1, 110),
(1102, 1, 2, 110),
(1103, 1, 3, 110),
(1104, 1, 4, 110),
(1105, 1, 5, 110),
(1106, 1, 6, 110),
(1107, 1, 7, 110),
(1108, 1, 8, 110),
(1109, 1, 9, 110),
(1110, 1, 10, 110),
(1111, 1, 1, 116),
(1112, 1, 2, 116),
(1113, 1, 3, 116),
(1114, 1, 4, 116),
(1115, 1, 5, 116),
(1116, 1, 6, 116),
(1117, 1, 7, 116),
(1118, 1, 8, 116),
(1119, 1, 9, 116),
(1120, 1, 10, 116),
(1121, 1, 1, 120),
(1122, 1, 2, 120),
(1123, 1, 3, 120),
(1124, 1, 4, 120),
(1125, 1, 5, 120),
(1126, 1, 6, 120),
(1127, 1, 7, 120),
(1128, 1, 8, 120),
(1129, 1, 9, 120),
(1130, 1, 10, 120),
(1131, 1, 1, 124),
(1132, 1, 2, 124),
(1133, 1, 3, 124),
(1134, 1, 4, 124),
(1135, 1, 5, 124),
(1136, 1, 6, 124),
(1137, 1, 7, 124),
(1138, 1, 8, 124),
(1139, 1, 9, 124),
(1140, 1, 10, 124),
(1141, 1, 1, 128),
(1142, 1, 2, 128),
(1143, 1, 3, 128),
(1144, 1, 4, 128),
(1145, 1, 5, 128),
(1146, 1, 6, 128),
(1147, 1, 7, 128),
(1148, 1, 8, 128),
(1149, 1, 9, 128),
(1150, 1, 10, 128),
(1151, 1, 1, 145),
(1152, 1, 2, 145),
(1153, 1, 3, 145),
(1154, 1, 4, 145),
(1155, 1, 5, 145),
(1156, 1, 6, 145),
(1157, 1, 7, 145),
(1158, 1, 8, 145),
(1159, 1, 9, 145),
(1160, 1, 10, 145),
(1161, 1, 1, 149),
(1162, 1, 2, 149),
(1163, 1, 3, 149),
(1164, 1, 4, 149),
(1165, 1, 5, 149),
(1166, 1, 6, 149),
(1167, 1, 7, 149),
(1168, 1, 8, 149),
(1169, 1, 9, 149),
(1170, 1, 10, 149),
(1171, 1, 1, 161),
(1172, 1, 2, 161),
(1173, 1, 3, 161),
(1174, 1, 4, 161),
(1175, 1, 5, 161),
(1176, 1, 6, 161),
(1177, 1, 7, 161),
(1178, 1, 8, 161),
(1179, 1, 9, 161),
(1180, 1, 10, 161),
(1181, 1, 1, 10),
(1182, 1, 2, 10),
(1183, 1, 3, 10),
(1184, 1, 4, 10),
(1185, 1, 5, 10),
(1186, 1, 6, 10),
(1187, 1, 7, 10),
(1188, 1, 8, 10),
(1189, 1, 9, 10),
(1190, 1, 10, 10),
(1191, 1, 1, 12),
(1192, 1, 2, 12),
(1193, 1, 3, 12),
(1194, 1, 4, 12),
(1195, 1, 5, 12),
(1196, 1, 6, 12),
(1197, 1, 7, 12),
(1198, 1, 8, 12),
(1199, 1, 9, 12),
(1200, 1, 10, 12),
(1201, 1, 1, 29),
(1202, 1, 2, 29),
(1203, 1, 3, 29),
(1204, 1, 4, 29),
(1205, 1, 5, 29),
(1206, 1, 6, 29),
(1207, 1, 7, 29),
(1208, 1, 8, 29),
(1209, 1, 9, 29),
(1210, 1, 10, 29),
(1211, 1, 1, 30),
(1212, 1, 2, 30),
(1213, 1, 3, 30),
(1214, 1, 4, 30),
(1215, 1, 5, 30),
(1216, 1, 6, 30),
(1217, 1, 7, 30),
(1218, 1, 8, 30),
(1219, 1, 9, 30),
(1220, 1, 10, 30),
(1221, 1, 1, 33),
(1222, 1, 2, 33),
(1223, 1, 3, 33),
(1224, 1, 4, 33),
(1225, 1, 5, 33),
(1226, 1, 6, 33),
(1227, 1, 7, 33),
(1228, 1, 8, 33),
(1229, 1, 9, 33),
(1230, 1, 10, 33),
(1231, 1, 1, 39),
(1232, 1, 2, 39),
(1233, 1, 3, 39),
(1234, 1, 4, 39),
(1235, 1, 5, 39),
(1236, 1, 6, 39),
(1237, 1, 7, 39),
(1238, 1, 8, 39),
(1239, 1, 9, 39),
(1240, 1, 10, 39),
(1241, 1, 1, 40),
(1242, 1, 2, 40),
(1243, 1, 3, 40),
(1244, 1, 4, 40),
(1245, 1, 5, 40),
(1246, 1, 6, 40),
(1247, 1, 7, 40),
(1248, 1, 8, 40),
(1249, 1, 9, 40),
(1250, 1, 10, 40),
(1251, 1, 1, 41),
(1252, 1, 2, 41),
(1253, 1, 3, 41),
(1254, 1, 4, 41),
(1255, 1, 5, 41),
(1256, 1, 6, 41),
(1257, 1, 7, 41),
(1258, 1, 8, 41),
(1259, 1, 9, 41),
(1260, 1, 10, 41),
(1261, 1, 1, 48),
(1262, 1, 2, 48),
(1263, 1, 3, 48),
(1264, 1, 4, 48),
(1265, 1, 5, 48),
(1266, 1, 6, 48),
(1267, 1, 7, 48),
(1268, 1, 8, 48),
(1269, 1, 9, 48),
(1270, 1, 10, 48),
(1271, 1, 1, 51),
(1272, 1, 2, 51),
(1273, 1, 3, 51),
(1274, 1, 4, 51),
(1275, 1, 5, 51),
(1276, 1, 6, 51),
(1277, 1, 7, 51),
(1278, 1, 8, 51),
(1279, 1, 9, 51),
(1280, 1, 10, 51),
(1281, 1, 1, 52),
(1282, 1, 2, 52),
(1283, 1, 3, 52),
(1284, 1, 4, 52),
(1285, 1, 5, 52),
(1286, 1, 6, 52),
(1287, 1, 7, 52),
(1288, 1, 8, 52),
(1289, 1, 9, 52),
(1290, 1, 10, 52),
(1291, 1, 1, 54),
(1292, 1, 2, 54),
(1293, 1, 3, 54),
(1294, 1, 4, 54),
(1295, 1, 5, 54),
(1296, 1, 6, 54),
(1297, 1, 7, 54),
(1298, 1, 8, 54),
(1299, 1, 9, 54),
(1300, 1, 10, 54),
(1301, 1, 1, 73),
(1302, 1, 2, 73),
(1303, 1, 3, 73),
(1304, 1, 4, 73),
(1305, 1, 5, 73),
(1306, 1, 6, 73),
(1307, 1, 7, 73),
(1308, 1, 8, 73),
(1309, 1, 9, 73),
(1310, 1, 10, 73),
(1311, 1, 1, 84),
(1312, 1, 2, 84),
(1313, 1, 3, 84),
(1314, 1, 4, 84),
(1315, 1, 5, 84),
(1316, 1, 6, 84),
(1317, 1, 7, 84),
(1318, 1, 8, 84),
(1319, 1, 9, 84),
(1320, 1, 10, 84),
(1321, 1, 1, 87),
(1322, 1, 2, 87),
(1323, 1, 3, 87),
(1324, 1, 4, 87),
(1325, 1, 5, 87),
(1326, 1, 6, 87),
(1327, 1, 7, 87),
(1328, 1, 8, 87),
(1329, 1, 9, 87),
(1330, 1, 10, 87),
(1331, 1, 1, 107),
(1332, 1, 2, 107),
(1333, 1, 3, 107),
(1334, 1, 4, 107),
(1335, 1, 5, 107),
(1336, 1, 6, 107),
(1337, 1, 7, 107),
(1338, 1, 8, 107),
(1339, 1, 9, 107),
(1340, 1, 10, 107),
(1341, 1, 1, 113),
(1342, 1, 2, 113),
(1343, 1, 3, 113),
(1344, 1, 4, 113),
(1345, 1, 5, 113),
(1346, 1, 6, 113),
(1347, 1, 7, 113),
(1348, 1, 8, 113),
(1349, 1, 9, 113),
(1350, 1, 10, 113),
(1351, 1, 1, 130),
(1352, 1, 2, 130),
(1353, 1, 3, 130),
(1354, 1, 4, 130),
(1355, 1, 5, 130),
(1356, 1, 6, 130),
(1357, 1, 7, 130),
(1358, 1, 8, 130),
(1359, 1, 9, 130),
(1360, 1, 10, 130),
(1361, 1, 1, 133),
(1362, 1, 2, 133),
(1363, 1, 3, 133),
(1364, 1, 4, 133),
(1365, 1, 5, 133),
(1366, 1, 6, 133),
(1367, 1, 7, 133),
(1368, 1, 8, 133),
(1369, 1, 9, 133),
(1370, 1, 10, 133),
(1371, 1, 1, 136),
(1372, 1, 2, 136),
(1373, 1, 3, 136),
(1374, 1, 4, 136),
(1375, 1, 5, 136),
(1376, 1, 6, 136),
(1377, 1, 7, 136),
(1378, 1, 8, 136),
(1379, 1, 9, 136),
(1380, 1, 10, 136),
(1381, 1, 1, 137),
(1382, 1, 2, 137),
(1383, 1, 3, 137),
(1384, 1, 4, 137),
(1385, 1, 5, 137),
(1386, 1, 6, 137),
(1387, 1, 7, 137),
(1388, 1, 8, 137),
(1389, 1, 9, 137),
(1390, 1, 10, 137),
(1391, 1, 1, 138),
(1392, 1, 2, 138),
(1393, 1, 3, 138),
(1394, 1, 4, 138),
(1395, 1, 5, 138),
(1396, 1, 6, 138),
(1397, 1, 7, 138),
(1398, 1, 8, 138),
(1399, 1, 9, 138),
(1400, 1, 10, 138),
(1401, 1, 1, 146),
(1402, 1, 2, 146),
(1403, 1, 3, 146),
(1404, 1, 4, 146),
(1405, 1, 5, 146),
(1406, 1, 6, 146),
(1407, 1, 7, 146),
(1408, 1, 8, 146),
(1409, 1, 9, 146),
(1410, 1, 10, 146),
(1411, 1, 1, 148),
(1412, 1, 2, 148),
(1413, 1, 3, 148),
(1414, 1, 4, 148),
(1415, 1, 5, 148),
(1416, 1, 6, 148),
(1417, 1, 7, 148),
(1418, 1, 8, 148),
(1419, 1, 9, 148),
(1420, 1, 10, 148),
(1421, 1, 1, 151),
(1422, 1, 2, 151),
(1423, 1, 3, 151),
(1424, 1, 4, 151),
(1425, 1, 5, 151),
(1426, 1, 6, 151),
(1427, 1, 7, 151),
(1428, 1, 8, 151),
(1429, 1, 9, 151),
(1430, 1, 10, 151),
(1431, 1, 1, 153),
(1432, 1, 2, 153),
(1433, 1, 3, 153),
(1434, 1, 4, 153),
(1435, 1, 5, 153),
(1436, 1, 6, 153),
(1437, 1, 7, 153),
(1438, 1, 8, 153),
(1439, 1, 9, 153),
(1440, 1, 10, 153),
(1441, 1, 1, 155),
(1442, 1, 2, 155),
(1443, 1, 3, 155),
(1444, 1, 4, 155),
(1445, 1, 5, 155),
(1446, 1, 6, 155),
(1447, 1, 7, 155),
(1448, 1, 8, 155),
(1449, 1, 9, 155),
(1450, 1, 10, 155),
(1451, 1, 1, 162),
(1452, 1, 2, 162),
(1453, 1, 3, 162),
(1454, 1, 4, 162),
(1455, 1, 5, 162),
(1456, 1, 6, 162),
(1457, 1, 7, 162),
(1458, 1, 8, 162),
(1459, 1, 9, 162),
(1460, 1, 10, 162),
(1461, 1, 1, 169),
(1462, 1, 2, 169),
(1463, 1, 3, 169),
(1464, 1, 4, 169),
(1465, 1, 5, 169),
(1466, 1, 6, 169),
(1467, 1, 7, 169),
(1468, 1, 8, 169),
(1469, 1, 9, 169),
(1470, 1, 10, 169),
(1471, 1, 1, 172),
(1472, 1, 2, 172),
(1473, 1, 3, 172),
(1474, 1, 4, 172),
(1475, 1, 5, 172),
(1476, 1, 6, 172),
(1477, 1, 7, 172),
(1478, 1, 8, 172),
(1479, 1, 9, 172),
(1480, 1, 10, 172),
(1481, 1, 1, 173),
(1482, 1, 2, 173),
(1483, 1, 3, 173),
(1484, 1, 4, 173),
(1485, 1, 5, 173),
(1486, 1, 6, 173),
(1487, 1, 7, 173),
(1488, 1, 8, 173),
(1489, 1, 9, 173),
(1490, 1, 10, 173),
(1491, 1, 1, 177),
(1492, 1, 2, 177),
(1493, 1, 3, 177),
(1494, 1, 4, 177),
(1495, 1, 5, 177),
(1496, 1, 6, 177),
(1497, 1, 7, 177),
(1498, 1, 8, 177),
(1499, 1, 9, 177),
(1500, 1, 10, 177),
(1501, 1, 1, 6),
(1502, 1, 2, 6),
(1503, 1, 3, 6),
(1504, 1, 4, 6),
(1505, 1, 5, 6),
(1506, 1, 6, 6),
(1507, 1, 7, 6),
(1508, 1, 8, 6),
(1509, 1, 9, 6),
(1510, 1, 10, 6),
(1511, 1, 1, 26),
(1512, 1, 2, 26),
(1513, 1, 3, 26),
(1514, 1, 4, 26),
(1515, 1, 5, 26),
(1516, 1, 6, 26),
(1517, 1, 7, 26),
(1518, 1, 8, 26),
(1519, 1, 9, 26),
(1520, 1, 10, 26),
(1521, 1, 1, 34),
(1522, 1, 2, 34),
(1523, 1, 3, 34),
(1524, 1, 4, 34),
(1525, 1, 5, 34),
(1526, 1, 6, 34),
(1527, 1, 7, 34),
(1528, 1, 8, 34),
(1529, 1, 9, 34),
(1530, 1, 10, 34),
(1531, 1, 1, 38),
(1532, 1, 2, 38),
(1533, 1, 3, 38),
(1534, 1, 4, 38),
(1535, 1, 5, 38),
(1536, 1, 6, 38),
(1537, 1, 7, 38),
(1538, 1, 8, 38),
(1539, 1, 9, 38),
(1540, 1, 10, 38),
(1541, 1, 1, 43),
(1542, 1, 2, 43),
(1543, 1, 3, 43),
(1544, 1, 4, 43),
(1545, 1, 5, 43),
(1546, 1, 6, 43),
(1547, 1, 7, 43),
(1548, 1, 8, 43),
(1549, 1, 9, 43),
(1550, 1, 10, 43),
(1551, 1, 1, 45),
(1552, 1, 2, 45),
(1553, 1, 3, 45),
(1554, 1, 4, 45),
(1555, 1, 5, 45),
(1556, 1, 6, 45),
(1557, 1, 7, 45),
(1558, 1, 8, 45),
(1559, 1, 9, 45),
(1560, 1, 10, 45),
(1561, 1, 1, 50),
(1562, 1, 2, 50),
(1563, 1, 3, 50),
(1564, 1, 4, 50),
(1565, 1, 5, 50),
(1566, 1, 6, 50),
(1567, 1, 7, 50),
(1568, 1, 8, 50),
(1569, 1, 9, 50),
(1570, 1, 10, 50),
(1571, 1, 1, 55),
(1572, 1, 2, 55),
(1573, 1, 3, 55),
(1574, 1, 4, 55),
(1575, 1, 5, 55),
(1576, 1, 6, 55),
(1577, 1, 7, 55),
(1578, 1, 8, 55),
(1579, 1, 9, 55),
(1580, 1, 10, 55),
(1581, 1, 1, 59),
(1582, 1, 2, 59),
(1583, 1, 3, 59),
(1584, 1, 4, 59),
(1585, 1, 5, 59),
(1586, 1, 6, 59),
(1587, 1, 7, 59),
(1588, 1, 8, 59),
(1589, 1, 9, 59),
(1590, 1, 10, 59),
(1591, 1, 1, 63),
(1592, 1, 2, 63),
(1593, 1, 3, 63),
(1594, 1, 4, 63),
(1595, 1, 5, 63),
(1596, 1, 6, 63),
(1597, 1, 7, 63),
(1598, 1, 8, 63),
(1599, 1, 9, 63),
(1600, 1, 10, 63),
(1601, 1, 1, 68),
(1602, 1, 2, 68),
(1603, 1, 3, 68),
(1604, 1, 4, 68),
(1605, 1, 5, 68),
(1606, 1, 6, 68),
(1607, 1, 7, 68),
(1608, 1, 8, 68),
(1609, 1, 9, 68),
(1610, 1, 10, 68),
(1611, 1, 1, 79),
(1612, 1, 2, 79),
(1613, 1, 3, 79),
(1614, 1, 4, 79),
(1615, 1, 5, 79),
(1616, 1, 6, 79),
(1617, 1, 7, 79),
(1618, 1, 8, 79),
(1619, 1, 9, 79),
(1620, 1, 10, 79),
(1621, 1, 1, 80),
(1622, 1, 2, 80),
(1623, 1, 3, 80),
(1624, 1, 4, 80),
(1625, 1, 5, 80),
(1626, 1, 6, 80),
(1627, 1, 7, 80),
(1628, 1, 8, 80),
(1629, 1, 9, 80),
(1630, 1, 10, 80),
(1631, 1, 1, 85),
(1632, 1, 2, 85),
(1633, 1, 3, 85),
(1634, 1, 4, 85),
(1635, 1, 5, 85),
(1636, 1, 6, 85),
(1637, 1, 7, 85),
(1638, 1, 8, 85),
(1639, 1, 9, 85),
(1640, 1, 10, 85),
(1641, 1, 1, 86),
(1642, 1, 2, 86),
(1643, 1, 3, 86),
(1644, 1, 4, 86),
(1645, 1, 5, 86),
(1646, 1, 6, 86),
(1647, 1, 7, 86),
(1648, 1, 8, 86),
(1649, 1, 9, 86),
(1650, 1, 10, 86),
(1651, 1, 1, 94),
(1652, 1, 2, 94),
(1653, 1, 3, 94),
(1654, 1, 4, 94),
(1655, 1, 5, 94),
(1656, 1, 6, 94),
(1657, 1, 7, 94),
(1658, 1, 8, 94),
(1659, 1, 9, 94),
(1660, 1, 10, 94),
(1661, 1, 1, 95),
(1662, 1, 2, 95),
(1663, 1, 3, 95),
(1664, 1, 4, 95),
(1665, 1, 5, 95),
(1666, 1, 6, 95),
(1667, 1, 7, 95),
(1668, 1, 8, 95),
(1669, 1, 9, 95),
(1670, 1, 10, 95),
(1671, 1, 1, 101),
(1672, 1, 2, 101),
(1673, 1, 3, 101),
(1674, 1, 4, 101),
(1675, 1, 5, 101),
(1676, 1, 6, 101),
(1677, 1, 7, 101),
(1678, 1, 8, 101),
(1679, 1, 9, 101),
(1680, 1, 10, 101),
(1681, 1, 1, 102),
(1682, 1, 2, 102),
(1683, 1, 3, 102),
(1684, 1, 4, 102),
(1685, 1, 5, 102),
(1686, 1, 6, 102),
(1687, 1, 7, 102),
(1688, 1, 8, 102),
(1689, 1, 9, 102),
(1690, 1, 10, 102),
(1691, 1, 1, 115),
(1692, 1, 2, 115),
(1693, 1, 3, 115),
(1694, 1, 4, 115),
(1695, 1, 5, 115),
(1696, 1, 6, 115),
(1697, 1, 7, 115),
(1698, 1, 8, 115),
(1699, 1, 9, 115),
(1700, 1, 10, 115),
(1701, 1, 1, 125),
(1702, 1, 2, 125),
(1703, 1, 3, 125),
(1704, 1, 4, 125),
(1705, 1, 5, 125),
(1706, 1, 6, 125),
(1707, 1, 7, 125),
(1708, 1, 8, 125),
(1709, 1, 9, 125),
(1710, 1, 10, 125),
(1711, 1, 1, 134),
(1712, 1, 2, 134),
(1713, 1, 3, 134),
(1714, 1, 4, 134),
(1715, 1, 5, 134),
(1716, 1, 6, 134),
(1717, 1, 7, 134),
(1718, 1, 8, 134),
(1719, 1, 9, 134),
(1720, 1, 10, 134),
(1721, 1, 1, 135),
(1722, 1, 2, 135),
(1723, 1, 3, 135),
(1724, 1, 4, 135),
(1725, 1, 5, 135),
(1726, 1, 6, 135),
(1727, 1, 7, 135),
(1728, 1, 8, 135),
(1729, 1, 9, 135),
(1730, 1, 10, 135),
(1731, 1, 1, 141),
(1732, 1, 2, 141),
(1733, 1, 3, 141),
(1734, 1, 4, 141),
(1735, 1, 5, 141),
(1736, 1, 6, 141),
(1737, 1, 7, 141),
(1738, 1, 8, 141),
(1739, 1, 9, 141),
(1740, 1, 10, 141),
(1741, 1, 1, 142),
(1742, 1, 2, 142),
(1743, 1, 3, 142),
(1744, 1, 4, 142),
(1745, 1, 5, 142),
(1746, 1, 6, 142),
(1747, 1, 7, 142),
(1748, 1, 8, 142),
(1749, 1, 9, 142),
(1750, 1, 10, 142),
(1751, 1, 1, 152),
(1752, 1, 2, 152),
(1753, 1, 3, 152),
(1754, 1, 4, 152),
(1755, 1, 5, 152),
(1756, 1, 6, 152),
(1757, 1, 7, 152),
(1758, 1, 8, 152),
(1759, 1, 9, 152),
(1760, 1, 10, 152),
(1761, 1, 1, 160),
(1762, 1, 2, 160),
(1763, 1, 3, 160),
(1764, 1, 4, 160),
(1765, 1, 5, 160),
(1766, 1, 6, 160),
(1767, 1, 7, 160),
(1768, 1, 8, 160),
(1769, 1, 9, 160),
(1770, 1, 10, 160),
(1771, 1, 1, 164),
(1772, 1, 2, 164),
(1773, 1, 3, 164),
(1774, 1, 4, 164),
(1775, 1, 5, 164),
(1776, 1, 6, 164),
(1777, 1, 7, 164),
(1778, 1, 8, 164),
(1779, 1, 9, 164),
(1780, 1, 10, 164),
(1781, 1, 1, 165),
(1782, 1, 2, 165),
(1783, 1, 3, 165),
(1784, 1, 4, 165),
(1785, 1, 5, 165),
(1786, 1, 6, 165),
(1787, 1, 7, 165),
(1788, 1, 8, 165),
(1789, 1, 9, 165),
(1790, 1, 10, 165),
(1791, 1, 1, 171),
(1792, 1, 2, 171),
(1793, 1, 3, 171),
(1794, 1, 4, 171),
(1795, 1, 5, 171),
(1796, 1, 6, 171),
(1797, 1, 7, 171),
(1798, 1, 8, 171),
(1799, 1, 9, 171),
(1800, 1, 10, 171),
(1801, 1, 1, 179),
(1802, 1, 2, 179),
(1803, 1, 3, 179),
(1804, 1, 4, 179),
(1805, 1, 5, 179),
(1806, 1, 6, 179),
(1807, 1, 7, 179),
(1808, 1, 8, 179),
(1809, 1, 9, 179),
(1810, 1, 10, 179),
(2471, 1, 12, 45),
(2472, 1, 13, 45),
(2473, 1, 14, 45),
(2474, 1, 15, 45),
(2475, 1, 16, 45),
(2476, 1, 17, 45),
(2477, 1, 18, 45),
(2478, 1, 19, 45),
(2479, 1, 20, 45),
(2480, 1, 21, 45),
(2481, 1, 12, 137),
(2482, 1, 13, 137),
(2483, 1, 14, 137),
(2484, 1, 15, 137),
(2485, 1, 16, 137),
(2486, 1, 17, 137),
(2487, 1, 18, 137),
(2488, 1, 19, 137),
(2489, 1, 20, 137),
(2490, 1, 21, 137),
(2491, 1, 12, 80),
(2492, 1, 13, 80),
(2493, 1, 14, 80),
(2494, 1, 15, 80),
(2495, 1, 16, 80),
(2496, 1, 17, 80),
(2497, 1, 18, 80),
(2498, 1, 19, 80),
(2499, 1, 20, 80),
(2500, 1, 21, 80),
(2501, 1, 12, 52),
(2502, 1, 13, 52),
(2503, 1, 14, 52),
(2504, 1, 15, 52),
(2505, 1, 16, 52),
(2506, 1, 17, 52),
(2507, 1, 18, 52),
(2508, 1, 19, 52),
(2509, 1, 20, 52),
(2510, 1, 21, 52),
(2511, 1, 12, 63),
(2512, 1, 13, 63),
(2513, 1, 14, 63),
(2514, 1, 15, 63),
(2515, 1, 16, 63),
(2516, 1, 17, 63),
(2517, 1, 18, 63),
(2518, 1, 19, 63),
(2519, 1, 20, 63),
(2520, 1, 21, 63),
(2521, 1, 12, 95),
(2522, 1, 13, 95),
(2523, 1, 14, 95),
(2524, 1, 15, 95),
(2525, 1, 16, 95),
(2526, 1, 17, 95),
(2527, 1, 18, 95),
(2528, 1, 19, 95),
(2529, 1, 20, 95),
(2530, 1, 21, 95),
(2531, 1, 12, 172),
(2532, 1, 13, 172),
(2533, 1, 14, 172),
(2534, 1, 15, 172),
(2535, 1, 16, 172),
(2536, 1, 17, 172),
(2537, 1, 18, 172),
(2538, 1, 19, 172),
(2539, 1, 20, 172),
(2540, 1, 21, 172),
(2541, 1, 12, 12),
(2542, 1, 13, 12),
(2543, 1, 14, 12),
(2544, 1, 15, 12),
(2545, 1, 16, 12),
(2546, 1, 17, 12),
(2547, 1, 18, 12),
(2548, 1, 19, 12),
(2549, 1, 20, 12),
(2550, 1, 21, 12),
(2551, 1, 12, 113),
(2552, 1, 13, 113),
(2553, 1, 14, 113),
(2554, 1, 15, 113),
(2555, 1, 16, 113),
(2556, 1, 17, 113),
(2557, 1, 18, 113),
(2558, 1, 19, 113),
(2559, 1, 20, 113),
(2560, 1, 21, 113),
(2561, 1, 12, 141),
(2562, 1, 13, 141),
(2563, 1, 14, 141),
(2564, 1, 15, 141),
(2565, 1, 16, 141),
(2566, 1, 17, 141),
(2567, 1, 18, 141),
(2568, 1, 19, 141),
(2569, 1, 20, 141),
(2570, 1, 21, 141),
(2571, 1, 12, 54),
(2572, 1, 13, 54),
(2573, 1, 14, 54),
(2574, 1, 15, 54),
(2575, 1, 16, 54),
(2576, 1, 17, 54),
(2577, 1, 18, 54),
(2578, 1, 19, 54),
(2579, 1, 20, 54),
(2580, 1, 21, 54),
(2581, 1, 12, 169),
(2582, 1, 13, 169),
(2583, 1, 14, 169),
(2584, 1, 15, 169),
(2585, 1, 16, 169),
(2586, 1, 17, 169),
(2587, 1, 18, 169),
(2588, 1, 19, 169),
(2589, 1, 20, 169),
(2590, 1, 21, 169),
(2591, 1, 12, 136),
(2592, 1, 13, 136),
(2593, 1, 14, 136),
(2594, 1, 15, 136),
(2595, 1, 16, 136),
(2596, 1, 17, 136),
(2597, 1, 18, 136),
(2598, 1, 19, 136),
(2599, 1, 20, 136),
(2600, 1, 21, 136),
(2601, 1, 12, 152),
(2602, 1, 13, 152),
(2603, 1, 14, 152),
(2604, 1, 15, 152),
(2605, 1, 16, 152),
(2606, 1, 17, 152),
(2607, 1, 18, 152),
(2608, 1, 19, 152),
(2609, 1, 20, 152),
(2610, 1, 21, 152),
(2611, 1, 12, 155),
(2612, 1, 13, 155),
(2613, 1, 14, 155),
(2614, 1, 15, 155),
(2615, 1, 16, 155),
(2616, 1, 17, 155),
(2617, 1, 18, 155),
(2618, 1, 19, 155),
(2619, 1, 20, 155),
(2620, 1, 21, 155),
(2621, 1, 12, 179),
(2622, 1, 13, 179),
(2623, 1, 14, 179),
(2624, 1, 15, 179),
(2625, 1, 16, 179),
(2626, 1, 17, 179),
(2627, 1, 18, 179),
(2628, 1, 19, 179),
(2629, 1, 20, 179),
(2630, 1, 21, 179),
(2631, 1, 12, 160),
(2632, 1, 13, 160),
(2633, 1, 14, 160),
(2634, 1, 15, 160),
(2635, 1, 16, 160),
(2636, 1, 17, 160),
(2637, 1, 18, 160),
(2638, 1, 19, 160),
(2639, 1, 20, 160),
(2640, 1, 21, 160),
(2641, 1, 12, 138),
(2642, 1, 13, 138),
(2643, 1, 14, 138),
(2644, 1, 15, 138),
(2645, 1, 16, 138),
(2646, 1, 17, 138),
(2647, 1, 18, 138),
(2648, 1, 19, 138),
(2649, 1, 20, 138),
(2650, 1, 21, 138),
(2651, 1, 12, 59),
(2652, 1, 13, 59),
(2653, 1, 14, 59),
(2654, 1, 15, 59),
(2655, 1, 16, 59),
(2656, 1, 17, 59),
(2657, 1, 18, 59),
(2658, 1, 19, 59),
(2659, 1, 20, 59),
(2660, 1, 21, 59),
(2661, 1, 12, 153),
(2662, 1, 13, 153),
(2663, 1, 14, 153),
(2664, 1, 15, 153),
(2665, 1, 16, 153),
(2666, 1, 17, 153),
(2667, 1, 18, 153),
(2668, 1, 19, 153),
(2669, 1, 20, 153),
(2670, 1, 21, 153),
(2671, 1, 12, 10),
(2672, 1, 13, 10),
(2673, 1, 14, 10),
(2674, 1, 15, 10),
(2675, 1, 16, 10),
(2676, 1, 17, 10),
(2677, 1, 18, 10),
(2678, 1, 19, 10),
(2679, 1, 20, 10),
(2680, 1, 21, 10),
(2681, 1, 12, 68),
(2682, 1, 13, 68),
(2683, 1, 14, 68),
(2684, 1, 15, 68),
(2685, 1, 16, 68),
(2686, 1, 17, 68),
(2687, 1, 18, 68),
(2688, 1, 19, 68),
(2689, 1, 20, 68),
(2690, 1, 21, 68),
(2691, 1, 12, 29),
(2692, 1, 13, 29),
(2693, 1, 14, 29),
(2694, 1, 15, 29),
(2695, 1, 16, 29),
(2696, 1, 17, 29),
(2697, 1, 18, 29),
(2698, 1, 19, 29),
(2699, 1, 20, 29),
(2700, 1, 21, 29),
(2701, 1, 12, 130),
(2702, 1, 13, 130),
(2703, 1, 14, 130),
(2704, 1, 15, 130),
(2705, 1, 16, 130),
(2706, 1, 17, 130),
(2707, 1, 18, 130),
(2708, 1, 19, 130),
(2709, 1, 20, 130),
(2710, 1, 21, 130),
(2711, 1, 12, 107),
(2712, 1, 13, 107),
(2713, 1, 14, 107),
(2714, 1, 15, 107),
(2715, 1, 16, 107),
(2716, 1, 17, 107),
(2717, 1, 18, 107),
(2718, 1, 19, 107),
(2719, 1, 20, 107),
(2720, 1, 21, 107),
(2721, 1, 12, 171),
(2722, 1, 13, 171),
(2723, 1, 14, 171),
(2724, 1, 15, 171),
(2725, 1, 16, 171),
(2726, 1, 17, 171),
(2727, 1, 18, 171),
(2728, 1, 19, 171),
(2729, 1, 20, 171),
(2730, 1, 21, 171),
(2731, 1, 12, 43),
(2732, 1, 13, 43),
(2733, 1, 14, 43),
(2734, 1, 15, 43),
(2735, 1, 16, 43),
(2736, 1, 17, 43),
(2737, 1, 18, 43),
(2738, 1, 19, 43),
(2739, 1, 20, 43),
(2740, 1, 21, 43),
(2741, 1, 12, 50),
(2742, 1, 13, 50),
(2743, 1, 14, 50),
(2744, 1, 15, 50),
(2745, 1, 16, 50),
(2746, 1, 17, 50),
(2747, 1, 18, 50),
(2748, 1, 19, 50),
(2749, 1, 20, 50),
(2750, 1, 21, 50),
(2751, 1, 12, 102),
(2752, 1, 13, 102),
(2753, 1, 14, 102),
(2754, 1, 15, 102),
(2755, 1, 16, 102),
(2756, 1, 17, 102),
(2757, 1, 18, 102),
(2758, 1, 19, 102),
(2759, 1, 20, 102),
(2760, 1, 21, 102),
(2761, 1, 12, 34),
(2762, 1, 13, 34),
(2763, 1, 14, 34),
(2764, 1, 15, 34),
(2765, 1, 16, 34),
(2766, 1, 17, 34),
(2767, 1, 18, 34),
(2768, 1, 19, 34),
(2769, 1, 20, 34),
(2770, 1, 21, 34),
(2771, 1, 12, 94),
(2772, 1, 13, 94),
(2773, 1, 14, 94),
(2774, 1, 15, 94),
(2775, 1, 16, 94),
(2776, 1, 17, 94),
(2777, 1, 18, 94),
(2778, 1, 19, 94),
(2779, 1, 20, 94),
(2780, 1, 21, 94),
(2781, 1, 12, 148),
(2782, 1, 13, 148),
(2783, 1, 14, 148),
(2784, 1, 15, 148),
(2785, 1, 16, 148),
(2786, 1, 17, 148),
(2787, 1, 18, 148),
(2788, 1, 19, 148),
(2789, 1, 20, 148),
(2790, 1, 21, 148),
(2791, 1, 12, 177),
(2792, 1, 13, 177),
(2793, 1, 14, 177),
(2794, 1, 15, 177),
(2795, 1, 16, 177),
(2796, 1, 17, 177),
(2797, 1, 18, 177),
(2798, 1, 19, 177),
(2799, 1, 20, 177),
(2800, 1, 21, 177),
(2801, 1, 12, 55),
(2802, 1, 13, 55),
(2803, 1, 14, 55),
(2804, 1, 15, 55),
(2805, 1, 16, 55),
(2806, 1, 17, 55),
(2807, 1, 18, 55),
(2808, 1, 19, 55),
(2809, 1, 20, 55),
(2810, 1, 21, 55),
(2811, 1, 12, 85),
(2812, 1, 13, 85),
(2813, 1, 14, 85),
(2814, 1, 15, 85),
(2815, 1, 16, 85),
(2816, 1, 17, 85),
(2817, 1, 18, 85),
(2818, 1, 19, 85),
(2819, 1, 20, 85),
(2820, 1, 21, 85),
(2821, 1, 12, 40),
(2822, 1, 13, 40),
(2823, 1, 14, 40),
(2824, 1, 15, 40),
(2825, 1, 16, 40),
(2826, 1, 17, 40),
(2827, 1, 18, 40),
(2828, 1, 19, 40),
(2829, 1, 20, 40),
(2830, 1, 21, 40),
(2831, 1, 12, 33),
(2832, 1, 13, 33),
(2833, 1, 14, 33),
(2834, 1, 15, 33),
(2835, 1, 16, 33),
(2836, 1, 17, 33),
(2837, 1, 18, 33),
(2838, 1, 19, 33),
(2839, 1, 20, 33),
(2840, 1, 21, 33),
(2841, 1, 12, 151),
(2842, 1, 13, 151),
(2843, 1, 14, 151),
(2844, 1, 15, 151),
(2845, 1, 16, 151),
(2846, 1, 17, 151),
(2847, 1, 18, 151),
(2848, 1, 19, 151),
(2849, 1, 20, 151),
(2850, 1, 21, 151),
(2851, 1, 12, 26),
(2852, 1, 13, 26),
(2853, 1, 14, 26),
(2854, 1, 15, 26),
(2855, 1, 16, 26),
(2856, 1, 17, 26),
(2857, 1, 18, 26),
(2858, 1, 19, 26),
(2859, 1, 20, 26),
(2860, 1, 21, 26),
(2861, 1, 12, 73),
(2862, 1, 13, 73),
(2863, 1, 14, 73),
(2864, 1, 15, 73),
(2865, 1, 16, 73),
(2866, 1, 17, 73),
(2867, 1, 18, 73),
(2868, 1, 19, 73),
(2869, 1, 20, 73),
(2870, 1, 21, 73),
(2871, 1, 12, 135),
(2872, 1, 13, 135),
(2873, 1, 14, 135),
(2874, 1, 15, 135),
(2875, 1, 16, 135),
(2876, 1, 17, 135),
(2877, 1, 18, 135),
(2878, 1, 19, 135),
(2879, 1, 20, 135),
(2880, 1, 21, 135),
(2881, 1, 12, 39),
(2882, 1, 13, 39),
(2883, 1, 14, 39),
(2884, 1, 15, 39),
(2885, 1, 16, 39),
(2886, 1, 17, 39),
(2887, 1, 18, 39),
(2888, 1, 19, 39),
(2889, 1, 20, 39),
(2890, 1, 21, 39),
(2891, 1, 12, 115),
(2892, 1, 13, 115),
(2893, 1, 14, 115),
(2894, 1, 15, 115),
(2895, 1, 16, 115),
(2896, 1, 17, 115),
(2897, 1, 18, 115),
(2898, 1, 19, 115),
(2899, 1, 20, 115),
(2900, 1, 21, 115),
(2901, 1, 12, 164),
(2902, 1, 13, 164),
(2903, 1, 14, 164),
(2904, 1, 15, 164),
(2905, 1, 16, 164),
(2906, 1, 17, 164),
(2907, 1, 18, 164),
(2908, 1, 19, 164),
(2909, 1, 20, 164),
(2910, 1, 21, 164),
(2911, 1, 12, 134),
(2912, 1, 13, 134),
(2913, 1, 14, 134),
(2914, 1, 15, 134),
(2915, 1, 16, 134),
(2916, 1, 17, 134),
(2917, 1, 18, 134),
(2918, 1, 19, 134),
(2919, 1, 20, 134),
(2920, 1, 21, 134),
(2921, 1, 12, 133),
(2922, 1, 13, 133),
(2923, 1, 14, 133),
(2924, 1, 15, 133),
(2925, 1, 16, 133),
(2926, 1, 17, 133),
(2927, 1, 18, 133),
(2928, 1, 19, 133),
(2929, 1, 20, 133),
(2930, 1, 21, 133),
(2931, 1, 12, 146),
(2932, 1, 13, 146),
(2933, 1, 14, 146),
(2934, 1, 15, 146),
(2935, 1, 16, 146),
(2936, 1, 17, 146),
(2937, 1, 18, 146),
(2938, 1, 19, 146),
(2939, 1, 20, 146),
(2940, 1, 21, 146),
(2941, 1, 12, 165),
(2942, 1, 13, 165),
(2943, 1, 14, 165),
(2944, 1, 15, 165),
(2945, 1, 16, 165),
(2946, 1, 17, 165),
(2947, 1, 18, 165),
(2948, 1, 19, 165),
(2949, 1, 20, 165),
(2950, 1, 21, 165),
(2951, 1, 12, 87),
(2952, 1, 13, 87),
(2953, 1, 14, 87),
(2954, 1, 15, 87),
(2955, 1, 16, 87),
(2956, 1, 17, 87),
(2957, 1, 18, 87),
(2958, 1, 19, 87),
(2959, 1, 20, 87),
(2960, 1, 21, 87),
(2961, 1, 12, 84),
(2962, 1, 13, 84),
(2963, 1, 14, 84),
(2964, 1, 15, 84),
(2965, 1, 16, 84),
(2966, 1, 17, 84),
(2967, 1, 18, 84),
(2968, 1, 19, 84),
(2969, 1, 20, 84),
(2970, 1, 21, 84),
(2971, 1, 12, 51),
(2972, 1, 13, 51),
(2973, 1, 14, 51),
(2974, 1, 15, 51),
(2975, 1, 16, 51),
(2976, 1, 17, 51),
(2977, 1, 18, 51),
(2978, 1, 19, 51),
(2979, 1, 20, 51),
(2980, 1, 21, 51),
(2981, 1, 12, 30),
(2982, 1, 13, 30),
(2983, 1, 14, 30),
(2984, 1, 15, 30),
(2985, 1, 16, 30),
(2986, 1, 17, 30),
(2987, 1, 18, 30),
(2988, 1, 19, 30),
(2989, 1, 20, 30),
(2990, 1, 21, 30),
(2991, 1, 12, 38),
(2992, 1, 13, 38),
(2993, 1, 14, 38),
(2994, 1, 15, 38),
(2995, 1, 16, 38),
(2996, 1, 17, 38),
(2997, 1, 18, 38),
(2998, 1, 19, 38),
(2999, 1, 20, 38),
(3000, 1, 21, 38),
(3001, 1, 12, 6),
(3002, 1, 13, 6),
(3003, 1, 14, 6),
(3004, 1, 15, 6),
(3005, 1, 16, 6),
(3006, 1, 17, 6),
(3007, 1, 18, 6),
(3008, 1, 19, 6),
(3009, 1, 20, 6),
(3010, 1, 21, 6),
(3011, 1, 12, 86),
(3012, 1, 13, 86),
(3013, 1, 14, 86),
(3014, 1, 15, 86),
(3015, 1, 16, 86),
(3016, 1, 17, 86),
(3017, 1, 18, 86),
(3018, 1, 19, 86),
(3019, 1, 20, 86),
(3020, 1, 21, 86),
(3021, 1, 12, 79),
(3022, 1, 13, 79),
(3023, 1, 14, 79),
(3024, 1, 15, 79),
(3025, 1, 16, 79),
(3026, 1, 17, 79),
(3027, 1, 18, 79),
(3028, 1, 19, 79),
(3029, 1, 20, 79),
(3030, 1, 21, 79),
(3031, 1, 12, 48),
(3032, 1, 13, 48),
(3033, 1, 14, 48),
(3034, 1, 15, 48),
(3035, 1, 16, 48),
(3036, 1, 17, 48),
(3037, 1, 18, 48),
(3038, 1, 19, 48),
(3039, 1, 20, 48),
(3040, 1, 21, 48),
(3041, 1, 12, 41),
(3042, 1, 13, 41),
(3043, 1, 14, 41),
(3044, 1, 15, 41),
(3045, 1, 16, 41),
(3046, 1, 17, 41),
(3047, 1, 18, 41),
(3048, 1, 19, 41),
(3049, 1, 20, 41),
(3050, 1, 21, 41),
(3051, 1, 12, 142),
(3052, 1, 13, 142),
(3053, 1, 14, 142),
(3054, 1, 15, 142),
(3055, 1, 16, 142),
(3056, 1, 17, 142),
(3057, 1, 18, 142),
(3058, 1, 19, 142),
(3059, 1, 20, 142),
(3060, 1, 21, 142),
(3061, 1, 12, 125),
(3062, 1, 13, 125),
(3063, 1, 14, 125),
(3064, 1, 15, 125),
(3065, 1, 16, 125),
(3066, 1, 17, 125),
(3067, 1, 18, 125),
(3068, 1, 19, 125),
(3069, 1, 20, 125),
(3070, 1, 21, 125),
(3071, 1, 12, 101),
(3072, 1, 13, 101),
(3073, 1, 14, 101),
(3074, 1, 15, 101),
(3075, 1, 16, 101),
(3076, 1, 17, 101),
(3077, 1, 18, 101),
(3078, 1, 19, 101),
(3079, 1, 20, 101),
(3080, 1, 21, 101),
(3081, 1, 12, 173),
(3082, 1, 13, 173),
(3083, 1, 14, 173),
(3084, 1, 15, 173),
(3085, 1, 16, 173),
(3086, 1, 17, 173),
(3087, 1, 18, 173),
(3088, 1, 19, 173),
(3089, 1, 20, 173),
(3090, 1, 21, 173),
(3091, 1, 12, 162),
(3092, 1, 13, 162),
(3093, 1, 14, 162),
(3094, 1, 15, 162),
(3095, 1, 16, 162),
(3096, 1, 17, 162),
(3097, 1, 18, 162),
(3098, 1, 19, 162),
(3099, 1, 20, 162),
(3100, 1, 21, 162);

-- --------------------------------------------------------

--
-- Table structure for table `tbsetingujian`
--

CREATE TABLE `tbsetingujian` (
  `idset` int(11) NOT NULL,
  `idjadwal` int(11) NOT NULL,
  `idrombel` int(11) NOT NULL,
  `idbank` int(11) NOT NULL,
  `jumsoal` int(11) NOT NULL,
  `acaksoal` enum('0','1') NOT NULL,
  `acakopsi` enum('0','1') NOT NULL,
  `hasil` enum('0','1') NOT NULL DEFAULT '0'
) ENGINE=InnoDB DEFAULT CHARSET=utf8;

-- --------------------------------------------------------

--
-- Table structure for table `tbsetrapor`
--

CREATE TABLE `tbsetrapor` (
  `idsetrapor` int(11) NOT NULL,
  `idujian` int(11) NOT NULL,
  `tmpterbit` varchar(255) NOT NULL,
  `tglterbit` date NOT NULL
) ENGINE=InnoDB DEFAULT CHARSET=utf8;

--
-- Dumping data for table `tbsetrapor`
--

INSERT INTO `tbsetrapor` (`idsetrapor`, `idujian`, `tmpterbit`, `tglterbit`) VALUES
(1, 2, 'Kabupaten Bungo', '2022-03-31');

-- --------------------------------------------------------

--
-- Table structure for table `tbskul`
--

CREATE TABLE `tbskul` (
  `idskul` int(11) NOT NULL,
  `idrayon` char(4) DEFAULT NULL,
  `kdskul` char(10) DEFAULT NULL,
  `nmskul` varchar(250) DEFAULT NULL,
  `idjenjang` int(3) DEFAULT NULL,
  `nss` char(15) NOT NULL,
  `npsn` varchar(15) DEFAULT NULL,
  `nmskpd` varchar(100) DEFAULT NULL,
  `alamat` mediumtext DEFAULT NULL,
  `desa` mediumtext DEFAULT NULL,
  `kec` mediumtext DEFAULT NULL,
  `kab` mediumtext DEFAULT NULL,
  `prov` mediumtext DEFAULT NULL,
  `kdpos` char(5) DEFAULT NULL,
  `telp` char(20) DEFAULT NULL,
  `email` varchar(250) DEFAULT NULL,
  `website` varchar(200) DEFAULT NULL,
  `logoskul` mediumtext DEFAULT NULL,
  `logoskpd` varchar(250) DEFAULT NULL
) ENGINE=InnoDB DEFAULT CHARSET=utf8;

--
-- Dumping data for table `tbskul`
--

INSERT INTO `tbskul` (`idskul`, `idrayon`, `kdskul`, `nmskul`, `idjenjang`, `nss`, `npsn`, `nmskpd`, `alamat`, `desa`, `kec`, `kab`, `prov`, `kdpos`, `telp`, `email`, `website`, `logoskul`, `logoskpd`) VALUES
(1, '1004', 'P10040036', 'SMP Negeri 5 Pelepat', 2, '201100201036', '10500708', 'Dinas Pendidikan Dan Kebudayaan', 'Jalan Dasa Purwa', 'Mulia Bhakti', 'Pelepat', 'Bungo', 'Jambi', '37252', '', 'info@smpnlipat.sch.id', 'https://www.smpnlipat.sch.id', '6246d05a92169.png', '6246d05a92ac3.png');

-- --------------------------------------------------------

--
-- Table structure for table `tbsoal`
--

CREATE TABLE `tbsoal` (
  `idbutir` int(11) NOT NULL,
  `idstimulus` int(11) DEFAULT NULL,
  `nomersoal` int(11) DEFAULT NULL,
  `jnssoal` enum('1','2','3','4','5') DEFAULT NULL,
  `tksukar` enum('1','2','3') DEFAULT NULL,
  `modeopsi` enum('1','2','3') NOT NULL,
  `butirsoal` mediumtext DEFAULT NULL,
  `skormaks` int(11) NOT NULL,
  `headeropsi` varchar(200) DEFAULT NULL
) ENGINE=InnoDB DEFAULT CHARSET=utf8;

--
-- Dumping data for table `tbsoal`
--

INSERT INTO `tbsoal` (`idbutir`, `idstimulus`, `nomersoal`, `jnssoal`, `tksukar`, `modeopsi`, `butirsoal`, `skormaks`, `headeropsi`) VALUES
(1, 1, 1, '2', '1', '1', 'Dari teks di atas, persamaan kata yang benar adalah .... ', 1, ''),
(2, 1, 2, '1', '1', '1', 'Berjuang melawan pandemi COVID-19 adalah bagian dari .... ', 1, ''),
(3, 2, 1, '1', '1', '1', 'Dengan dasar tersebut, maka kesimpulan dari makna beriman kepada qada dan qadar adalah .... ', 1, ''),
(4, 3, 1, '1', '1', '1', 'Maka berdasarkan hal tersebut dari pernyataan di bawah ini, yang manakah yang tidak termasuk kedalam sikap yang menerapkan perilaku mulia terkait dengan iman kepada qada dan qadar .... ', 1, ''),
(5, 4, 1, '1', '1', '1', 'Pernyataan yang tepat di bawah ini adalah .... ', 1, ''),
(6, 5, 1, '1', '1', '1', 'Perilaku yang belum mencerminkan tata krama yang baik dalam bertindak adalah....', 1, ''),
(7, 6, 1, '1', '1', '1', 'Hadis Nabi Muhammad saw tersebut ini mengandung makna Sesungguhnya dalam diri manusia terdapat dua sikap yang dicintai oleh Allah swt, yaitu....', 1, ''),
(8, 7, 1, '1', '1', '1', 'Tata krama yang benar adalah....', 1, ''),
(9, 8, 1, '1', '1', '1', 'Pernyataan yang tidak tepat adalah .... ', 1, ''),
(10, 9, 1, '1', '1', '1', 'Pernyataan yang tidak tepat terhadap peristiwa tersebut adalah .... ', 1, ''),
(11, 10, 1, '1', '1', '1', 'Di antara pernyataan tersebut yang termasuk tata cara menyembelih hewan yang sesuai syariat Islam adalah .... .', 1, ''),
(12, 11, 1, '1', '1', '1', 'Dari ilustrasi tersebut, hukum penyembelihan hewan kurban yang dilakukan oleh Pak Ahmad adalah....', 1, ''),
(13, 12, 1, '1', '1', '1', 'Syarat-syarat hewan yang dapat disembelih ditunjukan oleh nomor ....', 1, ''),
(14, 13, 1, '1', '1', '1', 'Yang merupakan sunah dalam penyembelihan hewan adalah nomor....', 1, ''),
(15, 14, 1, '1', '1', '1', 'Ayat di atas menjelaskan perintah ....', 1, ''),
(16, 15, 1, '1', '1', '1', 'Hari tasyrik adalah ....', 1, ''),
(17, 16, 1, '1', '1', '1', 'Berapa bagian yang boleh dimakan oleh orang yang berkurban?', 1, ''),
(18, 16, 2, '1', '1', '1', 'Hitungan jumlah hewan akikah yang benar menurut para ulama adalah ...', 1, ''),
(20, 16, 4, '1', '1', '1', 'Hukum dari akikah adalah sunah muakkadah, arti sunah muakkadah adalah ...', 1, ''),
(21, 16, 5, '1', '1', '1', 'Disunahkan menyembelih akikah pada ....', 1, ''),
(22, 17, 1, '1', '1', '1', 'Agar pelaksanaan qurban benar menurut syar&rsquo;i, sebaiknya yang dilakukan Pak Abdullah adalah  .... ', 1, ''),
(23, 18, 1, '1', '1', '1', 'Hikmah ibadah kurban yang terdapat dalam ilustrasi tersebut adalah ....', 1, ''),
(24, 19, 1, '1', '1', '1', 'Seorang penyembelih harus memenuhi ketentuan sebagai berikut, kecuali ....', 1, ''),
(25, 19, 2, '1', '1', '1', 'Hukum daging hasil sembelihan secara mekanik adalah halal apabila memenuhi syarat di bawah ini, kecuali ....', 1, ''),
(27, 19, 4, '1', '1', '1', 'Berikut ini yang termasuk sunah menyembelih adalah ....', 1, ''),
(28, 19, 5, '1', '1', '1', 'Menyembelih hewan dengan keadaan heawan masih beridiri disebut dengan cara...', 1, ''),
(29, 20, 1, '1', '1', '1', 'Dari ayat di atas, dapat diambil kesimpulan bahwasannya seorang manusia tiada memperoleh selain .... .', 1, ''),
(30, 21, 1, '1', '1', '1', 'Dari kutipan berita tersebut sikap yang sesuai dengan beriman kepada qada dan qadar adalah ....', 1, ''),
(31, 22, 1, '1', '1', '1', 'Tradisi halal bihalal dilakukan oleh umat Islam setelah merayakan . . . . ', 1, ''),
(32, 22, 2, '1', '1', '1', 'Sekaten berasal dari kata dalam bahasa Arab syahadatain yang artinya . . . . ', 1, ''),
(33, 22, 3, '1', '1', '1', 'Tulisan Arab yang mengandung nilai seni disebut dengan seni . . . . ', 1, ''),
(34, 22, 4, '1', '1', '1', 'Contoh tarian yang tergolong dalam seni Islam adalah tari . . . . ', 1, ''),
(36, 22, 5, '1', '1', '1', 'Apabila pembaca Al-Qur\'an mendapati tanda waqaf saktah <span class=\"arab\"></span> maka....', 1, ''),
(37, 22, 6, '1', '1', '1', 'Setiap manusia memiliki kekurangan dan kelebihan, Allah SWT tidak membeda-bedakan hamba-Nya karena orang paling mulia di hadapan Allah Swt adalah orang yang .... ', 1, ''),
(38, 22, 7, '1', '1', '1', 'Toleransi hanya boleh dilakukan pada hubungan antara manusia dengan manusia. Dengan demikian, toleransi dilakukan dalam hal .... ', 1, ''),
(39, 22, 8, '1', '1', '1', 'Arti potongan ayat <span class=\"arab\"> </span> adalah ....', 1, ''),
(40, 22, 9, '1', '1', '1', 'Toleransi sangat dianjurkan dalam Islam. dalam ajaran Islam toleransi disebut dengan .... ', 1, ''),
(41, 22, 10, '1', '1', '1', 'Arti potongan ayat&nbsp;<span class=\"arab\"> </span>adalah ....', 1, ''),
(42, 22, 11, '1', '1', '1', 'Apabila membaca Al-Qur\'an menjumpai tanda waqaf jaiz <span class=\"arab\"></span> maka  ....', 1, ''),
(43, 22, 12, '1', '1', '1', 'Antara seorang mukmin dan mukmin yang lainnya adalah bagaikan  .... .', 1, ''),
(44, 22, 13, '1', '1', '1', 'Tanda waqaf <span class=\"arab\"></span> ini menunjukkan .... .', 1, ''),
(45, 23, 1, '1', '1', '1', 'Pancasila merupakan ideologi Negara artinya ....', 1, ''),
(47, 23, 2, '1', '1', '1', 'Nilai-nilai yang sifatnya tetap, tetapi penjabarannya secara dinamis dan kreatif sesuai perkembangan masyarakat Indonesia merupakan makna pancasila sebagai ....', 1, ''),
(48, 23, 3, '1', '1', '1', 'Periode 1959-1965 merupakan demokrasi yang diterapkan di Indonesia adalah demokrasi ....', 1, ''),
(49, 23, 4, '1', '1', '1', 'Gerakan DI/TII merupakan kelompok yang menolak pancasila dipimpin oleh ....', 1, ''),
(50, 23, 5, '1', '1', '1', 'Masa pemerintahan yang ingin menerapkan pancasila dan Undang-Undang Dasar Negara Republik Indonesia tahun 1945 secara murni dan konsekuen adalah masa ....', 1, ''),
(51, 23, 6, '1', '1', '1', 'Pengakuan akan kedaulatan Negara Indonesia di dunia internasional terjadi pada tanggal ....', 1, ''),
(52, 23, 7, '1', '1', '1', 'Pancasila sebagai paradigma pembangunan, artinya pancasila dijadikan sebagai sumber nilai, asas, dan kerangka berpikir dalam menentukan arah dan tujuan ....', 1, ''),
(53, 23, 8, '1', '1', '1', 'Masa pemerintahan orde baru berlangsung pada kurun waktu ....', 1, ''),
(54, 25, 1, '1', '1', '1', 'Tantangan yang harus dihadapi era reformasi dalam melaksanakan pancasila sebagai dasar Negara dan pandangan hidup bangsa adalah ....', 1, ''),
(55, 25, 2, '1', '1', '1', 'Berikut contoh pemberontakan di daerah yang membahayakan kedudukan pancasila sebagai dasar Negara pada masa awal kerdekaan adalah ....', 1, ''),
(58, 25, 3, '1', '1', '1', 'Pernyataan kemerdekaan Indonesia secara terperinci terdapat dalam ....', 1, ''),
(59, 25, 4, '1', '1', '1', 'Pengakuan akan kedaulatan Negara Indonesia tercermin dalam pembukaan Undang-Undang Dasar Negara Republik Indonesia Tahun 1945 alinea ....', 1, ''),
(60, 25, 5, '1', '1', '1', 'Bentuk Negara Indonesia dituangkan dalam Pembukaan Undang-Undang Dasar Negara Republik Indonesia Tahun 1945 alinea ....', 1, ''),
(61, 25, 6, '1', '1', '1', 'Bagian dari Undang-Undang Dasar Negara Republik Indonesia Tahun 1945 yang tidak boleh diubah atau diganti adalah ....', 1, ''),
(62, 25, 7, '1', '1', '1', 'Pembukaan Undang-Undang Dasar Negara Republik Indonesia Tahun 1945 berkedudukan sebagai ....', 1, ''),
(63, 26, 1, '1', '1', '1', 'Indonesia memiliki keberagaman dalam suku bangsa, ras, agama dan golongan. Oleh karena itu, Indonesia disebut Negara....', 1, ''),
(64, 26, 2, '1', '1', '1', 'Makna persatuan adalah....', 1, ''),
(65, 26, 3, '1', '1', '1', 'Konflik etnis merupakan pecahnya kerusuhan antaretnis yang juga pernah terjadi di Indonesia. Konflik tersebut bersifat....', 1, ''),
(66, 26, 4, '1', '1', '1', 'Anggapan suatu kelompok identik dengan kekerasan dan sifat suatu suku yang kasar termasuk sikap....', 1, ''),
(67, 26, 5, '1', '1', '1', 'Gabungan dari beberapa bagian yang sudah bersatu disebut....', 1, ''),
(68, 26, 6, '1', '1', '1', 'Persatuan dan kesatuan bangsa dikembangkan atas dasar....', 1, ''),
(69, 26, 7, '1', '1', '1', 'Kemajemukan masyarakat Indonesia ditandai dengan....', 1, ''),
(70, 26, 8, '1', '1', '1', 'Konflik dalam keberagaman masyarakat dapat dicegah dengan mengamalkan pancasila sila....', 1, ''),
(71, 26, 9, '1', '1', '1', 'Perbedaan berdasarkan gender pada masyarakat maju dikaitkan dengan....', 1, ''),
(72, 26, 10, '1', '1', '1', 'Rendahnya tingkat pendidikan merupakan salah satu permasalahan Indonesia dalam bidang....', 1, ''),
(73, 26, 11, '1', '1', '1', 'Berikut yang termasuk pulau-pulau besar di Indonesia....', 1, ''),
(74, 26, 12, '1', '1', '1', 'Kesenian merupakan salah satu unsur kebudayaan. Gamelan merupakan kesenian yang berasal dari....', 1, ''),
(75, 26, 13, '1', '1', '1', 'Hal yang menjadi tantangan sekaligus peluang bagi masyarakat Indonesia adalah....', 1, ''),
(76, 26, 14, '1', '1', '1', 'Keberagaman masyarakat dalam bidang ekonomi di sebabkan oleh perbedaan....', 1, ''),
(77, 26, 15, '1', '1', '1', 'Menyelenggarakan ajang festival budaya yang diikuti dari berbagai macam perwakilan daerah-daerah di Indonesia adalah salah satu peran....dalam menjaga keberagaman.', 1, ''),
(78, 26, 16, '1', '1', '1', 'Berikut yang termasuk perilaku toleransi dalam keberagaman sosial budaya di kehidupan berbangsa dan bernegara adalah....', 1, ''),
(79, 26, 17, '1', '1', '1', 'Kemerdekaan yang di raih bangsa Indonesia merupakan hasil perjuangan seluruh rakyat dengan semangat Bhineka Tunggal Ika. Hal ini mengandung makna....', 1, ''),
(80, 26, 18, '1', '1', '1', 'Berikut yang bukan termasuk alat pemersatu bangsa adalah....', 1, ''),
(82, 26, 19, '1', '1', '1', 'Berikut yang bukan termasuk kemajemukan karakteristik Indonesia adalah....', 1, ''),
(83, 26, 20, '1', '1', '1', 'Konflik yang terjadi di antara kelompok sosial yang sifatnya sederajat disebut konflik....', 1, ''),
(84, 27, 1, '1', '1', '1', 'Kutub yang terbentuk pada ujung besi B dan T adalah . ....  ', 1, ''),
(85, 28, 1, '2', '1', '1', 'Pernyataan yang benar tentang magnet adalah .... .', 1, ''),
(86, 29, 1, '1', '1', '1', 'Cara mengukur kekuatan magnet melalui investigasi yang benar adalah dengan menghitung  .... .', 1, ''),
(87, 30, 1, '1', '1', '1', 'Hewan yang dimaksud adalah  .... .', 1, ''),
(88, 31, 1, '1', '1', '1', 'Dari informasi di atas, pernyataan yang benar mengenai gambar 1 dan gambar 2 berturut -turut adalah  .... .', 1, ''),
(89, 31, 2, '1', '1', '1', 'Jika tegangan input diubah menjadi 220 volt dengaan 1000 lilitan primer dan lilitan skunder 500 lilitan, berapa tegangan output dari transformator tersebut? ', 1, ''),
(92, 32, 1, '5', '1', '1', 'Daya listrik yang menyuplai alat lisrik tersebut adalah .... watt', 1, ''),
(93, 32, 2, '5', '1', '1', 'Sebuah transformator memiliki efisiensi 75%. Pada kumparan primernya diberi tegangan 220 volt dan mengalir arus 2 A. Jika pada kumparan sekundernya mempunyai tegangan 110 volt, maka arus yang mengalir pada kumparan sekunder adalah .... ampere', 1, ''),
(94, 33, 1, '2', '1', '1', 'Pernyataan yang benar sesuai dengan teks di atas adalah  .... .', 1, ''),
(95, 33, 2, '1', '1', '1', 'Reaksi kimia yang terjadi pada peristiwa fermentasi, seperti pada pembuatan tapai adalah  ....', 1, ''),
(96, 34, 1, '1', '1', '1', 'Yang membuat roti mengembang pada saat dipanggang adalah .... . ', 1, ''),
(97, 34, 2, '1', '1', '1', 'Berikut ini yang bukan merupakan prinsip-prinsip bioteknologi modern adalah  .... .', 1, ''),
(98, 34, 3, '2', '1', '1', 'Pernyataan yang benar tentang mikroba <em>Rhozopus orizae</em> adalah  .... .', 1, ''),
(99, 35, 1, '2', '1', '1', 'Pernyataan yang sesuai tentang dampak positif dan negative pada jagung hasil bioteknologi tersebut adalah  .... ', 1, ''),
(100, 36, 1, '2', '1', '1', 'Pernyataan berikut yang menunjukkan produk bioteknologi ramah lingkungan adalah .... .', 1, ''),
(101, 37, 1, '1', '1', '1', 'Pengendalian pencemaran sesuai gambar dinamakan  .... ', 1, ''),
(102, 36, 2, '1', '1', '1', 'Pemanfaatan mikroba yang berperan dalam bidang pertambangan, misalnya memisahkan besi dan bijihnya adalah  .... ..', 1, ''),
(103, 38, 1, '2', '1', '1', 'Berdasarkan teks informasi tersebut, pernyataan yang benar adalah  ....  ', 1, ''),
(104, 38, 2, '1', '1', '1', 'Berkaitan dengan gambar di atas, pernyataan yang benar untuk penyusun kabel tersebut adalah  .... .', 1, ''),
(105, 39, 1, '2', '1', '1', 'Atom Kalium memiliki jumlah elektron 19, dengan konfigurasi elektron sebagai berikut : K, L, M, N =2,8,8,1. Pernyataan yang benar mengenai atom Kalium pada sistem periodik unsur adalah .... ', 1, ''),
(106, 39, 2, '1', '1', '1', 'Salah satu peranan organisme tanah adalah .... .', 1, ''),
(107, 39, 3, '1', '1', '1', 'Tanah berubah melalui proses alam dan aktivitas manusia. Berdasarkan pernyataan berikut yang menunjukkan perubahan tanah akibat dari proses alam adalah ....', 1, ''),
(108, 39, 4, '1', '1', '1', '<p>Perhatikan gambar lapisan tanah berikut!</p>\r\n<img src=\"/pictures/ilustrasi7.png\" />Lapisan tanah yang paling banyak mengandung materi organik adalah  .... .', 1, ''),
(109, 39, 5, '1', '1', '1', 'Hujan dan air mengalir dapat mengikis tanah. Tanah yang paling banyak terkikis oleh hujan dan air mengalir adalah tanah dari  .... .', 1, ''),
(110, 39, 6, '2', '1', '1', 'Perhatikan gambar berikut!<img src=\"/pictures/ilustrasi8.png\" />Pernyataan yang sesuai dengan gambar di atas adalah  .... ', 1, ''),
(111, 39, 7, '1', '1', '1', 'Teknologi penyediaan energi alternatif dengan menggunakan sumber daya alam yang dapat diperbaharui berupa tumbuh-tumbuhan disebut .... .', 1, ''),
(112, 39, 8, '1', '1', '1', 'Keunggulan dari penggunaan panel surya untuk menghasilkan energi listrik adalah sebagai berikut, kecuali  .... .', 1, ''),
(113, 39, 9, '2', '1', '1', 'Berikut ini yang merupakan prinsip-prinsip teknologi yang tetap menjaga kelestarian lingkungan adalah  ....', 1, ''),
(114, 39, 10, '1', '1', '1', 'Kendaraan-kendaraan berikut yang paling ramah lingkungan adalah  .... ', 1, ''),
(115, 39, 11, '1', '1', '1', 'Pembakaran batu bara untuk digunakan sebagai sumber energi dapat memiliki beberapa dampak negatif. Berikut ini yang bukan merupakan dampak negatif dari pembakaran batu bara yang tidak terkontrol adalah  .... ', 1, ''),
(116, 39, 12, '1', '1', '1', 'Teknologi yang memanfaatkan panas yang ada dalam lapisan dalam bumi untuk digunakan dalam penyediaan energi listrik dilakukan dengan  .... .', 1, ''),
(117, 40, 1, '2', '1', '1', 'Pernyataan yang sesuai dengan narasi dan gambar di atas adalah ...', 1, ''),
(118, 39, 13, '1', '1', '1', 'Proses pembentukan tanah diawali dengan pelapukan batuan, pelapukan yang dipengaruhi suhu dan curah hujan, merupakan pelapukan  .... ', 1, ''),
(119, 39, 14, '1', '1', '1', 'Ion-ion dalam tanah yang dibutuhkan oleh tumbuhan antara lain .... .', 1, ''),
(120, 41, 1, '1', '1', '1', 'Perhatikan gambar benda padat berbentuk tabung dan setengah bola berikut! <img src=\"/pictures/ilustrasi10.png\" />Luas permukaan benda tersebut adalah ....  (&pi;=22/7)', 1, ''),
(121, 41, 2, '1', '1', '1', 'Sebuah peluru terbentuk dari gabungan tabung dan kerucut seperti pada gambar! <img src=\"/pictures/ilustrasi11.png\" />Luas permukaan peluru tersebut adalah ....   ....  (&pi;=22/7)', 1, ''),
(122, 41, 3, '1', '1', '1', 'Gambar berikut menunjukkan sebuah benda yang dibentuk dari sebuah tabung dan sebuah kerucut! <img src=\"/pictures/ilustrasi12.png\" />Luas permukaan benda tersebut adalah ....  (&pi;= 3,14)', 1, ''),
(123, 41, 4, '1', '1', '1', 'Gambar di samping adalah benda yang dibentuk oleh gabungan kerucut dan tabung! <img src=\"/pictures/ilustrasi13.png\" />Volume bangun tersebut adalah  .... .', 1, ''),
(124, 41, 5, '1', '1', '1', 'Sebuah drum penyimpan air berbentuk tabung memiliki diameter 50 cm dan tinggi 90 cm. Berapa liter air bisa tersimpan jika drum hanya mampu menampung 90% dari jumlah volumenya  .... .', 1, ''),
(125, 41, 6, '1', '1', '1', 'Sebuah kerucut mempunyai diameter 18 cm dan panjang garis pelukis 15 cm. Maka, tinggi kerucut tersebut adalah  .... ', 1, ''),
(126, 41, 7, '1', '1', '1', 'Suatu tangki berbentuk tabung tertutup memiliki jari-jari alas 14 cm dan tinggi 40 cm. Maka permukaan tangki adalah  ....  (&pi; = 22/7). ', 1, ''),
(128, 41, 8, '1', '1', '1', 'Bila luas kulit bola 616 cm<sup>2</sup> dan (&pi; = 22/7). Maka, jari-jari bola tersebut adalah  .... ', 1, ''),
(129, 41, 9, '1', '1', '1', 'Ke dalam tabung berisi air setinggi 30 cm dimasukkan 6 bola besi yang masing-masing berjari-jari 7 cm. Jika diameter tabung 28 cm, tinggi air dalam tabung setelah dimasukkan enam bola besi adalah  .... ', 1, ''),
(130, 41, 10, '1', '1', '1', 'Fuad menyalakan lilin berbentuk tabung dengan diameter 2,8 cm dan tinggi 15 cm. Jika setiap menit lilin terbakar 1,68 cm3, maka lilin akan habis terbakar dalam waktu .... . (&pi; = 22/7).', 1, ''),
(131, 41, 11, '1', '1', '1', 'Luas permukaan dari sebuah bola yang memiliki jari-jari 10 cm adalah  .... ', 1, ''),
(132, 41, 12, '1', '1', '1', 'Sebuah wadah penampung air berbentuk tabung tanpa tutup dengan jari-jari 28 cm dan tinggi 100 cm. Luas wadah tersebut adalah .... ', 1, ''),
(133, 41, 13, '1', '1', '1', 'Sebuah drum berbentuk tabung dengan panjang jari-jari 70 cm dan tinggi 100 cm penuh berisi minyak tanah. Minyak tanah tersebut akan dituang kedalam tabung-tabung kecil dengan panjang jari-jari 35cm dan tinggi 50 cm. Banyak tabung kecil yang diperlukan adalah .... ', 1, ''),
(134, 41, 14, '1', '1', '1', 'Diketahui sebuah kerucut yang memiliki jari-jari sebesar 30 cm dan garis pelukis 50 cm. Maka tinggi kerucut tersebut adalah  .... ', 1, ''),
(135, 41, 15, '1', '1', '1', 'Sebuah kerucut memiliki jari-jari alas kerucut 18 cm dan tingginya 24 cm. Panjang garis pelukis kerucut tersebut adalah ....  cm', 1, ''),
(136, 41, 16, '1', '1', '1', 'Kerucut merupakan bangun ruang sisi lengkung yang alasnya berbentuk lingkaran dan mempnyai selimut yang berupa  ....  ', 1, ''),
(137, 41, 17, '1', '1', '1', 'Luas selimut kerucut 264 cm<sup>2</sup> Jika jari-jari alas kerucut 6 cm panjang garis pelukis kerucut adalah  .... ..', 1, ''),
(138, 41, 18, '1', '1', '1', 'Tabung merupakan bangun ruang sisi lengkung yang selimutnya berbentuk ', 1, ''),
(139, 43, 1, '2', '1', '1', 'Dari dua pola tersebut, pernyataan yang bernilai benar adalah  .... ', 1, ''),
(140, 44, 1, '2', '1', '1', 'Berdasarkan info diatas pernyataan-pernyataan yang bernilai benar adalah  .... ', 1, ''),
(141, 45, 1, '5', '1', '1', 'Sebuah bak mandi berbentuk tabung yang memiliki diameter 100 cm dan tinggi 64 cm akan diisi air dengan menggunakan gayung berbentuk setengah bola berdiameter 20 cm.Banyak gayung air yang diperlukan sampai bak penuh terisi air adalah  ....  gayung', 1, ''),
(142, 45, 2, '5', '1', '1', 'Penggunaan air yang berlebihan dalam kegiatan rumah tangga sehari-hari merupakan salah satu faktor yang dapat menyebabkan terjadinya krisis air bersih di Indonesia pada tahun 2023. Sedangkan kegiatan mencuci pakaian adalah pemakaian air terbesar kedua setelah untuk keperluan mandi. Rata-rata konsumsi air tiap orang untuk keperluan mandi dan cuci setiap hari adalah 60 liter . Ukuran gayung yang dipakai untuk mandi umumnya berbentuk tabung dengan diameter 12 cm dan tinggi 13,5 cm. Fikri memiliki ember mandi berbentuk tabung berdiameter 35 cm dan tinggi 46 cm berisi penuh.<br/>Berdasarkan info pemakaian air saat mandi menggunakan gayung, air pada ember Fikri dapat dipakai untuk  .... kali mandi.', 1, ''),
(143, 46, 1, '1', '1', '1', 'Sebuah bak penampungan air berbentuk tabung dengan diameter 140 cm dan tingginya 2 m. Bak penampungan tersebut akan di cat, dan setiap 20 cm2 memerlukan biaya pengecatan sebesar Rp500. Maka biaya yang diperlukan untuk pengecatan seluruh permukaan bak penampungan air tersebut adalah  .... ', 1, ''),
(144, 46, 2, '1', '1', '1', 'Luas permukaan bola yang berdiameter 21 cm dengan &pi; = 22/7 adalah .... ', 1, ''),
(145, 46, 3, '1', '1', '1', 'Di bawah ini merupakan rumus luas permukaan beserta nama bangun ruangnya, kecuali .... .', 1, ''),
(146, 46, 4, '1', '1', '1', 'Sebuah celengan berbentuk tabung memiliki luas permukaan sebesar 0,88 dm2. Jika diameter = 14 dan &pi; = 22/7. Maka, tinggi celengan tersebut adalah  .... ', 1, ''),
(147, 46, 5, '1', '1', '1', 'Sebuah logam dibentuk menjadi sebuah bola padat, lalu dibelah menjadi empat bagian sama besar. Jika panjang jari-jari bola adalah 14 cm, luas permukaan tiap belahan bola tersebut adalah  ....  cm<sup>2</sup>', 1, ''),
(148, 46, 6, '1', '1', '1', 'Pernyataan berikut berkaitan dengan kerucut. Pernyataan yang salah adalah .... ', 1, ''),
(149, 46, 7, '1', '1', '1', 'Sebuah kerucut memiliki jari-jari alas 10 cm dan panjang garis pelukis 16 cm. Luas selimut kerucut tersebut adalah .... ', 1, ''),
(150, 47, 1, '1', '1', '1', 'What is the text above?', 1, ''),
(151, 47, 2, '1', '1', '1', 'What would the fox do with the hen?', 1, ''),
(152, 47, 3, '1', '1', '1', 'What can we learn from the story?', 1, ''),
(153, 47, 4, '1', '1', '1', 'What did the fox think when he come back to his sack and see the hen had gone?', 1, ''),
(154, 47, 5, '1', '1', '1', 'Did the fox catch a hen for dinner ?', 1, ''),
(155, 48, 1, '1', '1', '1', 'Tika  ....  my dictionary last month', 1, ''),
(158, 48, 2, '1', '1', '1', 'Rudi : How do you know that Mr. Tomas speaks English well?\r\n<br/>Beni : He . . . English to a foreigner yesterday', 1, ''),
(159, 48, 3, '1', '1', '1', 'Female chickens . . . hens. What is the correct passive voice to complete the sentence above?', 1, ''),
(160, 48, 4, '1', '1', '1', 'What is incorrect passive voice?', 1, ''),
(161, 48, 5, '1', '1', '1', 'Tom opens the door. The passive in present is. . .', 1, ''),
(162, 49, 1, '1', '1', '1', 'The gender of the text is&nbsp; .... ', 1, ''),
(163, 49, 2, '1', '1', '1', 'With whom Cinderella live?', 1, ''),
(164, 49, 3, '1', '1', '1', 'The first paragraph is called  .... .', 1, ''),
(165, 49, 4, '1', '1', '1', 'What did the godmother warn?', 1, ''),
(166, 49, 5, '1', '1', '1', 'Which statement is correct?', 1, ''),
(168, 50, 1, '1', '1', '1', 'The name of the product is . . . .', 1, ''),
(169, 50, 2, '1', '1', '1', 'To make a perfect cup of tea we should use . . .&nbsp;', 1, ''),
(170, 50, 3, '1', '1', '1', 'According to the text, the product should be used . . . .', 1, ''),
(171, 50, 4, '1', '1', '1', 'The purpose of the text is  .... ', 1, ''),
(172, 51, 1, '1', '1', '1', 'How long does the offer last?', 1, ''),
(173, 48, 6, '2', '1', '1', 'Which passive sentences use the past tense?', 1, ''),
(174, 52, 1, '2', '1', '1', 'Which the incorrect reason why Snow White ran away to the woods?', 1, ''),
(175, 52, 2, '2', '1', '1', 'The statements true according to the story are  .... ', 1, ''),
(176, 52, 3, '1', '1', '1', 'There are passive sentence, <em><strong>except&nbsp;</strong></em>. . .', 1, ''),
(177, 53, 1, '2', '1', '1', 'What does FROGGO provide?', 1, ''),
(178, 53, 2, '2', '1', '1', 'There are the product at teen fashion, <em><strong>except</strong></em>. . .', 1, ''),
(179, 54, 1, '2', '1', '1', 'The product is suitable for those who  ....  , <em><strong>except</strong></em>', 1, ''),
(180, 54, 2, '2', '1', '1', 'Which statements are correct based on the advertisement above!', 1, ''),
(181, 55, 1, '1', '1', '1', 'The best arrangement is  .... ', 1, ''),
(182, 56, 1, '1', '1', '1', 'The best arrangement is  .... ', 1, ''),
(183, 57, 1, '1', '1', '1', 'Kalimat yang di dalamnya tidak terdapat konjungsi perlawanan adalah  .... .', 1, ''),
(184, 58, 1, '1', '1', '1', 'Permasalahan atau isu yang dibahas dalam kutipan tersebut adalah  .... .', 1, ''),
(185, 59, 1, '1', '1', '1', 'Pernyataan yang merupakan argumen menentang pada teks tersebut ditandai dengan nomor  .... .', 1, ''),
(186, 59, 2, '2', '1', '1', 'Infromasi yang tepat dari teks di atas, yaitu  .... ', 1, ''),
(187, 60, 1, '1', '1', '1', 'Isi penggalan teks tersebut adalah tentang  .... ', 1, ''),
(188, 61, 1, '2', '1', '1', 'Pernyataan yang benar berdasarkan teks di atas, yaitu  .... ', 1, ''),
(189, 61, 2, '2', '1', '1', 'Argumen mendukung dalam teks diskusi di atas, yaitu  .... .', 1, ''),
(190, 61, 3, '1', '1', '1', 'Kata <em>sebaliknya</em> dalam teks di atas merupakan ciri kebahasaan teks diskusi berupa konjungsi  .... ', 1, ''),
(191, 62, 1, '1', '1', '1', 'Simpulan yang dapat diambil dari teks diskusi di atas adalah  .... ', 1, ''),
(192, 62, 2, '1', '1', '1', 'Berdasarkan teks diskusi tersebut dampak negatif internet adalah  .... ', 1, ''),
(193, 63, 1, '1', '1', '1', 'Paragraf tersebut merupakan bagian  ....  teks diskusi.', 1, ''),
(194, 63, 2, '1', '1', '1', 'Isu yang dibahas dalam teks diskusi tersebut ialah  .... .', 1, ''),
(195, 64, 1, '1', '1', '1', 'Kutipan teks tersebut merupakan bagian  ....  teks cerita inspiratif.', 1, ''),
(196, 64, 2, '1', '1', '1', 'Sifat sang raja dalam cerita tersebut adalah  .... .', 1, ''),
(197, 65, 1, '1', '1', '1', 'Dalam cerita inspiratif, setiap kejadian yng diuraikan pada bagian insiden memiliku hubungan  .... .', 1, ''),
(198, 66, 1, '1', '1', '1', 'Penggalan berita di atas termasuk cerita inspiratif mengenai pengalaman pribadi yang bersifat  .... ', 1, ''),
(199, 66, 2, '1', '1', '1', 'Hal positif yang bisa diambil dari cerita tersebut adalah  .... .', 1, ''),
(200, 67, 1, '1', '1', '1', 'Kata yang tepat untuk melengkapi kalimat yang dirumpangkan tersebut adalah  .... .', 1, ''),
(201, 68, 1, '1', '1', '1', 'Kalimat imbauan yang tepat untuk melengkapi teks pidato di atas adalah  .... .', 1, ''),
(202, 69, 1, '1', '1', '1', 'Urutan kalimat-kalimat tersebut yang tepat adalah  .... .', 1, ''),
(203, 70, 1, '1', '1', '1', 'Gagasan utama paragraf tersebut adalah  .... .', 1, ''),
(204, 71, 1, '2', '1', '1', 'Yang merupakan kalimat fakta pada paragraf di atas, yaitu  .... .', 1, ''),
(205, 72, 1, '1', '1', '1', 'Keistimewaan tokoh pada teks tersebut adalah  .... . ', 1, ''),
(206, 72, 2, '3', '1', '1', 'Berdasarkan teks di atas, tentukan informasi yang tepat dengan memberi tanda centang (&radic;) pada kolom Benar atau Salah dalam tabel berikut!', 1, ''),
(207, 72, 3, '2', '1', '1', 'Beberapa alasan mengapa sikap Jenderal Sudirman patut diteladani yaitu  .... ', 1, ''),
(208, 73, 1, '1', '1', '1', 'Pelajaran yang dapat diambil oleh pembaca dari sebuah teks inspirasi disebut  .... .', 1, ''),
(209, 73, 2, '1', '1', '1', 'Pesan yang disampaikan penulis dalam sebuah teks cerita inspiratif terdapat pada bagian  .... .', 1, ''),
(211, 74, 1, '3', '1', '1', 'Penyataan yang sesuai dengan sikap tokoh Aku berdasarkan cerita tersebut adalah  .... ', 1, ''),
(212, 74, 2, '1', '1', '1', 'Informasi yang sesuai dengan cerita di atas adalah  .... .', 1, ''),
(213, 75, 1, '1', '1', '1', 'Latar tempat dalam kutipan teks di atas adalah  .... .', 1, ''),
(214, 76, 1, '1', '1', '1', 'Dari cuplikan teks tanggapan di atas berisi informasi berupa  .... ', 1, ''),
(215, 77, 1, '1', '1', '1', 'Peristiwa itu mengandung pesan tentang  ....', 1, ''),
(216, 78, 1, '1', '1', '1', 'Ringkasan bacaan tersebut adalah  .... ', 1, ''),
(217, 79, 1, '1', '1', '1', 'Makna kata ringkih dalam kutipan teks tersebut adalah  .... ', 1, ''),
(219, 80, 1, '1', '1', '1', 'Amanat dalam kutipan cerpen tersebut adalah  .... ', 1, ''),
(220, 81, 1, '1', '1', '1', 'Tujuan didirikannya ASEAN adalah .... ', 1, ''),
(221, 81, 2, '2', '1', '1', 'Di bawah ini termasuk pengaruh positif keunggulan ekonomi adalah .... ', 1, ''),
(222, 81, 3, '1', '1', '1', 'PT Freeport Indonesia (PT FI) merupakan perusahaan pertambangan yang beroperasi di Indonesia yang menghasilkan .... ', 1, ''),
(223, 81, 4, '1', '1', '1', 'Indonesia dan Malaysia sama-sama memproduksi karet dan plastik secara efisien. Namun, Indonesia akan lebih efisien lagi apabila mengimpor karet dan mengekspor plastik ke Malaysia. Sebaliknya, Malaysia juga akan lebih efisien mengimpor plastik dan mengekspor karet ke Indonesia. Kondisi ini menunjukkan bahwa kedua negara memiliki keunggulan yang disebut..', 1, ''),
(224, 81, 5, '1', '1', '1', 'Setiap negara yang terlibat perdagangan internasional akan mendorong mereka untuk mengembangkan teknologi terbaru sehingga dapat berkonsentrasi menciptakan produk unggulan sendiri. Dampak positif perdagangan internasional berdasarkan ilustrasi tersebut adalah .... ', 1, ''),
(225, 81, 6, '1', '1', '1', 'Pengembangan kegiatan ekonomi mencakup industri dengan kreativitas sumber daya manusia sebagai aset utama untuk menciptakan nilai tambah ekonomi dan mampu meningkatkan pertumbuhan potensi ekonomi disebut .... ', 1, ''),
(226, 81, 7, '2', '1', '1', 'Yang termasuk kebijakan pemerintah dalam bidang impor yaitu .... ', 1, ''),
(227, 81, 8, '2', '1', '1', 'Pernyataan di bawah ini yang termasuk penyebab timbulnya perdagangan internasional adalah .... ', 1, ''),
(229, 81, 9, '2', '1', '1', 'Di bawah ini adalah ciri-ciri perdagangan internasional yaitu .... ', 1, ''),
(230, 81, 10, '1', '1', '1', 'Pusat-pusat keunggulan ekonomi yang ada di Indonesia dapat memberikan manfaat, yaitu .... ', 1, ''),
(231, 81, 11, '1', '1', '1', 'Menghilangkan hambatan-hambatan dalam perdagangan internasional adalah konsep kebijakan..', 1, ''),
(232, 81, 12, '1', '1', '1', 'Salah satu tujuan pembentukan kawasan ekonomi terpadu adalah .... ', 1, ''),
(233, 81, 13, '1', '1', '1', 'Agar produk disukai oleh pasar atau masyarakat maka produsen perlu .... ', 1, ''),
(234, 81, 14, '1', '1', '1', 'Akibat bagi suatu negara apabila terjadi peningkatan produktivitas dari pelaksanaan perdagangan internasional, yaitu .... ', 1, ''),
(235, 81, 15, '1', '1', '1', 'Banyaknya barang-barang impor berdampak negatif bagi barang dalam negeri sehingga persaingan harga tidak terkendali. Upaya yang dilakukan pemerintah untuk mengatasi masalah tersebut adalah menerapkan kebijakan  .... ', 1, ''),
(236, 81, 16, '1', '1', '1', 'Yang menjadi faktor pendorong terjadinya perdagangan internasional adalah .... ', 1, ''),
(237, 82, 1, '3', '1', '1', 'Pernyataan berikut ini merupakan tindakan ekonomi kreatif adalah ....', 1, 'Pernyataan,Setuju,Tidak Setuju'),
(239, 83, 1, '1', '1', '1', 'Setiap daerah memiliki potensi yang dapat dikembangkan. Potensi yang dapat dikembangkan secara tepat dapat membantu pemerintah dalam  .... ', 1, ''),
(240, 84, 1, '3', '1', '1', 'Pernyataan berikut ini adalah Dampak positif adanya pasar tunggal MEA terhadap kehidupan penduduk di Asia Tenggara!', 1, NULL),
(241, 81, 17, '1', '1', '1', 'Istilah dumping dapat diartikan sebagai .... ', 1, NULL),
(242, 85, 1, '1', '1', '1', 'PPKI dibentuk sebelum Proklamasi Kemerdekaan Indonesia. Setelah kemerdekaan Indonesia tugas PPKI belum selesai  .... ', 1, NULL),
(243, 85, 2, '1', '1', '1', 'Peristiwa Rengasdengklok menjadi penentu kebulatan tekad bangsa Indonesia dalam meraih kemerdekaan. Langkah yang dilakukan Soekarno dan Muhammad Hatta setelah peristiwa Rengasdengklok adalah .... ', 1, NULL),
(244, 85, 3, '1', '1', '1', 'Pemilu pertama di Indonesia dilaksanakan pada tahun 1955 pemilu dilaksanakan dalam dua tahap yaitu untuk memilih .... .', 1, ''),
(245, 85, 4, '1', '1', '1', 'Berikut yang tidak termasuk isi pokok Dekrit Presiden adalah', 1, NULL),
(246, 86, 1, '1', '1', '1', 'Alasan pemerintah orde baru menggabungkan beberapa partai politik adalah .... .', 1, NULL),
(247, 87, 1, '1', '1', '1', 'Pada 21 Mei 1998 Presiden Soeharto mengumumkan pengunduran dirinya dari kursi kepresidenannya. Makna penting dari peristiwa tersebut adalah .... ', 1, NULL),
(248, 87, 2, '1', '1', '1', 'Pada tanggal 17 Agustus 1945 akhirnya bangsa Indonesia berhasil memproklamasikan kemerdekaan Indonesia. Hikmah yang dapat kita petik dari keberhasilan tersebut untuk kehidupan saat ini karena seringnya terjadinya konflik antar anak bangsa adalah .... ', 1, NULL),
(249, 87, 3, '1', '1', '1', 'Jepang memberi janji kemerdekaan pada bangsa Indonesia karena .... ', 1, NULL),
(250, 87, 4, '1', '1', '1', 'Awalnya tugas pokok komite nasional adalah .... ', 1, NULL),
(251, 87, 5, '1', '1', '1', 'Penyimpangan politik luar negeri yang pernah terjadi pada masa demokrasi terpimpin contohnya adalah .... ', 1, NULL),
(252, 87, 6, '1', '1', '1', 'Tujuan presiden Soekarno mengeluarkan surat perintah 11 Maret 1966 adalah .... ', 1, NULL),
(253, 87, 7, '1', '1', '1', 'Latar belakang munculnya kesatuan-kesatuan aksi menjelang lahirnya orde baru adalah .... ', 1, NULL),
(254, 87, 8, '1', '1', '1', 'Demokrasi diera reformasi membuka kesempatan semua lapisan masyarakat untuk ikut berperan aktif mengawal pemerintahan dari pusat sampai daerah. Namun, masih muncul juga sikap apatis masyarakat dalam pemilu dan Pilkada karena .... ', 1, NULL),
(255, 87, 9, '1', '1', '1', 'Perbedaan pendapat antara kelompok pemuda dan golongan tua di sekitar peristiwa Proklamasi 17 Agustus 1945 berkaitan dengan .... ', 1, NULL),
(256, 87, 10, '1', '1', '1', 'BPUPKI tidak membahas hal berikut pada sidang keduanya..', 1, NULL),
(257, 87, 11, '1', '1', '1', 'Keunggulan mutlak yang dimiliki Indonesia adalah .... ', 1, NULL),
(258, 88, 1, '1', '1', '1', '<em>Defender</em> dalam permainan bola voli adalah pemain .... ', 1, NULL),
(259, 88, 2, '1', '1', '1', 'Budi membawa (mengiring) bola ke sana kemari dengan tujuan mengusai bola, dan mencari peluang untuk memberikan ke pada teman. Teknik yang dilakukan Budi adalah .... ', 1, NULL),
(260, 88, 3, '1', '1', '1', 'Gerakan mengayun kaki mengenai bola dan diarahkan pada sasaran disebut  .... ', 1, NULL),
(261, 88, 4, '1', '1', '1', 'Gerakan variasi dan kombinasi menendang bola / mengumpan dan menghentikan bola dapat dilatih dengan .... ', 1, NULL),
(262, 88, 5, '1', '1', '1', 'Libero adalah pemain bertahan yang tidak boleh melakukan .... ', 1, NULL),
(263, 88, 6, '2', '1', '1', 'Bagian tubuh yang boleh digunakan untuk menahan bola dalam permainan sepak bola adalah .... ', 1, NULL),
(264, 88, 7, '1', '1', '1', 'Tim dikatakan sebagai pemenang dalam suatu set dalam permainan boal voli adalah yang terlebih dahulu mencapai  ....  angka', 1, NULL),
(265, 88, 8, '1', '1', '1', 'Berikut yang merupakan gerak spesifik dalam permaian sepak bola adalah .... ', 1, NULL),
(266, 88, 9, '1', '1', '1', '<em>Chest pass</em> adalah teknik mengoper bola dengan teknik .... ', 1, NULL),
(267, 88, 10, '1', '1', '1', 'Yang termasuk dalam 3 posisi utama dalam bermain basket <em>adalah .... </em>', 1, NULL),
(268, 88, 11, '1', '1', '1', 'Kombinasi smash dan passing terdapat dalam permainan .... ', 1, NULL),
(269, 88, 12, '1', '1', '1', 'Teknik operan dari atas kepala dalam permainan bola bsket disebut .... .', 1, NULL),
(270, 88, 13, '1', '1', '1', 'Teknik yang berguna untuk mengumpan bola dalam permainan voli <em>adalah .... </em>', 1, NULL),
(271, 88, 14, '1', '1', '1', 'Teknik menembak bola sambil melompat disebut .... ', 1, NULL),
(272, 88, 15, '1', '1', '1', 'Jarak yang diperlombakan untuk jalan cepat untuk putri adalah .... km ', 1, NULL),
(273, 88, 16, '2', '1', '1', 'Berikut gaya yang bisanya digunakan dalam tolak peluru adalah ....', 1, NULL),
(274, 88, 17, '1', '1', '1', 'Fase topang tunggal dan topang ganda dalam jalan cepat prinsip dasar gerakan .... ', 1, NULL),
(275, 88, 18, '1', '1', '1', 'Bentuk gerakan awalan melempar cakram berupa .... ', 1, NULL),
(276, 88, 19, '1', '1', '1', 'Lapangan tenis meja berbentuk persegi panjang dengan ukuran lapangan .... ', 1, NULL),
(277, 88, 20, '1', '1', '1', 'Kata <em>Pencak</em>&nbsp;dalam silat berarti .... ', 1, NULL),
(278, 88, 21, '1', '1', '1', 'Pada tanggal 18 Mei 1948 induk organisasi pencak silat di Indonesia bernama .... ', 1, NULL),
(279, 88, 22, '1', '1', '1', 'Tangkisan luar dilakukan dengan arah lintasan lengan dari .... ', 1, NULL),
(280, 88, 23, '1', '1', '1', 'Aliran pencak silat <em>Cimande</em>&nbsp;bersal dari .... ', 1, NULL),
(281, 88, 24, '2', '1', '1', 'Berikut yang merupakan unsur kebugaran jasmani adalah .... ', 1, NULL),
(282, 88, 25, '1', '1', '1', 'Sikap badan dalam posisi telungkup adalah posisi badan bentuk latihan .... ', 1, NULL),
(283, 88, 26, '1', '1', '1', 'Tujuan gerakan <em>back up</em> adalah untuk melatih ....  ', 1, NULL),
(284, 88, 27, '1', '1', '1', 'Kekuatan disebut juga  .... ', 1, NULL),
(285, 88, 28, '1', '1', '1', 'Salah satu unsur kebugaran jasmani adalah .... ', 1, NULL),
(286, 88, 29, '1', '1', '1', 'Gerak yang dominan dalam sepak bola adalah .... ', 1, NULL),
(287, 88, 30, '1', '1', '1', 'Sasaran dalam tendangan jejak ialah .... ', 1, NULL),
(288, 88, 31, '1', '1', '1', 'Kemampuan otot atau sekelompok otot un tuk melakukan kerja secara eksplosif merupakan pengertian dari .... ', 1, NULL),
(289, 88, 32, '1', '1', '1', 'Salah satu bentuk latiahan meningkatkan kekuatan otot tungkai adalah .... ', 1, NULL),
(290, 88, 33, '2', '1', '1', 'Ciri-ciri orang yang memiliki kebugaran jasmani adalah .... ', 1, NULL),
(291, 88, 34, '2', '1', '1', 'Berikut yang merupakan aspek olahraga dalam pencak silat adalah .... ', 1, NULL),
(292, 88, 35, '2', '1', '1', 'Berikut yang merupakan permainan <em>double</em> dalam bulu tangkis adalah .... ', 1, NULL),
(293, 88, 36, '1', '1', '1', 'Perbedaan gerakan guling kedepan dan kebelkang terletak pada .... .', 1, NULL),
(294, 88, 37, '1', '1', '1', 'Guling depan adalah salah satu gerakan dalam senam lantai pesenam yang mengalami cidera ketika melakukan gerakan tersebut disebabkan oleh .... ', 1, NULL),
(295, 88, 38, '1', '1', '1', 'Posisi badan yang benar saat melakukan guling ke belakang adalah .... ', 1, NULL),
(296, 88, 39, '1', '1', '1', 'Kombinasi gerakan <em>aerobic</em> keras dan ringan serta gerakan-gerakan <em>rock n rool</em> disebut  .... ', 1, NULL),
(297, 88, 40, '1', '1', '1', 'Alasan senam <em>aerobic</em> disukai banyak orang adalah .... ', 1, NULL),
(298, 88, 41, '1', '1', '1', 'Senam <em>aerobic</em> terdiri atas 3 tahapan,yaitu ..', 1, NULL),
(299, 88, 42, '1', '1', '1', 'Hal yang harus diperhatikan ketika melakukan gerak langkah kaki adalah lutut harus selalu .... ', 1, NULL),
(300, 88, 43, '1', '1', '1', '<em>Aerobic</em> berasal dari kata aero yang berarti .... ', 1, NULL),
(301, 88, 44, '1', '1', '1', '<em>Crawl</em> merupakan istilah asing dari renang gaya .... ', 1, NULL),
(302, 88, 45, '1', '1', '1', 'Salah satu yang harus diperhatikan oleh seseorang agar dapat berenang dengan cepat adalah .... ', 1, NULL),
(303, 88, 46, '1', '1', '1', 'Sumber gerakan kaki saat melakukan renang gaya bebas adalah .... ', 1, NULL),
(304, 89, 1, '1', '1', '1', 'Luka yang diakibatkan dari gesekan kulit dengan benda kasar sehingga menyebabkan terkelupasnya kulit disebut .... ', 1, NULL),
(305, 89, 2, '1', '1', '1', 'Pertolongan pertama pada korban kecelakan bersifat .... ', 1, NULL),
(306, 89, 3, '1', '1', '1', 'Perwatan cedera dapat dilakukan di tempat yang tepat, seperti .... ', 1, NULL),
(307, 89, 4, '1', '1', '1', 'Sejenis kain tipis dan lembut yang digunakan untuk membalut luka ialah .... ', 1, NULL),
(308, 89, 5, '1', '1', '1', 'Aktivitas tubuh berat membutuhkan banyak energi salah satu cirri-ciri oramg yang melakukan aktivitas fisik berat adalah .... ', 1, NULL),
(309, 89, 6, '1', '1', '1', 'Penyakit jantung bersifat sangat berbahaya, fungsi utama jantung adalah .... ', 1, NULL),
(310, 89, 7, '1', '1', '1', 'Bersepeda termasuk dalam aktivitas fisik..', 1, NULL),
(311, 89, 8, '1', '1', '1', 'Dalam renang gaya bebas, teknik yang paling sulit dikuasai oleh pemula adalah .... ', 1, NULL),
(312, 88, 47, '1', '1', '1', 'Dalam gerakan kombinasi dalam olahraga renang, terjadi koordinasi antara  .... ', 1, NULL),
(313, 89, 9, '1', '1', '1', 'Berikut yang termasuk dalam gerak spesifik aktivitas gerak berirama adalah .... .', 1, NULL),
(314, 90, 1, '1', '1', '1', 'Pentas teater tidak dapat dilepaskan dari suasana peristiwa pementasan. Hal tersebut terbentuk dalam sebuah .... ', 1, NULL),
(315, 90, 2, '1', '1', '1', 'Menahan intensitas emosi termasuk dalam latihan teknik membina puncak. Latihan yang diperlukan adalah .... ', 1, NULL),
(316, 90, 3, '1', '1', '1', 'Seseorang sedang mendesain arah cahaya dalam suatu pentas teater. Pekerja tersebut dalam manajeman pementasan bertindak sebagai .... ', 1, NULL),
(317, 90, 4, '1', '1', '1', 'Seorang penari melakukan tepuk tangan mengikuti gerak perpindahan kaki. Hal tersebut menunjukkan penari melakukan iringan .... ', 1, NULL),
(318, 90, 5, '1', '1', '1', 'Seorang penari melakukan pola perpindahan gerak yang lembut dan lemah. Hal tersebut menunjukkan penggunaan desain garis .... ', 1, NULL),
(319, 90, 6, '1', '1', '1', 'Lagu &ldquo;Bunda&rdquo; dimainkan dengan iringan musik beberapa pemain biola. Hal tersebut menjadikan ansambel lagu Bunda adalah jenis ansambel .... ', 1, NULL),
(320, 90, 7, '1', '1', '1', 'Lagu yang banyak disajikan dalam bentuk solo, grup band, <em>boyband</em> atau <em>girlband</em> adalah .... ', 1, NULL),
(321, 90, 8, '1', '1', '1', 'Lagu populer adalah sebuah lagu yang paling banyak disukai oleh masyarakat. Hal tersebut dikarenakan .... ', 1, NULL),
(322, 90, 9, '1', '1', '1', 'Pencipta lagu disebut .... ', 1, NULL),
(323, 90, 10, '1', '1', '1', 'Seorang seniman yang menampilkan beberapa karyanya berarti melakukan pameran .... ', 1, NULL),
(324, 91, 1, '1', '1', '1', 'Karet (<em>lineloum</em>) adalah bahan yang dapat dibuat untuk media cetak tinggi. Pernyataan yang benar adalah .... ', 1, NULL),
(325, 91, 2, '1', '1', '1', '<p>Gambar tersebut menunjukkan teknik cetak .... <img src=\"/pictures/ilustrasi21.jpg\" /></p>\r\n', 1, NULL),
(326, 91, 3, '2', '1', '1', 'Berikut merupakan struktur lakon teater adalah .... ', 1, NULL),
(327, 91, 4, '2', '1', '1', 'Berikut bukan unsur pendukung sajian tari adalah .... ', 1, NULL),
(328, 91, 5, '2', '1', '1', 'Pekerja yang termasuk dalam manajemen pementasan adalah .... ', 1, NULL),
(329, 91, 6, '2', '1', '1', 'Jenis alat musik ansambel berdasarkan fungsi dan perannya ialah .... ', 1, NULL),
(330, 91, 7, '2', '1', '1', 'Berikut bukan termasuk alat untuk menyablon yaitu .... ', 1, NULL),
(331, 91, 8, '2', '1', '1', 'Alat musik yang digunakan untuk mengiringi musik pop adalah .... ', 1, NULL),
(332, 91, 9, '2', '1', '1', 'Pembuatan klise negatif dalam karya grafis dibuat dengan alat .... ', 1, NULL),
(333, 91, 10, '2', '1', '1', 'Berikut termasuk fungsi pameran di sekolah adalah .... ', 1, NULL),
(334, 91, 11, '1', '1', '1', 'Tujuan pameran seni rupa di sekolah adalah, kecuali .... ', 1, NULL),
(335, 91, 12, '1', '1', '1', 'Panitia yang bertugas membuat surat-surat yang diperlukan dalam kegiatan pameran adalah..', 1, NULL),
(336, 91, 13, '1', '1', '1', 'Jenis musik yang saat ini digemari masyarakat adalah .... ', 1, NULL),
(337, 91, 14, '1', '1', '1', 'Alat untuk mengukir logam disebut .... ', 1, NULL),
(338, 91, 15, '1', '1', '1', 'Media seni grafis cetak datar adalah .... ', 1, NULL),
(339, 91, 16, '1', '1', '1', 'Seni grafis mula-mula berkembang di negara .... ', 1, NULL),
(340, 91, 17, '1', '1', '1', 'Di Indonesia, seni grafis muncul sekitar tahun .... ', 1, NULL),
(341, 91, 18, '1', '1', '1', 'Faktor yang memengaruhi variasi lagu yang berkembang saat ini adalah .... ', 1, NULL),
(342, 91, 19, '1', '1', '1', 'Pola lantai melingkar biasanya digunakan untuk tari .... ', 1, NULL),
(343, 91, 20, '1', '1', '1', 'Menyusun rencana dan jadwal kerja produksi teater modern merupakan tugas .... ', 1, NULL),
(344, 91, 21, '1', '1', '1', 'Seni cetak yang menggunakan klise dimana bagian dalam menyerap tinta dan akan membekas pada kertas disebut teknik cetak .... ', 1, NULL),
(345, 91, 22, '1', '1', '1', 'Indonesia memiliki kekayaan budaya tari. Misalnya tarian daerah Bali, yaitu tari <em>oleg tambulilingan</em> yang termasuk dalam jenis tari .... ', 1, NULL),
(346, 91, 23, '1', '1', '1', 'Istilah seni grafis berasal dari bahasa Yunani yang berarti .... ', 1, NULL),
(347, 91, 24, '1', '1', '1', 'Harmoninya bisa sangat rumit adalah salah satu ciri musik .... ', 1, NULL),
(348, 91, 25, '1', '1', '1', 'Perubahan bunyi keras dan lembut pada bagian lagu sesuai dengan kesan yang akan disampaikan disebut .... ', 1, NULL),
(350, 91, 26, '1', '1', '1', 'Bentuk pameran berdasarkan tempat pameran adalah .... ', 1, NULL),
(351, 93, 1, '1', '1', '1', 'Apakah yang dimaksud dengan kerajinan berbahan campuran?', 1, NULL),
(352, 93, 2, '2', '1', '1', 'Sebutkan apa saja prinsip perubahan strategi pada kerajinan berbasis media campuran .... ', 1, NULL),
(353, 93, 3, '2', '1', '1', 'Gelombang pada sinyal analog berbentuk gelombang sinus memiliki tiga variabel dasar yaitu .... ', 1, NULL),
(354, 93, 4, '2', '1', '1', 'Apa saja fungsi kemasan pada kerajinan berbasis media campuran .... ', 1, NULL),
(355, 93, 5, '1', '1', '1', 'Selain harus mempunyai nilai kenyamanan, benda kerajinan juga harus mempunyai daya tarik atau disebut juga dengan .... ', 1, NULL),
(356, 93, 6, '1', '1', '1', 'Saat merakit atau membongkar rangkaian elektronika pada rangkaian yang terdapat pada papan&nbsp;PCB membutuhkan .... ', 1, NULL),
(357, 93, 7, '1', '1', '1', 'Agar produk terhindar dari kerusakan, terjaga keamanannya, dan mempunyai daya tarik maka perlu .... ', 1, NULL),
(358, 93, 8, '1', '1', '1', 'Berikut yang bukan termasuk ikan hias .... ', 1, NULL),
(359, 93, 9, '1', '1', '1', 'Di bawah ini merupakan bahan buatan yang bisa dipakai untuk bahan dasar kerajinan berbasis media campuran yaitu .... ', 1, NULL),
(360, 93, 10, '1', '1', '1', 'Untuk membuat kerajinan keramik dibutuhkan beberapa jenis alat berikut, kecuali  .... ', 1, NULL),
(361, 93, 11, '1', '1', '1', 'Perak kerap kali dijadikan sebagai campuran kerajinan berbasis media campuran karena .... ', 1, NULL),
(362, 93, 12, '1', '1', '1', 'Untuk mengetahui apakah penghantar listrik memiliki tegangan listrik digunakan .... ', 1, NULL),
(363, 93, 13, '2', '1', '1', 'Apa saja fungsi kemasan pada kerajinan berbasis media campuran .... ', 1, NULL),
(364, 93, 14, '1', '1', '1', 'Berikut yang bukan termasuk alasan orang membudidayakan ikan hias air tawar adalah .... ', 1, NULL),
(365, 93, 15, '1', '1', '1', 'Produk pangan yang dihasilkan oleh hewan ternak mamalia dan diperoleh dengan cara pemerahan adalah .... ', 1, NULL),
(366, 93, 16, '1', '1', '1', 'Pengemasan produk olahan setengah jadi harus dapat melindungi produk dan hal-hal tertentu. Hal yang tidak termasuk adalah .... ', 1, NULL),
(367, 93, 17, '1', '1', '1', 'Benih ikan hias akan terbentuk warna pada saat usia sekitar .... ', 1, NULL),
(368, 93, 18, '1', '1', '1', 'Hal pertama yang harus dilakukan dalam perencanaan pembenihan ikan adalah .... ', 1, NULL),
(369, 93, 19, '1', '1', '1', 'Produk olahan dari hasil peternakan berupa protein susu yang dipadatkan adalah .... ', 1, NULL),
(370, 93, 20, '1', '1', '1', 'Bahan pangan dapat diolah dengan cara diawetkan melalui pengeringan. Tujuan dari pengeringan bahan pangan untuk .... ', 1, NULL),
(371, 93, 21, '1', '1', '1', 'Bahan yang perlu dipersiapkan dalam pengemasan produk pembenihan ikan hias system tertutup adalah .... ', 1, NULL),
(372, 93, 22, '1', '1', '1', 'Berikut bahan pangan setengah jadi hasil olahan dari perikanan adalah .... ', 1, NULL),
(373, 93, 23, '1', '1', '1', 'Pengolahan makanan pada dasarnya adalah sama yaitu membuat bahan makanan yang mentah menjadi .... ', 1, NULL),
(374, 93, 24, '1', '1', '1', 'Ikan yang memiliki bentuk seperti piringan (<em>disc</em>) adalah .... ', 1, NULL),
(375, 93, 25, '1', '1', '1', 'Pakan alami yang digunakan untuk ikan hias dan benih adalah .... ', 1, NULL),
(376, 93, 26, '1', '1', '1', 'Alat pengemasan tradisional yang umum digunakan adalah .... ', 1, NULL),
(377, 93, 27, '1', '1', '1', 'Istilah lain dari teknik memanggang adalah .... ', 1, NULL),
(378, 93, 28, '1', '1', '1', 'Berikut kriteria pemilihan benih ikan hias adalah .... ', 1, NULL),
(379, 93, 29, '1', '1', '1', 'Salah satu prinsip kerajinan berbasis media campuran adalah .... ', 1, NULL),
(380, 93, 30, '1', '1', '1', 'Tulang ikan dimanfaatkan sebagai bahan pangan produk samping karena mengandung vitamin D berguna untuk .... ', 1, NULL),
(381, 93, 31, '1', '1', '1', 'Fillet merupakan olahan pangan setengah jadi berupa irisan daging tanpa tulang dan kulit. <em>Fillet</em> ikan dapat dibuat menjadi olahan pangan siap konsimsi. Contoh olahan pangan siap konsumsi dari <em>fillet</em> ikan adalah .... ', 1, NULL),
(382, 93, 32, '2', '1', '1', 'Berikut yang termasuk bahan pangan setengah jadi hasil peternakan adalah ....  (kompleks)', 1, NULL),
(383, 93, 33, '2', '1', '1', 'Berikut yang termasuk ikan hias air laut adalah  .... .', 1, NULL),
(385, 93, 34, '1', '1', '1', 'Perhatikan tabel berikut!&nbsp;<img src=\"/pictures/ilustrasi22.png\" />', 1, NULL),
(386, 93, 35, '1', '1', '1', 'Perhatikan gambar berikut! <img src=\"/pictures/ilustrasi23.png\" />Terbuat dari campuran apakah kerajinan yang adapada gambar di atas  .... ', 1, NULL);

-- --------------------------------------------------------

--
-- Table structure for table `tbstimulus`
--

CREATE TABLE `tbstimulus` (
  `idstimulus` int(11) NOT NULL,
  `idbank` int(11) NOT NULL,
  `stimulus` text NOT NULL,
  `gambar` text NOT NULL,
  `audio` text NOT NULL,
  `video` text NOT NULL,
  `tglbuat` date NOT NULL DEFAULT current_timestamp()
) ENGINE=InnoDB DEFAULT CHARSET=utf8;

--
-- Dumping data for table `tbstimulus`
--

INSERT INTO `tbstimulus` (`idstimulus`, `idbank`, `stimulus`, `gambar`, `audio`, `video`, `tglbuat`) VALUES
(1, 1, '<em><strong>Bacalah teks di bawah ini dengan seksama!</strong></em>\r\n<h5 style=\"text-align: center; font-weight: bold; margin-top: 10px; margin-bottom: 2px;\">QADA DAN QADAR SERTA KAITANNYA DENGAN PANDEMI COVID-19</h5>\r\n<h6 style=\"text-align: center; font-weight: regular; margin-bottom: 10px;\">Author : Pimpinan Pusat Muhammadiyah | Kamis, 02 Juli 2020 13:45 WIB</h6>\r\n<p>MUHAMMADIYAH.ID, YOGYAKARTA -&nbsp;Iman kepada Qada dan Qadar berarti percaya serta meyakini sepenuh hati bahwa Allah SWT memiliki kehendak, ketetapan, keputusan atas semua makhluk-Nya.&nbsp;Pembahasan tentang Qada dan Qadar bagaikan menyelami lautan yang tak bertepi, permasalahan tentang takdir ini telah menjadi pembahasan sejak zaman klasik hingga kontemporer. Demikian tuturan Ali Yusuf dalam Pengajian Tarjih edisi ke-90 pada Rabu (1/7) dengan tema Qada dan Qadar dan Kaitannya dengan Pandemi Covid-19.</p>\r\n<p>&nbsp;&ldquo;Dalam Himpunan Putusan Tarjih yang terdapat dalam Jilid I bab&nbsp;<em>al-Imanu bi al-Qadai wa al-Qadari</em>&nbsp;halaman 21-22, yang berbunyi: wajib bagi kita untuk mengimani bahwasannya Allah telah menciptakan segala sesuatu, Allah melarang dan memerintahkannya, dan segala perintah Allah itu adalah sesuatu yang sudah ditetapkan. Semua yang telah ditentukan Allah itu, berdasarkan pada pengetahuan, kehendak, dan hikmah Allah,&rdquo; kata Ali.</p>\r\n<p>Ali menerangkan bahwa pengertian Qada berarti ketetapan Allah SWT, sedangkan Qadar berarti ukuran atau ketentuan Allah SWT terhadap segala sesuatu. Ali menegaskan bahwa Pandemi Covid-19 yang terjadi di seluruh dunia ini merupakan bagian dari Qada atau ketetapan Allah karena fenomena ini telah dan sedang terjadi.&nbsp;&nbsp;</p>\r\n<p>&nbsp;&ldquo;Takdir itu tidak akan terlepas dari empat hal: 1)&nbsp;<em>al-&lsquo;ilm</em>; 2)&nbsp;<em>al-kitabah</em>; 3)&nbsp;<em>al-masya</em>; dan 4)&nbsp;<em>al-khalq</em>. Artinya, segala sesuatu yang disebut takdir itu adalah segala perbuatan manusia atau makhluk-Nya berdasarkan ilmu Allah, Allah tahu segala yang terjadi. Kemudian&nbsp;<em>al-kitabah</em>, semua yang terjadi itu telah ada catatannya di Lauhul Mahfudz. Dan tentu, apa-apa yang telah terjadi itu karena&nbsp;<em>masya&nbsp;</em>atau kehendak Allah. Jelas, al-khalq, artinya sesuatu yang diciptakan,&rdquo; terang Ali.</p>\r\n<p>Dengan demikian menurut Ali, kata kunci dari konsep takdir itu adalah atas dasar pengetahuan Allah (<em>al-&lsquo;ilm</em>), catatan di Lauhul Mahfudz (<em>al-kitabah</em>), kehendak dan keinginan Allah (<em>al-masya</em>), dan diciptakan Allah (<em>al-khalq</em>). Ali mengakui bahwa sisi hikmah keberadaan Covid-19 ini mengangkat kembali tema yang telah lama diperbincangkan para ulama klasik.</p>\r\n<p>&ldquo;Fenomena Covid-19 ini banyak memantik diskusi. Sisi positifnya menjadikan kita banyak berdiskusi salah satunya tentang konsep takdir. Covid-19 ini merupakan ujian kesehatan, ekonomi, dan sosial, bahkan yang lebih jauh dari itu adalah ujian keagamaan kita. Cara beragama kita itu teruji dengan adanya pandemi ini,&rdquo; kata Ali.</p>\r\n<p>Setelah itu Ali menerangkan tentang hubungan manusia dengan takdir. Menurutnya, manusia dan takdir terbagi dua macam: 1) manusia sebagai makhluk&nbsp;<em>mukhayyar</em>, yang berarti ketentuan Allah tetapi manusia dapat ikut berperan dalam menentukan nasibnya; dan 2) manusia sebagai makhluk&nbsp;<em>musayyar</em>, yang berarti ketentuan mutlak dari Allah dan manusia tidak dapat merubahnya.</p>\r\n<p>&ldquo;Jadi artinya&nbsp;<em>mukhayyar</em>&nbsp;itu pilihan, manusia memiliki pilihan atau kebebasan untuk menerima atau menolak sesuatu. Contohnya orang pintar dan orang bodoh. Orang bodoh belum tentu itu takdir dari Allah memang bodoh, sementara dirinya tidak belajar bersungguh-sungguh. Karenanya, pintar dan bodoh itu, kategori&nbsp;<em>mukhayyar</em>. Ingin pilih pintar, ya belajar,&rdquo; kata Ali.</p>\r\n<p>Ali menegaskan bahwa ikhtiar manusia sering diidentikkan dengan bentuk usaha yang dilakukan seseorang dalam rangka mencapai apa yang diinginkannya. Pemisalan ini kemudian dikontektualisasikan dengan kondisi pandemi corona. Menurut Ali, Covid-19 merupakan takdir dalam kategori&nbsp;<em>mukhayyar</em>&nbsp;sehingga kalau ingin mencari takdir yang baik, maka syariatnya di samping berdoa kepada Allah, juga berusaha untuk tetap mengikuti protokol kesehatan.</p>\r\n<p>&ldquo;Karenanya fatwa-fatwa yang dikeluarkan sejak Covid-19 ini banyak menganjurkan ibadahnya di rumah. Tentu pengambilan putusan bahwa ibadah di rumah itu juga salah satu dari ikut andilnya dalam menentukan takdir ini. Inilah yang disebut dengan manusia sebagai mukhayyar, yang berarti bahwa Covid-19 memang ketentuan dari Allah tetapi harus diiringi dengan usaha manusia,&rdquo; ujarnya.</p>\r\n<br /><em>(Sumber: http://www.umm.ac.id/id/muhammadiyah/19320.html)</em>', '', '', '', '2022-04-06'),
(2, 1, '<em><strong>Pilihlah salah satu jawaban yang paling benar!</strong></em> <br />Setiap muslim hendaklah menyadari bahwa segala hal yang terjadi di dunia ini tidaklah terjadi secara kebetulan, adapun dari segala peristiwa yang terjadi jika itu menyenangkan maka hendaklah selalu bersyukur dan jika tidak menyenangkan maka hendaklah senantiasa bersabar. Hal ini terjadi karena kita semua terikat dengan adanya qada dan qadar dari Allah.', '', '', '', '2022-04-06'),
(3, 1, '<em><strong>Pilihlah salah satu jawaban yang paling benar!</strong></em> <br />Berkaitan dengan iman kepada qada dan qadar, sudah ditentukan takdir manusia sejak sebelum dilahirkan, tetapi manusia juga berkewajiban untuk berusaha karena keberhasilan tidak datang dengan sendirinya.', '', '', '', '2022-04-06'),
(4, 1, '<strong><em>Perhatikan pernyataan di bawah ini!</em></strong><br /> (1). Hari kelahiran<br />(2). Kaya dan miskin<br />(3). Hari kiamat<br />(4). Pandai dan bodoh', '', '', '', '2022-04-06'),
(5, 1, '<em><strong>Perhatikan Ilustrasi sikap berikut ini!</strong></em><br />1. Bunga kelas 9 A, menjawab pertanyaan Wali Kelasnya sambil membelakangi<br />2. Rudi kelas 9 B, mengucapkan kata \"Permisi\" ketika melawati salah seorang gurunya<br />3. Taufiq kelas 9 A, makan dan minum sambil duduk di kantin<br />4. Firman kelas 9 B, meneriaki temannya yang sedang belajar di indorr dari kelasnya<br />5. Rifki kelas 9A, duduk di teras kelasnya sambil mengangkat kakinya', '', '', '', '2022-04-06'),
(6, 1, '<strong><em>Perhatikan hadis berikut ini!</em></strong>', '624d4ca430c13.png', '', '', '2022-04-06'),
(7, 1, '<em><strong>Perhatikan pernyataan berikut ini!</strong></em><br />1. Mengucapkan salam jika bertemu guru<br />2. Datang tepat waktu <br />3. Berkata lemah lembut terhadap orang tua<br />4. Menghadiri undangan teman<br />5. Tersenyum bila bertemu teman', '', '', '', '2022-04-06'),
(8, 1, '<em><strong>Perhatikan pernyataan di bawah ini!</strong></em><br />1. Hewan kurban harus diperlakukan baik<br />2. Alat menyembelih harus tajam<br />3. Menguliti hewan semebelihan sebelum mati<br />4. Menyembelih dengan menyebut asma Allah.', '', '', '', '2022-04-06'),
(9, 1, '<em><strong>Pilihlah salah satu jawaban yang paling benar!</strong></em> <br />Seseorang yang menyembelih hewan hingga memenggal kepala hewan tersebut. Menurutnya, hal itu akan meringankan proses selanjutnya.', '', '', '', '2022-04-06'),
(10, 1, '<em><strong>Perhatikan pernyataan berikut!</strong></em><br />1. Membaringkan hewan ke rusuk kiri dan menghadap kiblat<br />2. Membaca bismillah dan niat karena Allah<br />3. Memotong salah satu anggota tubuh hewan<br />4. Memotong urat nadi dan kerongkongan hewan<br />5. Memukuli binatang sampai mati<br />6. Membiarkan darah segar mengalir dari urat nadi leher yang putus<br />7. Memutuskan leher hewan', '', '', '', '2022-04-06'),
(11, 1, '<strong><em>Perhatikan ilustrasi berikut!</em></strong><br />Pak Ahmad memesan seekor sapi dari sentra penjualan hewan kurban pada tanggal 13 Dzulhijjah.ditengah perjalanan, tiba-tiba jembatan yang menjadi satu-satunya penghubung ke daerahnya putus, sehingga sapi baru sampai ke rumahnya pada tanggal 14 Dzulhijjah. Pak Ahmad melaksanakan penyembelihan hewan kurban pada tanggal 14 Dzulhijjah.', '', '', '', '2022-04-06'),
(12, 1, '<strong><em>Perhatikan data berikut!</em></strong><br />1) Masih hidup<br />2) Bertaring<br />3) Halal dimakan<br />4) Sehat', '', '', '', '2022-04-06'),
(13, 1, '<em><strong>Perhatikan pernyataan berikut!</strong></em><br />1) Menajamkan pisau<br />2) Menghadapkan hewan ke kiblat<br />3) Memakai baju putih<br />4) Hewan yang disembelih harus halal', '', '', '', '2022-04-06'),
(14, 1, '<em><strong>Perhatikan ayat berikut!</strong></em>', '624d863a8f97a.png', '', '', '2022-04-06'),
(15, 1, '<em><strong>Pilihlah salah satu jawaban yang paling benar!</strong></em> <br />Penyembelihan hewan kurban bisa dilaksanakan pada hari raya Idul Adha dan hari tasyrik.', '', '', '', '2022-04-06'),
(16, 1, '<em><strong>Pilihlah salah satu jawaban yang paling benar!</strong></em>', '', '', '', '2022-04-06'),
(17, 1, '<em><strong>Pilihlah salah satu jawaban yang paling benar!</strong></em> <br />Pak Abdullah memiliki seekor kambing yang akan dijadikan sebagai hewan qurban, namun kambing yang akan disembelih kakinya pincang.', '', '', '', '2022-04-07'),
(18, 1, '<em><strong>Perhatikan ilustrasi berikut!</strong></em><br />Iwan siswa kelas VIII SMP Pelepat. Setiap pulang sekolah dia memiliki kegiatan rutin, yaitu menyabit rumput ke kebun, ladang, atau sawah untuk memberi makan kambing kesayangannya. Pada saat hari raya Idul Adha kambing kesayangannya disembelih untuk dikurbankan.', '', '', '', '2022-04-07'),
(19, 1, '<em><strong>Pilihlah salah satu jawaban yang paling benar!</strong></em>', '', '', '', '2022-04-07'),
(20, 1, '<strong><em>Perhatikan ayat berikut ini!</em></strong><br /> <img src=\"/pictures/Screenshot_31.png\" /><br /><em>\"Sesungguhnya Allah tidak merobah Keadaan sesuatu kaum sehingga mereka merobah keadaan yang ada pada diri mereka sendiri\".</em>', '', '', '', '2022-04-07'),
(21, 1, '<em><strong>Perhatikan kutipan berita berikut</strong></em>!<br />Kabut asap akibat kebakaran hutan dan lahan di beberapa wilayah Provinsi Jambi berimbas pada kesehatan warga. Berdasarkan data Kementerian Kesehatan RI per Senin, 16 September 2019 sudah ada 16.372 orang terkena Infeksi Saluran Pernafasan Atas (ISPA).<br /> (www.liputan6.com, 17 September 2019).', '', '', '', '2022-04-07'),
(22, 1, '<em><strong>Pilihlah salah satu jawaban yang paling benar!</strong></em>', '', '', '', '2022-04-08'),
(23, 2, '<em><strong>Pilihlah salah satu jawaban yang paling benar!</strong></em>', '', '', '', '2022-04-08'),
(25, 2, '<em><strong>Pilihlah salah satu jawaban yang paling benar!</strong></em>', '', '', '', '2022-04-08'),
(26, 2, '<em><strong>Pilihlah salah satu jawaban yang paling benar!</strong></em>', '', '', '', '2022-04-08'),
(27, 3, '<em><strong>Pilihlah jawaban yang paling tepat!</strong></em><br />Berikut ini adalah salah satu cara membuat magnet!<br /> <img src=\"/pictures/ilustrasi1.png\" />', '', '', '', '2022-04-09'),
(28, 3, '<em><strong>Pilihlah jawaban yang paling tepat!</strong></em>', '', '', '', '2022-04-09'),
(29, 3, '<em><strong>Pilihlah salah satu jawaban yang paling tepat!</strong></em><br /> Seorang siswa melakukan investigasi untuk menguji kekuatan magnet. Siswa tersebut memiliki beberapa magnet dengan ukuran, bentuk dan massa yang berbeda. Dia menggunakan magnet untuk mengangkat klip logam.', '', '', '', '2022-04-09'),
(30, 3, '<em><strong>Pilihlah salah satu jawaban yang paling tepat!</strong></em><br /> Hewan yang mampu merasakan medan magnet bumi untuk memandu migrasi yang dilakukan dari lepas pantai Florida menuju lautan lepas yang lebih hangat dan tenang disetiap akhir musim gugur.', '', '', '', '2022-04-09'),
(31, 3, '<em><strong>Perhatikan gambar trafo berikut!</strong></em><br /> <img src=\"/pictures/ilustrasi2.png\" />', '', '', '', '2022-04-09'),
(32, 3, '<em><strong>Isikan hasil akhirnya saja!</strong></em><br />Suatu transformator pada kumparan primernya terdiri dari 1000 lilitan, sedangkan pada kumparan sekundernya terdiri dari 600 lilitan. Pada kumparan primer dialiri arus 3 ampere dan pada kumparan sekunder dihubungkan ke alat listrik dengan hambatan 4 .', '', '', '', '2022-04-09'),
(33, 3, '<em><strong>Bacalah teks berikut ini dengan seksama!</strong></em><br />\r\n<h5 style=\"text-align: center;\"><strong>BIOTEKNOLOGI DALAM PEMBUATAN TAPAI</strong></h5>\r\n<p>Pernahkah kamu mendengar istilah bioteknologi? Tapai merupakan produk makanan yang pada proses pembuatannya memanfaatkan bioteknologi. Tapai adalah bahan makanan hasil fermentasi dari singkong atau ketan. Ragi sangat diperlukan dalam proses fermentasi. Tahukah kamu, mikroorganisme yang terdapat pada ragi tapai? Terdapat 3 mikroorganisme yang dapat ditemukan, yaitu <em>Aspergillus</em>, <em>Saccharomyces cerevisiae</em>, dan A<em>cetobacter acetii</em>.</p>\r\nMikroorganisme yang terdapat pada tapai biasanya memiliki pekerjaan yang saling sinergis, artinya mikroorganisme tersebut akan bekerja saling bergantian untuk mengubah bahan baku dari singkong atau beras ketan menjadi tapai. Adapun proses dalam pembuatan tapai dapat digambarkan seperti bagan di bawah ini.<br /><span style=\"text-align: center;\"><img src=\"/pictures/ilustrasi3.png\" /></span>\r\n<p>Selama pembuatan tape terjadi fermentasi amilum menjadi glukosa yang dibantu oleh <em>Aspergillus sp</em>, sedangkan untuk mengubah glukosa menjadi produk baru yaitu alkohol dibantu oleh kapang <em>Saccharomyces cerevisiae</em>, untuk merubah alkohol menjadi asam cuka maka proses tersebut dikendalikan oleh <em>Acetobater acetii</em>.</p>', '', '', '', '2022-04-09'),
(34, 3, '<em><strong>Pilihlah salah satu jawaban yang paling tepat!</strong></em>', '', '', '', '2022-04-09'),
(35, 3, '<em><strong>Pilihlah salah satu jawaban yang paling tepat!<br /></strong></em><br />Gambar berikut merupakan salah satu produk bioteknologi di bidang pertanian!', '6250eac24162b.png', '', '', '2022-04-09'),
(36, 3, '<em><strong>Pilihlah salah satu jawaban yang paling benar!</strong></em>', '', '', '', '2022-04-09'),
(37, 3, '<em><strong>Pilihlah salah satu jawaban yang paling tepat!</strong></em><br />Perhatikan gambar berikut!', '6250ec811c914.jpg', '', '', '2022-04-09'),
(38, 3, '<em><strong>Bacalah teks di bawah ini dengan seksama!<br /></strong></em>\r\n<h5 style=\"text-align: center; font-size: 12pt;\"><strong>Partikel Penyusun Benda Dan Makhluk Hidup</strong></h5>\r\n1. Molekul dalam Benda Mati dan Makhluk Hidup\r\n<p>Di alam ini terjadi proses pembentukan zat seperti fotosintesis dan proses penguraian zat seperti pembusukan daun. Zat di alam tersusun atas materi sangat kecil yang disebut atom. Fotosintesis terjadi dalam organel yaitu kloroplas. Kloroplas terdiri dari molekul klorofil yang memiliki struktur sebagai berikut : Klorofil merupakan senyawa yang tersusun atas beberapa atom diantaranya karbon (C), hidrogen (H), oksigen (O), Nitrogen (N) dan Magnesium (Mg). Glukosa mempunyai atom-atom penyusun yaitu hidrogen, oksigen dan karbon.</p>\r\n<p>Glukosa (C<sub>6</sub>H<sub>12</sub>O<sub>6</sub>) yang terbentuk hasil fotosintesis berbentuk padat dan rasanya manis sebagai sumber energi pada tubuh makhluk hidup. Proses fotosintesis merupakan proses yang membantu udara dialam ini pada siang hari menjadi bersih, karena tumbuhan menyerap udara kotor, sehingga manusia dan hewan dapat menghirup oksigen yang dilepaskan dari proses fotosintesis.</p>\r\n<br />2. Atom dan Partikel Penyusunnya<br />\r\n<p>Atom adalah unit terkecil dari suatu materi. Atom terdiri atas sub atom yaitu elektron, neutron dan proton. Neutron dan proton membentuk inti atom (nukleus). Elektron bermuatan negatif, proton bermuatan positif dan neutron tidak bermuatan.</p>\r\n<p>Pada atom atau senyawa netral, jumlah proton dan elektron adalah sama. Setiap partikel penyusun subatom mempunyai massa. Elektron mempunyai massa sangat kecil dibanding proton dan neutron, sehingga massa atom berpusat pada inti atom saja. Contoh senyawa netral adalah senyawa garam yang disusun oleh Na+ dan Cl-, membentuk senyawa garam (NaCl).</p>\r\n<p>Perhatikan gambar salah satu alat atau benda yang yang disusun oleh atom adalah kabel, yang bemanfaat bagi kehidupan.</p>\r\n<p><img src=\"/pictures/ilustrasi6.jpg\" /></p>', '', '', '', '2022-04-09'),
(39, 3, '<em><strong>Pilihlah jawaban yang paling benar!</strong></em>', '', '', '', '2022-04-09'),
(40, 3, '<strong><em>Bacalah teks di bawah ini dengan seksama!</em></strong>\r\n<p>Bakteri yang bersimbiosis dengan akar tanaman kacang-kacangan, dan mampu mengikat nitrogen dari atmosfer yang sangat dibutuhkan keberadaannya dalam tanah untuk pertumbuhan tanaman. Bakteri ini juga sangat berperan untuk mengembalikan kesuburan tanah, sehingga para petani sering melakukan pergiliran jenis tanaman lain dengan tanaman kacang-kacangan pada lahan pertanian. Dengan demikian terjadi pengembalian kesuburan tanah secara biologis, untuk mengurangi biaya pembelian pupuk sintetis serta mengurangi dampak negatif dari penggunaan pupuk sintetis pada lahan pertanian. Perhatikan gambar!</p>\r\n<img src=\"/pictures/ilustrasi9.jpg\" />', '', '', '', '2022-04-09'),
(41, 4, '<em><strong>Pilihlah salah satu jawaban yang benar!</strong></em>', '', '', '', '2022-04-09'),
(43, 4, '<em><strong>Pilihlah jawaban yang paling benar!</strong></em><br/>\r\nFarell memiliki kebutuhan air setiap hari sebesar 2.659 ml. Farell memiliki gelas sendiri yang berbentuk sebagai berikut!<img src=\"/pictures/ilustrasi140.png\" />Perhatikan dua pola minum berikut!<img src=\"/pictures/ilustrasi14.png\" />', '', '', '', '2022-04-09'),
(44, 4, '<h5 style=\"text-align: center; font-weight: bold;\">SELAMATKAN AIR KITA</h5>\r\n<p>Penggunaan air yang berlebihan dalam kegiatan rumah tangga sehari-hari merupakan salah satu factor yang dapat menyebabkan terjadinya krisis air bersih di Indonesia pada tahun 2025. Sedangkan kegiatan mencuci pakaian adalah pemakaian air terbesar kedua setelah untuk keperluan mandi.</p>\r\n<p><img src=\"/pictures/ilustrasi15.png\" /></p>\r\n<p>Rata-rata konsumsi air tiap orang untuk keperluan mandi dan mencuci setiap hari adalah 60 liter. Ukuran gayung yang dipakai untuk mandi umumnya berbentuk tabung dengan diameter 12 cm dan tinggi 13, 5 cm.</p>', '', '', '', '2022-04-09'),
(45, 4, '<em><strong>Isikan hasil akhirnya saja!</strong></em>', '', '', '', '2022-04-09'),
(46, 4, '<em><strong>Pilihlah salah satu jawaban yang paling benar!</strong></em>', '', '', '', '2022-04-09'),
(47, 5, '<em><strong>Read the text carefully!</strong></em><br />\r\n<p>Once, there live a hen called Blue Feather because the colour of her feather is blue. One day, the fox caught the blue feather and put into a sack. he intended to bring the hen home and cooked it for dinner.</p>\r\n<p>Suddenly, he saw a dove lying on the ground. The fox was delighted to find a dove, he thought of having a lot of food for dinner. He did not know that the dove was a friend of the blue feather. The dove know that the fox had caught the blue feather. &nbsp;He wanted to help the blue feather by pretending to have a broken wing and lying on the ground for the fox catch.</p>\r\n<p>The fox left the hen in the sack trying to catch the dove. As the fox got closer, the dove install flew away leaving the fox. Meanwhile the fox was busy trying to catch the dove, hen released herself from the sack and ran away as fast as possible. &nbsp;The fox was not able to catch the dove so he decided to stop chasing. &nbsp;But when the fox come back, how shocked he was to find the blue feather had already gone. Finally the fox realized that he had nothing for dinner.</p>', '', '', '', '2022-04-09'),
(48, 5, '<em><strong>Choose the one most correct answer!</strong></em>', '', '', '', '2022-04-09'),
(49, 5, '<em><strong>Read the text carefully!</strong></em>\r\n<h5 style=\"text-align: center; font-weight: bold;\">Cinderella</h5>\r\n<p>Once upon a time in a village, there lived a beautiful girl named Cinderella with her wicked stepmother and two step sisters. She worked hard all day.</p>\r\n<p>They all went to a ball in the palace, leaving Cinderella behind. Cinderella was feeling sad. Suddenly there was a burst of light, and the fairy godmother appeared. With a flick of the magic she turned Cinderella into a beautiful with glass slippers and a horse carriage appeared at the door. The fairy godmother warned Cinderella to Return before Midnight.</p>\r\n<p>Cinderella arrived at the ball, the prince saw her. They danced together in the night. As the clock struck twelve, Cinderella rushed out to her carriage leaving one of her slippers behind.</p>\r\n<p>The prince went to every house in the town with her slippers until he found Cinderella. The prince and Cinderella lived happily ever after.</p>', '', '', '', '2022-04-09'),
(50, 5, '<em><strong>Read the text carefully!</strong></em><br /><img src=\"/pictures/ilustrasi16.png\" />', '', '', '', '2022-04-09'),
(51, 5, '<em><strong>Read the text carefully!</strong></em>', '62518eb3784a2.png', '', '', '2022-04-09'),
(52, 5, '<em><strong>Read the text carefully!</strong></em><br />\r\n<p>Once upon a time there lived a little girl named Snow White. She lived with her aunt and uncle because her parents were dead. One day she heard her uncle and aunt talking about leaving Snow White in the castle because they both wanted to go to America and they didn&rsquo;t have enough money to take Snow White. Snow White didn&rsquo;t want her uncle and aunt to do that so she decided that it would be best if she ran away. The next morning she ran away into the woods. She was very tired and hungry. Then she saw a little cottage. She knocked but no one answered so she went inside and fell asleep. Meanwhile, the seven dwarfs were coming home from work. There they found Snow White sleeping. Then Snow White woke up. She saw the dwarfs. The dwarfs said, &ldquo;What is your name?&rdquo; Snow White said, &ldquo;My name is Snow White&rdquo; then, Snow White told the dwarfs the whole story. The dwarfs said, &ldquo;If you want, you may live here with us&rdquo; Snow White answered, &ldquo;Oh, could I? Thank you&rdquo; Finally, Snow White and the seven dwarfs lived happily ever after.</p>', '', '', '', '2022-04-09'),
(53, 5, '<em><strong>Read the text carefully!</strong></em>', '6252493fdf2b5.png', '', '', '2022-04-10'),
(54, 5, '<em><strong>Read the text carefully!</strong></em>', '62524a3d9ee00.png', '', '', '2022-04-10'),
(55, 5, '<em><strong>Arrange random sentences into a good paragraph!</strong></em><br />\r\n<ol>\r\n<li>It has three bedrooms, one kitchen, and one bathroom.</li>\r\n<li>That\'s the most comfortable house I ever own.</li>\r\n<li>I live in a small house.</li>\r\n<li>I bought it last year.</li>\r\n</ol>', '', '', '', '2022-04-10'),
(56, 5, '<em><strong>Arrange the jumbled words into a good sentence!</strong></em><br /> delivered &ndash; the &ndash; postman &ndash; yesterday&nbsp;&ndash;&nbsp;the &nbsp;&ndash; letters', '', '', '', '2022-04-10'),
(57, 10, '<em><strong>Pilihlah jawaban yang paling benar!</strong></em>', '', '', '', '2022-04-10'),
(58, 10, '<em><strong>Bacalah kutipan teks berikut!</strong></em><br />\r\n<p>Menyapa merupakan salah satu kebiasaan atau kebudayaan di Indonesia. Menyapa adalah sebuah kegiatan menegur antara satu orang dengan orang yang lain atau antara satu kelompok dengan kelompok yang lain. Sayangnya, akhir-akhir ini budaya menyapa sepertinya semakin luntur. Hal ini didasarkan oleh beberapa faktor, misalnya tingkat mobilitas yang tinggi dan menurunnya kepedulian antar masyarakat.</p>', '', '', '', '2022-04-10'),
(59, 10, '<strong><em>Bacalah teks berikut untuk menjawab soal!</em></strong><br />\r\n<p>(1) Kementerian Pendidikan dan Kebudayaan (Kemendikbud) memberikan wewenang kepada pemerintah daerah, sekolah, dan orang tua terkait kegiatan belajar mengajar tatap muka. Bila ketiga pihak tersebut memberi izin, maka siswa dapat kembali masuk ke sekolah dengan mematuhi protokol kesehatan. (2) Keputusan Kemendikbud sudah tepat. Hampir dua semester siswa menerima Pembelajaran Jarak Jauh (PJJ). Pelajaran yang diserap tidak seefektif ketika tatap muka. Banyak gangguan dan ketidaknyamanan terjadi selama PJJ. (3) Bahkan di Kabupaten Gowa, Sulawesi Selatan, ada siswa yang bunuh diri karena beban tugas PJJ. Masing-masing daerah memiliki tingkat penyebaran Covid-19 yang berbeda-beda. Pemerintah daerah bertanggung jawab pada daerahnya masing-masing. (4) Untuk daerah yang sudah masuk zona hijau, memang sebaiknya mengizinkan kegiatan belajar mengajar tatap muka. Selain itu, pihak sekolah dan orang tua juga turut menjaga keamanan siswa selama belajar tatap muka. Kedua pihak ini berperan besar dalam memberi pemahaman dan pengawasan terkait protokol kesehatan para siswa. (5) Meninggalnya siswa di Kabupaten Gowa, Sulawesi Selatan disebabkan karena beban tugas, bukan karena PJJ. Kejadian tersebut harusnya menjadi evaluasi, bagaimana menjalankan PJJ dengan tepat dan seimbang untuk kesehatan mental siswa. Bukan malah serta merta menghentikan PJJ.</p>\r\n<br /> (Kompas.com)', '', '', '', '2022-04-10'),
(60, 10, '<em><strong>Bacalah penggalan teks berikut!</strong></em> <br />\r\n<p>Internet telah banyak menolong manusia dalam segala unsur kehidupan jadi internet memiliki andil penuh dalam kehidupan sosial. Dengan adanya internet, apa pun bisa kita perbuat baik hal positif maupun hal negatif. Sebagai media komunikasi, internet bisa dipakai untuk berkomunikasi dengan pemakai lainnya di semua dunia. Keberadaan internet memberikan fungsi positif bagi dunia informasi, tetapi banyak juga pengaruh negatifnya. Banyak siswa yang memperoleh ilmu dengan bantuan internet. Bahkan, tugas-tugas sekolah pun saat ini terasa lebih mudah dengan mencarinya di internet. Tidak bisa dipungkiri adanya internet memberikan pengaruh terhadap pelajar. Ada pengaruh positif, tetapi ada juga pengaruh negatif internet, bagai valuta dengan dua sisi, bergantung pada bagaimana kita menghadapinya.</p>', '', '', '', '2022-04-10'),
(61, 10, '<strong><em>Bacalah teks berikut untuk menjawab soal! </em></strong><br />\r\n<h5 style=\"text-align: center;\"><strong>FULL DAY SCHOOL<br /></strong></h5>\r\n<p><em>Full day school</em> merupakan suatu rogram yang meminta siswa-siswi mengikuti proses belajar mengajar yang diselenggarakan secara penuh mulai pukul 07.00 sampai dengan 16.00. Sistem ini mengharuskan siswa berada di sekolah selama sehari penuh. Hal ini menimbulkan banyak pro dan kontra dengan diberlakukannya program ini.</p>\r\n<p>Pihak yang mendukung program ini menganggap Full day school sebagai solusi terbaik untuk mengantisipasi dampak buruk era globalisasi. Full day school dianggap dapat memberikan pelajaran, pembiasaan yang baik, pendidikan, pelatihan yang cukup agar siswa dapat mencapai dan memenuhi program jaminan mutu sekolah. Program ini pun membantu guru-guru untuk lolos sertifikasi guru dengan mengajar 24 jam perminggu.</p>\r\n<p>Sementara bagi pihak yang tidak setuju atau kontra berpendapat bahwa tingkat konsentrasi anak berbeda-beda. Siswa juga butuh istirahat yang cukup agar konsentrasinya tetap terjaga secara maksimal untuk mampu mencerna pelajaran yang diberikan. Selain itu, <em>Full day school</em> memangkas waktu yang panjang dan hal ini akan menyulitkan siswa untuk melakukan kegiatan di luar sesuai minat masing-masing</p>\r\n<p><em>Full day school</em> ingin berjalan lancar tergantung pada sarana dan prasarana yang disediakan sekolah. Jika prasarana memadai dan kegiatan sekolah dibuat menarik, <em>Full day school</em> akan berjalan menyenangkan. Sebaliknya, jika prasarana sekolah buruk atau kurang memadai, kegiatan akan membosankan. Jadi, seimbangkan kegiatan ini dengan sarana prasarana yang memadai serta keiatan yang menyenangkan dan menarik.</p>', '', '', '', '2022-04-10'),
(62, 10, '<strong>Bacalah teks berikut untuk menjawab soal!</strong><br />\r\n<p>Internet telah menjadi fenomena di masa sekarang. Hal ini dikarenakan internet mampu melakukan apa saja termasuk mengirim pesan, video, gambar, dan lain-lain. Selain itu, hamper semua informasi yang kita cari dapat dengan mudah ditemukan di internet. Dengan semakin banyaknya orang Indonesia yang menggunakan internet, tentunya dapat menimbulkan berbagai dampak bagi penggunanya, baik dampak positif maupun negatif. Pada akhirnya, hal ini dapat menimbulkan pro dan kontra.</p>', '', '', '', '2022-04-10'),
(63, 10, '<em><strong>Bacalah teks berikut untuk menjawab soal!</strong></em><br />\r\n<p>Ketika wabah corona (COVID-19) merajalela, hanya ada dua pilihan untuk membendungnya, yaitu menutup wilayah yang terjangkit wabah (<em>lockdown</em>) atau mengurangi interaksi antarpenduduk negeri (<em>social distancing</em>). Indonesia perlu belajar cepat dari pengalaman Negara lain yang telah menerapkan kedua starategi perang melawan COVID-19.</p>', '', '', '', '2022-04-10'),
(64, 10, '<em><strong>Bacalah kutipan cerita berikut untuk menjawab soal!</strong></em>\r\n<p>Terdapat sebuah kerajaan yang aman, adil, makmur, dan sentosa karena dipimpin oleh raja yang bijaksana. Sang Raja sudah memimpin kerajaan sejak usia muda hingga di masa tua belum digantikan oleh siapapun. Rakyatnya tak pernah keberatan karena sang Raja memerintah kerajaan dengan adil.</p>', '', '', '', '2022-04-10'),
(65, 10, '<em><strong>Pilihlah jawaban yang paling benar!</strong></em>', '', '', '', '2022-04-10'),
(66, 10, '<em><strong>Bacalah teks berikut untuk menjawab soal!</strong></em>\r\n<p>Aku hidup dari keluarga tak mampu dengan rumah yang sempit dan kurang sehat. Lingkungan rumahku termasuk lingkungan yang kotor. Hal itu ditunjukkan dengan banyaknya sampah yang bertebaran. Suatu hari badanku panas dan keluar bintik merah. Ibu membawaku ke dokter, hasilnya aku positif terkena demam berdarah. Selama di rumah sakit aku betul-betul tersiksa. Tanganku diinfus, disuntik setiap hari, dan harus rutin meminum obat. Setelah pulang dari rumah sakit, aku sadar kita harus menerapkan hidup sehat. Lebih baik mencegah daripada mengobati.</p>', '', '', '', '2022-04-10'),
(67, 10, '<strong><em>Cermatilah paragraph yang dirumpangkan berikut!</em></strong>\r\n<p>Betapa pilu hati Indira mendapat berita jika suaminya (&hellip;.) saat berperang, ditambah lagi dengan usaha budidaya anggreknya yang merugi karena bibit anggreknya banyak yang (&hellip;.) karena diserang hama.</p>', '', '', '', '2022-04-10'),
(68, 10, '<em><strong>Bacalah kutipan teks berikut!</strong></em>\r\n<p>Hadirin yang berbahagia, <em>handphone</em> merupakan alat komunikasi yang sangat penting. Akan tetapi, apabila dipergunakan secara tidak tepat mengakibatkan hal yang tidak baik, untuk itu &hellip;.</p>', '', '', '', '2022-04-10'),
(69, 10, '<strong>Perhatikan kalimat acak berikut!</strong><br />(1) Pengalaman pertama yang membuat kami semakin bersyukur kepada Tuhan.<br />(2) Esok paginya, setelah puas kamipun turun gunung dengan rasa syukur.<br />(3) Malam tahun baru di puncak gunung, pengalaman pertama kami.<br />(4) Pendakian itu kami lakukan menjelang malam tahun baru.<br />(5) Perjalanan mendaki Gunung Mahameru sangat menakjubkan.', '', '', '', '2022-04-11'),
(70, 10, '<em><strong>Bacalah paragraf berikut!</strong></em>\r\n<p>COVID-19 merupakan pandemi yang penularannya sangat cepat. Hal inilah yang menjadikan pemerintah mengeluarkan peraturan-peraturan untuk mencegah penyebaran wabah tersebut. Berbagai lapisan masyarakatpun melaksanakan aturan-aturan sebagai wujud kesadaran diri tehadap peran masing-msing individu dalam mengurangi tingkat penyebaran virus. Sebaliknya, ada beberapa individu yang masih belum melaksanakan aturau-aturan yang dibuat oleh pemerintah. Hal ini didasari kurangnya tingkat kesadaran terhadap bahaya pandemik COVID-19.</p>', '', '', '', '2022-04-11'),
(71, 10, '<em><strong>Bacalah paragraf berikut!</strong></em>\r\n<p>Jepang merupakan Negara kepulauan yang cukup padat dengan penduduk lebih dari seratus juta jiwa. Sebagai Negara makmur, masyarakat Jepang mengalami perubahan pola pangan, yaitu menggeser beras sebagai sumber kalori. Sumber kalori beras digantikan oleh produk ternak, terigu, dan ikan. Hal ini menunjukkan bahwa peran beras sebagai pangan pokok sedikit demi sedikit mulai tergantikan. Saat ini, tinggal 30 % masyarakat Jepang yang mengonsumsi beras sebagai makanan pokok mereka.</p>', '', '', '', '2022-04-11'),
(72, 10, '<strong>Bacalah teks berikut untuk menjawab soal!</strong><br />\r\n<h5 style=\"text-align: center; font-weight: bold;\">Jenderal Sudirman</h5>\r\n<img id=\"zoom\" class=\"img img-fluid  float-left mx-auto d-block pt-2 pr-3\" src=\"/pictures/ilustrasi20.jpg\" />\r\n<p>Jenderal Sudirman adalah seorang perwira tinggi Indonesia pada masa Revolusi Nasional Indonesia. Beliau lahir tanggal 24 Januari 1916 di Purbalingga. Sudirman adalah seorang siswa yang rajin dan sangat aktif dalam kegiatan ekstra kurikuler terutama program kepanduan (pramuka) yang dijalankan oleh organisasi Muhammadiyah. Beliau sangat dihormati oleh masyarakat karena ketaatannya pada ajaran Islam. Pada tahun 1936, ia menjadi guru kemudian menjadi kepala sekolah di sekolah dasar Muhammadiyah. Tahun 1944, Sudirman bergabung dengan tentara peta (Pembela Tanah Air) yang dibentuk oleh Jepang. Ia menjabat sebagai Batalion di Banyumas. Karena melakukan pemberontakan bersama prajurit lainnya, ia kemudian diasingkan ke Bogor. Setelah Indonesia memproklamirkan kemerdekaannya, beliau terpilih menjadi panglima besar, tepatnya pada tanggal 12 November 1945. Dalam keadaan sakit pun beliau tetap memimpin perang gerilya melawan Belanda yang ingin menguasai kembali Indonesia. Pada tanggal 29 Januari 1950, pada usia 34 tahun, beliau wafat kurang lebih satu bulan setelah Belanda mengakui kemerdekaan Indonesia.&nbsp;Jenazah Sudirman disemayamkan di Masjid Gedhe Kauman pada sore hari. Jenazah Sudirman kemudian dibawa ke Taman Makam Pahlawan Semaki, Yogyakarta.&nbsp;Jenderal Sudirman sosok panutan untuk pemimpin sekarang.</p>', '', '', '', '2022-04-11'),
(73, 10, '<em><strong>Pilihlah jawaban yang paling benar!</strong></em>', '', '', '', '2022-04-11'),
(74, 10, '<em><strong>Bacalah teks berikut untuk menjawab soal!</strong></em><br />\r\n<h5 style=\"text-align: center; font-weight: bold;\">Hijau Kampungku di Tengah Kota: Aku dan Belimbing Wuluh</h5>\r\n<p>&ldquo;Aku tadi menawarkan bibit pohon belimbing kepada beberapa tetangga. Kalau mereka ikut menanam pohon, jalan kampung ini akan menjadi lebih teduh. Tidak seperti sekarang, ada bagian yang teduh, ada bagian yang panas,&rdquo; keluhku. &ldquo;Ada yang beralasan, air sedang susah didapat. Ada yang berkata, <em>Nanti, ya, tunggu musim hujan datang lagi.&nbsp;</em>Aku kecewa, Yah.&rdquo;</p>\r\n<p>&ldquo;Hmm... Mereka tidak ingin menggunakan air terlalu banyak. Saat ini, memang sebaiknya kita hemat air,&rdquo; kata Ayah. Tentu saja, aku semakin merengut. Kalau air tetap sukar didapat, tidak ada orang yang mau menanam pohon belimbing wuluh itu.</p>\r\n<p>Tapi, jangan khawatir. Masalah air untuk menyiram tanaman sebentar lagi akan terbantu oleh proyek Pak RT,&rdquo; kata Ayah. &ldquo;Kampung kita akan punya Pandora L.&rdquo;</p>\r\n<p>&ldquo;Pandora L? Apa itu, Yah?&rdquo;</p>\r\n<p>&ldquo;Ini maket dari pengolahan limbah yang baru saja selesai dibangun di kampung kita. Bangunan ini ada di dalam tanah dan berguna untuk mengolah limbah rumah tangga saja, seperti air cucian,&rdquo; kata Ayah.</p>\r\n<p>Air hasil pengolahan dari Pandora L digunakan untuk kegiatan menyiram tanaman dan mencuci kendaraan. Pemasangan Pandora L terletak di Kampung Genteng Candirejo di tengah kota Surabaya, ibu kota Provinsi Jawa Timur.</p>\r\n<br />(Diadaptasi dari Hijau Kampungku di Tengah Kota: Aku dan Belimbing Wuluh karya Tyas KW)', '', '', '', '2022-04-11'),
(75, 10, '<strong>Bacalah kutipan teks berikut ini!</strong><br />\r\n<p>Saat jam pulang tiba, Julia bergegas merapikan alat tulisnya. Kali ini, ia tidak berhalo-halo dengan teman-temannya. Ia harus segera meninggalkan lingkungan sekolah. Setibanya di kamar rumah sakit, Mas Riko sedang menangis. Jelas Julia kaget. Apalagi ibunya yang sudah seminggu terbaring tak ada di sana. &ldquo;Kak, kenapa menangis?&rdquo; Julia merengkuh bahu kakaknya. &ldquo;Mama, Julia .. Mama telah tiada!&rdquo; sahut Riko dalam isak tangisnya.</p>', '', '', '', '2022-04-11'),
(76, 10, '<em><strong>Bacalah kutipan teks tanggapan berikut!</strong></em>\r\n<p>Saudara-saudara, mungkin semua sudah mengetahui bahwa merokok dapat sangat membahayakan kesehatan, terutama pada usia muda. Oleh karena itu kita generasi muda harus menyadari perbuatan yang merugikan itu. Kita tidak perlu gengsi kalau tidak merokok. Bagaimana sekiranya kita generasi muda mengadakan sanksi, kalau di antaranya kita yang merokok? Hal ini pasti ada manfaatnya bagi generasi kita.</p>', '', '', '', '2022-04-11'),
(77, 10, '<em><strong>Bacalah kutipan teks berikut!</strong></em><br />\r\n<p>\"Bu..., aku memberi sedekah kepadanya sebanyak itu. Saat menerimanya, ia berucap syukur berkali-kali seraya bersyukur kepada Tuhan. Tidak itu saja, ia mendoakan aku, mendoakan dirimu, anak-anak dan keluarga kita. Panjaaaaang sekali ia berdoa!\"</p>', '', '', '', '2022-04-11'),
(78, 10, '<em><strong>Bacalah paragraf berikut!</strong></em>\r\n<p>Pemimpin adalah sosok yang menjadi panutan. Dia akan menentukan merah hitamnya wilayah yang dipimpinnya. Oleh karena itu, pemimpin yang baik sangat diperlukan. Seorang pemimpin yang baik ditandai oleh dimilikinya jiwa kepemimpinan. Jiwa itu diwujudkan dalam sikap bijaksana, jujur, mengayomi, rela berkorban, dan tanpa pamrih.</p>', '', '', '', '2022-04-11'),
(79, 10, '<em><strong>Bacalah paragraf berikut!</strong></em><br />\r\n<p>Aku meneguk air melepas dahaga. Matahari dengan gagahnya tepat di atas kepala. Sinarnya begitu silau, menerobos daun-daun kelapa sawit. Adik-adikku asyik bermain orang-orangan di bawah pohon beralaskan pelepah sawit. Ku pandang sekeliling kebun yang ditumbuhi pohon kelapa sawit itu, ah... seandainya Bapak memiliki satu hektar saja. Mungkin segalanya menjadi lebih mudah. Lalu ku lihat Bapak yang kesulitan menurunkan buah. Peluh sudah membasahi tubuhnya yang mulai <em>ringkih</em> termakan usia. Ibu sesekali memijit-mijit pinggangnya karena terlalu lama membungkuk.<br /><em>(Dikutip dari cerpen Menakar Mimpi karya Lira Salfana Nainggolan)</em></p>', '', '', '', '2022-04-11'),
(80, 10, '<em><strong>Bacalah penggalan teks berikut!</strong></em><br />\r\n<p>\"Paman Husen seharusnya kamu hubungi!\" ibu mengusulkan dengan raut wajah penuh harap. \"Dia pasti mau membantu. Uang itu bukannya untuk dipakai liburan.\"</p>\r\n<p>&ldquo;Memang, Bu. Beliau akan membantu. Tetapi kita pun harus mempertimbangkan keadaan keluarganya saat ini. Dua tahun lalu Paman Idris dan istrinya naik haji dibantu Paman Husen. Sekarang, anak-anak Paman Husen sudah besar-besar. Mereka memerlukan biaya tak sedikit. Sanak saudara kita yang miskin pun beliau yang menanggung.&rdquo;<br />&ldquo;Pokoknya ....,&rdquo; kata ibu dengan suara tinggi.</p>\r\n<p>Kalimat itu tidak berlanjut.</p>\r\n<br />Dikutip dari: N. Marewo, &ldquo;Ingin Naik Haji&rdquo; dalam Lalat-Lalat dan Burung-Burung Bangkai, Yogyakarta, Jendela, 2004.', '', '', '', '2022-04-11'),
(81, 9, '<em><strong>Pilihlah jawaban yang paling benar!</strong></em>', '', '', '', '2022-04-12'),
(82, 9, '<em><strong>Berilah tanda centang (&radic;) pada kolom Setuju dan Tidak Setuju!</strong></em>', '', '', '', '2022-04-12'),
(83, 9, '<em><strong>Pilihlah jawaban yang paling benar!</strong></em>', '', '', '', '2022-04-12'),
(84, 9, '<em><strong>Berikanlah tanda centang (&radic;) pada kolom Benar atau Salah!</strong></em>', '', '', '', '2022-04-12'),
(85, 9, '<em><strong>Pilihlah jawaban yang paling benar!</strong></em>', '', '', '', '2022-04-12'),
(86, 9, '<strong><em>Pilihlah salah jawaban yang paling benar!</em><br /></strong><br />Masa Orde baru pemerintah melakukan penggabungan (fusi) partai-partai politik, partai yang tergabung adalah <br />1. NU, PSII, Parmusi, dan Perti menjadi PPP<br />2. PNI, Partai Katolik, Partai Murba, IPKI, dan Parkindo menjadi PDI<br /> 3. Golkar', '', '', '', '2022-04-12'),
(87, 9, '<em><strong>Pilihlah jawaban yang paling benar!</strong></em>', '', '', '', '2022-04-12'),
(88, 6, '<em><strong>Pilihlah salah satu jawaban yang paling benar!</strong></em>', '', '', '', '2022-04-13'),
(89, 6, '<strong><em>Pilihlah salah satu jawaban yang paling benar!</em></strong>', '', '', '', '2022-04-13'),
(90, 7, '<em><strong>Pilih jawaban yang paling benar!</strong></em>', '', '', '', '2022-04-13'),
(91, 7, '<em><strong>Pilihlah jawaban yang paling benar!</strong></em>', '', '', '', '2022-04-14'),
(92, 7, '<em><strong></strong><strong>Pilihlah jawaban yang paling benar!</strong></em>', '', '', '', '2022-04-14'),
(93, 8, '<em><strong>Pilihlah jawaban yang paling benar!</strong></em>', '', '', '', '2022-04-14');

-- --------------------------------------------------------

--
-- Table structure for table `tbtes`
--

CREATE TABLE `tbtes` (
  `idtes` int(11) NOT NULL,
  `aktes` varchar(10) NOT NULL,
  `nmtes` varchar(50) NOT NULL
) ENGINE=InnoDB DEFAULT CHARSET=utf8;

--
-- Dumping data for table `tbtes`
--

INSERT INTO `tbtes` (`idtes`, `aktes`, `nmtes`) VALUES
(1, 'PH', 'Penilaian Harian'),
(2, 'PTS', 'Penilaian Tengah Semester'),
(3, 'PAS', 'Penilaian Akhir Semester'),
(4, 'PAT', 'Penilain Akhir Tahun'),
(5, 'UAS', 'Ujian Akhir Semester'),
(6, 'SAKM', 'Simulasi Asesmen Kompetensi Minimum'),
(7, 'UASBN', 'Ujian Akhir Sekolah Berstandar Nasional');

-- --------------------------------------------------------

--
-- Table structure for table `tbthpel`
--

CREATE TABLE `tbthpel` (
  `idthpel` int(11) NOT NULL,
  `nmthpel` char(5) NOT NULL,
  `desthpel` varchar(50) NOT NULL DEFAULT '0',
  `awal` varchar(50) DEFAULT NULL,
  `aktif` enum('1','0') DEFAULT NULL
) ENGINE=InnoDB DEFAULT CHARSET=utf8;

--
-- Dumping data for table `tbthpel`
--

INSERT INTO `tbthpel` (`idthpel`, `nmthpel`, `desthpel`, `awal`, `aktif`) VALUES
(1, '20212', '2021/2022-Genap', '2022-01-01', '1');

-- --------------------------------------------------------

--
-- Table structure for table `tbtoken`
--

CREATE TABLE `tbtoken` (
  `idtoken` int(11) NOT NULL,
  `idjadwal` int(11) NOT NULL,
  `idsesi` int(11) NOT NULL,
  `jamrilis` time NOT NULL,
  `token` char(6) NOT NULL,
  `status` enum('0','1') NOT NULL,
  `tampil` enum('0','1') NOT NULL DEFAULT '0'
) ENGINE=InnoDB DEFAULT CHARSET=utf8;

-- --------------------------------------------------------

--
-- Table structure for table `tbujian`
--

CREATE TABLE `tbujian` (
  `idujian` int(11) NOT NULL,
  `nmujian` varchar(10) NOT NULL,
  `idtes` int(11) NOT NULL,
  `idthpel` int(11) NOT NULL,
  `status` enum('1','0') NOT NULL
) ENGINE=InnoDB DEFAULT CHARSET=utf8;

--
-- Dumping data for table `tbujian`
--

INSERT INTO `tbujian` (`idujian`, `nmujian`, `idtes`, `idthpel`, `status`) VALUES
(1, 'PH20212', 1, 1, '0'),
(2, 'PTS20212', 2, 1, '0'),
(3, 'UAS20212', 5, 1, '1');

-- --------------------------------------------------------

--
-- Table structure for table `tbuser`
--

CREATE TABLE `tbuser` (
  `username` char(20) NOT NULL,
  `namatmp` varchar(250) NOT NULL,
  `level` enum('1','2','3') NOT NULL,
  `passwd` varchar(255) NOT NULL,
  `aktif` enum('0','1') NOT NULL,
  `xlog` datetime DEFAULT NULL
) ENGINE=InnoDB DEFAULT CHARSET=utf8;

--
-- Dumping data for table `tbuser`
--

INSERT INTO `tbuser` (`username`, `namatmp`, `level`, `passwd`, `aktif`, `xlog`) VALUES
('Admin', 'Administrator', '1', '$2y$10$oC/SILjsj7U1lDEVH1ySHe/mSRHfbtSVcVFDBJh0si0jJoxiU.BaC', '1', NULL),
('G1004003600018', 'Muhamad, S.Pt', '2', '$2y$10$1jkjoV8xm2HIpaRgmZjAluXVWMpz5vClOK2SRZ/fnWwfU9ouBVZgG', '1', NULL),
('G1004003600027', 'Ali Mudhofir, S.Ag.', '2', '$2y$10$WUY6SGq3AxXv0WI/93x9Wu2Vh8iU8yhKqV3G1SQqkENbeobzSTV6i', '1', NULL),
('G1004003600036', 'Hot Ranjo Siburian, S.Pd.', '2', '$2y$10$eo7/k/dOjVZsQKCxGCsn..cFbvSOyleH1f7t.LALopyTdT2uKl0lm', '1', NULL),
('G1004003600045', 'Rina Effrina, S.Pd.', '2', '$2y$10$FBFci8uqQXiuuP4g6Hxga.a9VPJpqpGPy6QtXbfUT/vJcd0ejaBtu', '1', NULL),
('G1004003600054', 'Jubaidah Nurhasanah, S.Pt.', '2', '$2y$10$j5Z3zQF6NkWRV423fiamP.Rp9kGFy3Wb1gahSzhKHCIvo5skrt/HC', '1', NULL),
('G1004003600063', 'Umi Munzidah, S.Pd.I', '2', '$2y$10$BJSLf.dp5cncVVVroIiQnOYAfi/eYVugajri3AGFWx5euLwLfXBLm', '1', NULL),
('G1004003600072', 'Triyadi Susanto, S.Pd.', '2', '$2y$10$omB.FvQbEvuVTllfmQB6TeX.zYhr2Vjg7udalE5CivwV6AFX7hLBi', '1', NULL),
('G1004003600089', 'Ida Susanti, S.Pd.', '2', '$2y$10$CyxWs.f7bIv9/.E8ajbj3OH0SZfWK8yc4TeWW.bI1g3DWpVR116l2', '1', NULL),
('G1004003600098', 'Leni Eflin Juniwati, S.Pd.', '2', '$2y$10$9qp7D9VN5PQabc/YhPk/tOkkWcyoqQKyVZV6ytROP1UtCYaUsiR/C', '1', NULL),
('G1004003600107', 'Sriulina Siahaan, S.Pd.I', '2', '$2y$10$TRPYDEk7XdybWh45Hy3bW.GHbXfZS4HCLBgeoimi51fnxpLPT68Ym', '1', NULL),
('G1004003600116', 'Andri Setiawan, S.Pd.', '2', '$2y$10$fOU8nBnjy24gw1WAaC8pWe0FeugIGAHjzMbP6TxrGScG5jCloxLiC', '1', NULL),
('G1004003600125', 'Iskandar Dinata, S.Pd.', '2', '$2y$10$cjv8U8DdKh1l2gtpbC01N.buNbpU9qU5zGKoqx7RNHJQZ7GzJTCsO', '1', NULL),
('G1004003600134', 'Teguh Pribadi, S.Pd', '2', '$2y$10$fIPdFnz4E/1j34.ZfCTp6uRGn2QAmcb/NqAh3JfTpQTNIRJv.cvGu', '1', NULL),
('G1004003600152', 'Marhaley Umanatun Isnaini, S.Pd.', '2', '$2y$10$1Mglf9Q5APYOjrDDebJFAuCxFHZOpMvXRZcME8R1d7DAA/Eeqlk1u', '1', NULL),
('G1004003600169', 'Eis Ratna Sari', '2', '$2y$10$F/Kg6ZHJAALwBqM.o2.9buQUn2PcnB8l01B45xQyxkAA3bIb6HQ.e', '1', NULL);

-- --------------------------------------------------------

--
-- Stand-in structure for view `v_ranking`
-- (See below for the actual view)
--
CREATE TABLE `v_ranking` (
`idsiswa` int(11)
,`idrombel` int(11)
,`rata` double(20,3)
);

-- --------------------------------------------------------

--
-- Structure for view `v_ranking`
--
DROP TABLE IF EXISTS `v_ranking`;

CREATE ALGORITHM=UNDEFINED DEFINER=`root`@`localhost` SQL SECURITY DEFINER VIEW `v_ranking`  AS SELECT `n`.`idsiswa` AS `idsiswa`, `rs`.`idrombel` AS `idrombel`, round(avg(`n`.`nilai`),3) AS `rata` FROM ((((`tbnilai` `n` join `tbmapel` `mp` on(`n`.`idmapel` = `mp`.`idmapel`)) join `tbujian` `u` on(`u`.`idujian` = `n`.`idujian`)) join `tbrombelsiswa` `rs` on(`n`.`idsiswa` = `rs`.`idsiswa`)) join `tbrombel` `rb` on(`rs`.`idrombel` = `rb`.`idrombel`)) WHERE `u`.`status` = '1' GROUP BY `n`.`idsiswa`, `n`.`idujian` ;

--
-- Indexes for dumped tables
--

--
-- Indexes for table `tbbanksoal`
--
ALTER TABLE `tbbanksoal`
  ADD PRIMARY KEY (`idbank`),
  ADD KEY `idskul` (`idskul`),
  ADD KEY `idujian` (`idujian`),
  ADD KEY `username` (`idgtk`),
  ADD KEY `idkelas` (`idkelas`),
  ADD KEY `idmapel` (`idmapel`);

--
-- Indexes for table `tbgtk`
--
ALTER TABLE `tbgtk`
  ADD PRIMARY KEY (`idgtk`);

--
-- Indexes for table `tbheaderopsi`
--
ALTER TABLE `tbheaderopsi`
  ADD PRIMARY KEY (`idheader`),
  ADD KEY `idbutir` (`idbutir`);

--
-- Indexes for table `tbjadwal`
--
ALTER TABLE `tbjadwal`
  ADD PRIMARY KEY (`idjadwal`),
  ADD KEY `idujian` (`idujian`);

--
-- Indexes for table `tbjawaban`
--
ALTER TABLE `tbjawaban`
  ADD PRIMARY KEY (`idjwb`),
  ADD KEY `idbutir` (`idbutir`),
  ADD KEY `idset` (`idset`),
  ADD KEY `idsiswa` (`idsiswa`);

--
-- Indexes for table `tbjenjang`
--
ALTER TABLE `tbjenjang`
  ADD PRIMARY KEY (`idjenjang`);

--
-- Indexes for table `tbkelas`
--
ALTER TABLE `tbkelas`
  ADD PRIMARY KEY (`idkelas`),
  ADD KEY `idjenjang` (`idjenjang`);

--
-- Indexes for table `tbkkm`
--
ALTER TABLE `tbkkm`
  ADD PRIMARY KEY (`idkkm`),
  ADD KEY `idthpel` (`idthpel`),
  ADD KEY `idkelas` (`idkelas`),
  ADD KEY `idmapel` (`idmapel`);

--
-- Indexes for table `tbkurikulum`
--
ALTER TABLE `tbkurikulum`
  ADD PRIMARY KEY (`idkur`);

--
-- Indexes for table `tblogpeserta`
--
ALTER TABLE `tblogpeserta`
  ADD PRIMARY KEY (`idlogpst`),
  ADD KEY `tblogpeserta_ibfk_1` (`idjadwal`),
  ADD KEY `idsiswa` (`idsiswa`);

--
-- Indexes for table `tbmapel`
--
ALTER TABLE `tbmapel`
  ADD PRIMARY KEY (`idmapel`),
  ADD KEY `idkur` (`idkur`);

--
-- Indexes for table `tbmatching`
--
ALTER TABLE `tbmatching`
  ADD PRIMARY KEY (`idmatch`),
  ADD KEY `idpeserta` (`idsiswa`),
  ADD KEY `idbutir` (`idbutir`),
  ADD KEY `idopsi` (`idopsi`);

--
-- Indexes for table `tbnilai`
--
ALTER TABLE `tbnilai`
  ADD PRIMARY KEY (`idnilai`),
  ADD KEY `idsiswa` (`idsiswa`),
  ADD KEY `idujian` (`idujian`),
  ADD KEY `idmapel` (`idmapel`);

--
-- Indexes for table `tbopsi`
--
ALTER TABLE `tbopsi`
  ADD PRIMARY KEY (`idopsi`),
  ADD KEY `XNomerSoal` (`idbutir`);

--
-- Indexes for table `tbpengampu`
--
ALTER TABLE `tbpengampu`
  ADD PRIMARY KEY (`idampu`),
  ADD KEY `idmapel` (`idmapel`),
  ADD KEY `username` (`idgtk`);

--
-- Indexes for table `tbpeserta`
--
ALTER TABLE `tbpeserta`
  ADD PRIMARY KEY (`idsiswa`),
  ADD KEY `idskul` (`idskul`);

--
-- Indexes for table `tbprov`
--
ALTER TABLE `tbprov`
  ADD PRIMARY KEY (`idprov`);

--
-- Indexes for table `tbrayon`
--
ALTER TABLE `tbrayon`
  ADD PRIMARY KEY (`idrayon`),
  ADD KEY `idprov` (`idprov`);

--
-- Indexes for table `tbrombel`
--
ALTER TABLE `tbrombel`
  ADD PRIMARY KEY (`idrombel`),
  ADD KEY `idkelas` (`idkelas`),
  ADD KEY `idthpel` (`idthpel`),
  ADD KEY `idkur` (`idkur`),
  ADD KEY `username` (`idgtk`);

--
-- Indexes for table `tbrombelsiswa`
--
ALTER TABLE `tbrombelsiswa`
  ADD PRIMARY KEY (`idanggota`),
  ADD KEY `idrombel` (`idrombel`),
  ADD KEY `idsiswa` (`idsiswa`);

--
-- Indexes for table `tbruang`
--
ALTER TABLE `tbruang`
  ADD PRIMARY KEY (`idruang`) USING BTREE;

--
-- Indexes for table `tbsesi`
--
ALTER TABLE `tbsesi`
  ADD PRIMARY KEY (`idsesi`);

--
-- Indexes for table `tbsesiujian`
--
ALTER TABLE `tbsesiujian`
  ADD PRIMARY KEY (`idsesujian`),
  ADD KEY `idjadwal` (`idjadwal`),
  ADD KEY `idsesi` (`idsesi`),
  ADD KEY `idsiswa` (`idsiswa`);

--
-- Indexes for table `tbsetingujian`
--
ALTER TABLE `tbsetingujian`
  ADD PRIMARY KEY (`idset`),
  ADD KEY `idjadwal` (`idjadwal`),
  ADD KEY `idrombel` (`idrombel`),
  ADD KEY `idbank` (`idbank`);

--
-- Indexes for table `tbsetrapor`
--
ALTER TABLE `tbsetrapor`
  ADD PRIMARY KEY (`idsetrapor`);

--
-- Indexes for table `tbskul`
--
ALTER TABLE `tbskul`
  ADD PRIMARY KEY (`idskul`),
  ADD KEY `idrayon` (`idrayon`),
  ADD KEY `idjenjang` (`idjenjang`);

--
-- Indexes for table `tbsoal`
--
ALTER TABLE `tbsoal`
  ADD PRIMARY KEY (`idbutir`),
  ADD KEY `idbank` (`idstimulus`);

--
-- Indexes for table `tbstimulus`
--
ALTER TABLE `tbstimulus`
  ADD PRIMARY KEY (`idstimulus`);

--
-- Indexes for table `tbtes`
--
ALTER TABLE `tbtes`
  ADD PRIMARY KEY (`idtes`);

--
-- Indexes for table `tbthpel`
--
ALTER TABLE `tbthpel`
  ADD PRIMARY KEY (`idthpel`);

--
-- Indexes for table `tbtoken`
--
ALTER TABLE `tbtoken`
  ADD PRIMARY KEY (`idtoken`),
  ADD KEY `idjadwal` (`idjadwal`),
  ADD KEY `idsesi` (`idsesi`);

--
-- Indexes for table `tbujian`
--
ALTER TABLE `tbujian`
  ADD PRIMARY KEY (`idujian`),
  ADD KEY `idtes` (`idtes`),
  ADD KEY `idthpel` (`idthpel`);

--
-- Indexes for table `tbuser`
--
ALTER TABLE `tbuser`
  ADD PRIMARY KEY (`username`);

--
-- AUTO_INCREMENT for dumped tables
--

--
-- AUTO_INCREMENT for table `tbbanksoal`
--
ALTER TABLE `tbbanksoal`
  MODIFY `idbank` int(11) NOT NULL AUTO_INCREMENT, AUTO_INCREMENT=11;

--
-- AUTO_INCREMENT for table `tbgtk`
--
ALTER TABLE `tbgtk`
  MODIFY `idgtk` int(11) NOT NULL AUTO_INCREMENT, AUTO_INCREMENT=19;

--
-- AUTO_INCREMENT for table `tbheaderopsi`
--
ALTER TABLE `tbheaderopsi`
  MODIFY `idheader` int(11) NOT NULL AUTO_INCREMENT;

--
-- AUTO_INCREMENT for table `tbjadwal`
--
ALTER TABLE `tbjadwal`
  MODIFY `idjadwal` int(11) NOT NULL AUTO_INCREMENT, AUTO_INCREMENT=22;

--
-- AUTO_INCREMENT for table `tbjawaban`
--
ALTER TABLE `tbjawaban`
  MODIFY `idjwb` int(11) NOT NULL AUTO_INCREMENT;

--
-- AUTO_INCREMENT for table `tbjenjang`
--
ALTER TABLE `tbjenjang`
  MODIFY `idjenjang` int(11) NOT NULL AUTO_INCREMENT, AUTO_INCREMENT=5;

--
-- AUTO_INCREMENT for table `tbkelas`
--
ALTER TABLE `tbkelas`
  MODIFY `idkelas` int(11) NOT NULL AUTO_INCREMENT, AUTO_INCREMENT=16;

--
-- AUTO_INCREMENT for table `tbkkm`
--
ALTER TABLE `tbkkm`
  MODIFY `idkkm` int(11) NOT NULL AUTO_INCREMENT, AUTO_INCREMENT=31;

--
-- AUTO_INCREMENT for table `tbkurikulum`
--
ALTER TABLE `tbkurikulum`
  MODIFY `idkur` int(11) NOT NULL AUTO_INCREMENT, AUTO_INCREMENT=3;

--
-- AUTO_INCREMENT for table `tblogpeserta`
--
ALTER TABLE `tblogpeserta`
  MODIFY `idlogpst` int(11) NOT NULL AUTO_INCREMENT, AUTO_INCREMENT=8;

--
-- AUTO_INCREMENT for table `tbmapel`
--
ALTER TABLE `tbmapel`
  MODIFY `idmapel` int(11) NOT NULL AUTO_INCREMENT, AUTO_INCREMENT=11;

--
-- AUTO_INCREMENT for table `tbmatching`
--
ALTER TABLE `tbmatching`
  MODIFY `idmatch` int(11) NOT NULL AUTO_INCREMENT, AUTO_INCREMENT=24;

--
-- AUTO_INCREMENT for table `tbnilai`
--
ALTER TABLE `tbnilai`
  MODIFY `idnilai` int(11) NOT NULL AUTO_INCREMENT, AUTO_INCREMENT=2288;

--
-- AUTO_INCREMENT for table `tbopsi`
--
ALTER TABLE `tbopsi`
  MODIFY `idopsi` int(11) NOT NULL AUTO_INCREMENT, AUTO_INCREMENT=1565;

--
-- AUTO_INCREMENT for table `tbpengampu`
--
ALTER TABLE `tbpengampu`
  MODIFY `idampu` int(11) NOT NULL AUTO_INCREMENT, AUTO_INCREMENT=61;

--
-- AUTO_INCREMENT for table `tbpeserta`
--
ALTER TABLE `tbpeserta`
  MODIFY `idsiswa` int(11) NOT NULL AUTO_INCREMENT, AUTO_INCREMENT=180;

--
-- AUTO_INCREMENT for table `tbrombel`
--
ALTER TABLE `tbrombel`
  MODIFY `idrombel` int(11) NOT NULL AUTO_INCREMENT, AUTO_INCREMENT=7;

--
-- AUTO_INCREMENT for table `tbrombelsiswa`
--
ALTER TABLE `tbrombelsiswa`
  MODIFY `idanggota` int(11) NOT NULL AUTO_INCREMENT, AUTO_INCREMENT=180;

--
-- AUTO_INCREMENT for table `tbruang`
--
ALTER TABLE `tbruang`
  MODIFY `idruang` int(11) NOT NULL AUTO_INCREMENT, AUTO_INCREMENT=7;

--
-- AUTO_INCREMENT for table `tbsesi`
--
ALTER TABLE `tbsesi`
  MODIFY `idsesi` int(11) NOT NULL AUTO_INCREMENT;

--
-- AUTO_INCREMENT for table `tbsesiujian`
--
ALTER TABLE `tbsesiujian`
  MODIFY `idsesujian` int(11) NOT NULL AUTO_INCREMENT, AUTO_INCREMENT=3101;

--
-- AUTO_INCREMENT for table `tbsetingujian`
--
ALTER TABLE `tbsetingujian`
  MODIFY `idset` int(11) NOT NULL AUTO_INCREMENT;

--
-- AUTO_INCREMENT for table `tbsetrapor`
--
ALTER TABLE `tbsetrapor`
  MODIFY `idsetrapor` int(11) NOT NULL AUTO_INCREMENT, AUTO_INCREMENT=2;

--
-- AUTO_INCREMENT for table `tbskul`
--
ALTER TABLE `tbskul`
  MODIFY `idskul` int(11) NOT NULL AUTO_INCREMENT, AUTO_INCREMENT=2;

--
-- AUTO_INCREMENT for table `tbsoal`
--
ALTER TABLE `tbsoal`
  MODIFY `idbutir` int(11) NOT NULL AUTO_INCREMENT, AUTO_INCREMENT=387;

--
-- AUTO_INCREMENT for table `tbstimulus`
--
ALTER TABLE `tbstimulus`
  MODIFY `idstimulus` int(11) NOT NULL AUTO_INCREMENT, AUTO_INCREMENT=94;

--
-- AUTO_INCREMENT for table `tbtes`
--
ALTER TABLE `tbtes`
  MODIFY `idtes` int(11) NOT NULL AUTO_INCREMENT, AUTO_INCREMENT=8;

--
-- AUTO_INCREMENT for table `tbthpel`
--
ALTER TABLE `tbthpel`
  MODIFY `idthpel` int(11) NOT NULL AUTO_INCREMENT, AUTO_INCREMENT=2;

--
-- AUTO_INCREMENT for table `tbtoken`
--
ALTER TABLE `tbtoken`
  MODIFY `idtoken` int(11) NOT NULL AUTO_INCREMENT;

--
-- AUTO_INCREMENT for table `tbujian`
--
ALTER TABLE `tbujian`
  MODIFY `idujian` int(11) NOT NULL AUTO_INCREMENT, AUTO_INCREMENT=4;

--
-- Constraints for dumped tables
--

--
-- Constraints for table `tbbanksoal`
--
ALTER TABLE `tbbanksoal`
  ADD CONSTRAINT `tbbanksoal_ibfk_1` FOREIGN KEY (`idkelas`) REFERENCES `tbkelas` (`idkelas`) ON UPDATE CASCADE,
  ADD CONSTRAINT `tbbanksoal_ibfk_2` FOREIGN KEY (`idmapel`) REFERENCES `tbmapel` (`idmapel`),
  ADD CONSTRAINT `tbbanksoal_ibfk_3` FOREIGN KEY (`idujian`) REFERENCES `tbujian` (`idujian`),
  ADD CONSTRAINT `tbbanksoal_ibfk_4` FOREIGN KEY (`idskul`) REFERENCES `tbskul` (`idskul`);

--
-- Constraints for table `tbheaderopsi`
--
ALTER TABLE `tbheaderopsi`
  ADD CONSTRAINT `tbheaderopsi_ibfk_1` FOREIGN KEY (`idbutir`) REFERENCES `tbsoal` (`idbutir`) ON DELETE CASCADE ON UPDATE CASCADE;

--
-- Constraints for table `tbjadwal`
--
ALTER TABLE `tbjadwal`
  ADD CONSTRAINT `tbjadwal_ibfk_1` FOREIGN KEY (`idujian`) REFERENCES `tbujian` (`idujian`) ON DELETE CASCADE ON UPDATE CASCADE;

--
-- Constraints for table `tbjawaban`
--
ALTER TABLE `tbjawaban`
  ADD CONSTRAINT `tbjawaban_ibfk_1` FOREIGN KEY (`idsiswa`) REFERENCES `tbpeserta` (`idsiswa`) ON DELETE CASCADE ON UPDATE CASCADE,
  ADD CONSTRAINT `tbjawaban_ibfk_2` FOREIGN KEY (`idbutir`) REFERENCES `tbsoal` (`idbutir`) ON DELETE CASCADE ON UPDATE CASCADE;

--
-- Constraints for table `tbkelas`
--
ALTER TABLE `tbkelas`
  ADD CONSTRAINT `tbkelas_ibfk_1` FOREIGN KEY (`idjenjang`) REFERENCES `tbjenjang` (`idjenjang`) ON UPDATE CASCADE;

--
-- Constraints for table `tbkkm`
--
ALTER TABLE `tbkkm`
  ADD CONSTRAINT `tbkkm_ibfk_1` FOREIGN KEY (`idkelas`) REFERENCES `tbkelas` (`idkelas`),
  ADD CONSTRAINT `tbkkm_ibfk_2` FOREIGN KEY (`idmapel`) REFERENCES `tbmapel` (`idmapel`),
  ADD CONSTRAINT `tbkkm_ibfk_3` FOREIGN KEY (`idthpel`) REFERENCES `tbthpel` (`idthpel`);

--
-- Constraints for table `tblogpeserta`
--
ALTER TABLE `tblogpeserta`
  ADD CONSTRAINT `tblogpeserta_ibfk_1` FOREIGN KEY (`idjadwal`) REFERENCES `tbjadwal` (`idjadwal`) ON DELETE CASCADE ON UPDATE CASCADE,
  ADD CONSTRAINT `tblogpeserta_ibfk_2` FOREIGN KEY (`idsiswa`) REFERENCES `tbpeserta` (`idsiswa`) ON DELETE CASCADE ON UPDATE CASCADE;

--
-- Constraints for table `tbmapel`
--
ALTER TABLE `tbmapel`
  ADD CONSTRAINT `tbmapel_ibfk_1` FOREIGN KEY (`idkur`) REFERENCES `tbkurikulum` (`idkur`) ON DELETE CASCADE ON UPDATE CASCADE;

--
-- Constraints for table `tbmatching`
--
ALTER TABLE `tbmatching`
  ADD CONSTRAINT `tbmatching_ibfk_1` FOREIGN KEY (`idbutir`) REFERENCES `tbsoal` (`idbutir`) ON DELETE CASCADE ON UPDATE CASCADE,
  ADD CONSTRAINT `tbmatching_ibfk_2` FOREIGN KEY (`idopsi`) REFERENCES `tbopsi` (`idopsi`) ON DELETE CASCADE ON UPDATE CASCADE,
  ADD CONSTRAINT `tbmatching_ibfk_3` FOREIGN KEY (`idsiswa`) REFERENCES `tbpeserta` (`idsiswa`) ON DELETE CASCADE ON UPDATE CASCADE;

--
-- Constraints for table `tbnilai`
--
ALTER TABLE `tbnilai`
  ADD CONSTRAINT `tbnilai_ibfk_2` FOREIGN KEY (`idsiswa`) REFERENCES `tbpeserta` (`idsiswa`) ON DELETE CASCADE ON UPDATE CASCADE,
  ADD CONSTRAINT `tbnilai_ibfk_3` FOREIGN KEY (`idujian`) REFERENCES `tbujian` (`idujian`) ON DELETE CASCADE ON UPDATE CASCADE,
  ADD CONSTRAINT `tbnilai_ibfk_4` FOREIGN KEY (`idmapel`) REFERENCES `tbmapel` (`idmapel`) ON DELETE CASCADE ON UPDATE CASCADE;

--
-- Constraints for table `tbopsi`
--
ALTER TABLE `tbopsi`
  ADD CONSTRAINT `tbopsi_ibfk_1` FOREIGN KEY (`idbutir`) REFERENCES `tbsoal` (`idbutir`) ON DELETE CASCADE ON UPDATE CASCADE;

--
-- Constraints for table `tbrombelsiswa`
--
ALTER TABLE `tbrombelsiswa`
  ADD CONSTRAINT `tbrombelsiswa_ibfk_1` FOREIGN KEY (`idrombel`) REFERENCES `tbrombel` (`idrombel`) ON DELETE CASCADE ON UPDATE CASCADE,
  ADD CONSTRAINT `tbrombelsiswa_ibfk_2` FOREIGN KEY (`idsiswa`) REFERENCES `tbpeserta` (`idsiswa`) ON DELETE CASCADE ON UPDATE CASCADE;

--
-- Constraints for table `tbsesiujian`
--
ALTER TABLE `tbsesiujian`
  ADD CONSTRAINT `tbsesiujian_ibfk_1` FOREIGN KEY (`idjadwal`) REFERENCES `tbjadwal` (`idjadwal`) ON DELETE CASCADE ON UPDATE CASCADE,
  ADD CONSTRAINT `tbsesiujian_ibfk_2` FOREIGN KEY (`idsiswa`) REFERENCES `tbpeserta` (`idsiswa`) ON DELETE CASCADE ON UPDATE CASCADE;

--
-- Constraints for table `tbsetingujian`
--
ALTER TABLE `tbsetingujian`
  ADD CONSTRAINT `tbsetingujian_ibfk_1` FOREIGN KEY (`idbank`) REFERENCES `tbbanksoal` (`idbank`) ON DELETE CASCADE ON UPDATE CASCADE,
  ADD CONSTRAINT `tbsetingujian_ibfk_3` FOREIGN KEY (`idjadwal`) REFERENCES `tbjadwal` (`idjadwal`) ON DELETE CASCADE ON UPDATE CASCADE,
  ADD CONSTRAINT `tbsetingujian_ibfk_4` FOREIGN KEY (`idrombel`) REFERENCES `tbrombel` (`idrombel`) ON DELETE CASCADE ON UPDATE CASCADE;

--
-- Constraints for table `tbsoal`
--
ALTER TABLE `tbsoal`
  ADD CONSTRAINT `tbsoal_ibfk_1` FOREIGN KEY (`idstimulus`) REFERENCES `tbstimulus` (`idstimulus`) ON DELETE CASCADE ON UPDATE CASCADE;

--
-- Constraints for table `tbtoken`
--
ALTER TABLE `tbtoken`
  ADD CONSTRAINT `tbtoken_ibfk_1` FOREIGN KEY (`idjadwal`) REFERENCES `tbjadwal` (`idjadwal`) ON DELETE CASCADE ON UPDATE CASCADE,
  ADD CONSTRAINT `tbtoken_ibfk_2` FOREIGN KEY (`idsesi`) REFERENCES `tbsesiujian` (`idsesi`) ON DELETE CASCADE ON UPDATE CASCADE;
COMMIT;

/*!40101 SET CHARACTER_SET_CLIENT=@OLD_CHARACTER_SET_CLIENT */;
/*!40101 SET CHARACTER_SET_RESULTS=@OLD_CHARACTER_SET_RESULTS */;
/*!40101 SET COLLATION_CONNECTION=@OLD_COLLATION_CONNECTION */;
